customer_key,customer_name,customer_segment,customer_ids,n_customer_ids,first_order_date,last_order_date,markets,primary_country,n_orders,n_lines,revenue,profit,signup_date_observed
AARON_BERGMAN,Aaron Bergman,Consumer,AB-10015|AB-15,2,2011-02-19,2014-12-15,APAC|Africa|EMEA|EU|LATAM|US,Australia,37,89,24644.6275,4683.208,2011-02-19
AARON_HAWKINS,Aaron Hawkins,Corporate,AH-10030|AH-30,2,2011-04-22,2014-12-19,APAC|Africa|EMEA|EU|LATAM|US,United States,34,56,20759.51384,2450.92904,2011-04-22
AARON_SMAYLING,Aaron Smayling,Corporate,AS-10045|AS-45,2,2011-03-21,2014-12-08,APAC|Africa|EMEA|EU|LATAM|US,United States,31,60,14212.6284,369.1617999999998,2011-03-21
ADAM_BELLAVANCE,Adam Bellavance,Home Office,AB-10060|AB-60,2,2011-01-07,2014-11-26,APAC|Africa|EMEA|EU|LATAM|US,United States,41,68,20186.7784,4979.9769,2011-01-07
ADAM_HART,Adam Hart,Corporate,AH-10075|AH-75,2,2011-06-10,2014-12-29,APAC|Africa|Canada|EMEA|EU|LATAM|US,United States,42,84,21718.201419999998,1902.0334199999998,2011-06-10
ADAM_SHILLINGSBURG,Adam Shillingsburg,Consumer,AS-10090|AS-90,2,2011-04-06,2014-12-16,APAC|Africa|EU|LATAM|US,United States,36,71,15444.676720000001,1421.2741199999998,2011-04-06
ADRIAN_BARTON,Adrian Barton,Consumer,AB-10105|AB-105,2,2011-05-18,2014-12-04,APAC|Africa|Canada|EMEA|EU|LATAM|US,United States,40,77,25123.18,6417.2845,2011-05-18
ADRIAN_HANE,Adrian Hane,Home Office,AH-10120|AH-120,2,2011-07-18,2014-12-10,APAC|Africa|EMEA|EU|LATAM|US,United States,26,54,11405.917879999999,2081.37928,2011-07-18
ADRIAN_SHAMI,Adrian Shami,Home Office,AS-10135|AS-135,2,2011-11-17,2014-11-20,APAC|Canada|EMEA|EU|LATAM|US,China,24,44,11286.0542,1564.4938,2011-11-17
AIMEE_BIXBY,Aimee Bixby,Consumer,AB-10150|AB-150,2,2011-01-25,2014-11-26,APAC|EMEA|EU|LATAM|US,United States,28,55,16201.1746,2926.3543,2011-01-25
ALAN_BARNES,Alan Barnes,Consumer,AB-10165|AB-165,2,2011-02-18,2014-12-18,APAC|Africa|Canada|EMEA|EU|LATAM|US,United States,35,60,13049.041000000001,2436.066,2011-02-18
ALAN_DOMINGUEZ,Alan Dominguez,Home Office,AD-10180|AD-180,2,2011-08-16,2014-12-26,APAC|Africa|EMEA|EU|LATAM|US,United States,30,55,18539.7928,1539.9922,2011-08-16
ALAN_HAINES,Alan Haines,Corporate,AH-10195|AH-195,2,2011-01-17,2014-11-12,APAC|Africa|Canada|EMEA|EU|LATAM|US,Italy,34,77,15279.75678,-592.2461199999997,2011-01-17
ALAN_HWANG,Alan Hwang,Consumer,AH-10210|AH-210,2,2011-08-13,2014-12-25,APAC|Africa|EMEA|EU|LATAM|US,United States,38,74,23642.85018,4342.37078,2011-08-13
ALAN_SCHOENBERGER,Alan Schoenberger,Corporate,AS-10225|AS-225,2,2011-05-18,2014-12-29,APAC|Africa|Canada|EMEA|EU|LATAM|US,United States,35,73,21836.4137,2503.6348,2011-05-18
ALAN_SHONELY,Alan Shonely,Consumer,AS-10240|AS-240,2,2011-01-26,2014-12-19,APAC|Canada|EMEA|EU|LATAM|US,France,36,63,10693.17636,1175.45416,2011-01-26
ALEJANDRO_BALLENTINE,Alejandro Ballentine,Home Office,AB-10255|AB-255,2,2011-01-20,2014-12-26,APAC|Africa|Canada|EMEA|EU|LATAM|US,United States,39,68,15466.2184,758.6138999999997,2011-01-20
ALEJANDRO_GROVE,Alejandro Grove,Consumer,AG-10270|AG-270,2,2011-01-09,2014-12-18,APAC|Africa|Canada|EMEA|EU|LATAM|US,United States,33,67,13417.21022,2602.57212,2011-01-09
ALEJANDRO_SAVELY,Alejandro Savely,Corporate,AS-10285|AS-285,2,2011-03-21,2014-12-13,APAC|Africa|EMEA|EU|LATAM|US,India,43,77,21118.32446,2533.56606,2011-03-21
ALEKSANDRA_GANNAWAY,Aleksandra Gannaway,Corporate,AG-10300|AG-300,2,2011-01-19,2014-12-29,APAC|Africa|EMEA|EU|LATAM|US,France,30,58,14717.1862,773.1466000000001,2011-01-19
ALEX_AVILA,Alex Avila,Consumer,AA-10315|AA-315,2,2011-03-31,2014-12-29,APAC|Africa|EMEA|EU|LATAM|US,United Kingdom,26,50,15990.669,983.2564999999997,2011-03-31
ALEX_GRAYSON,Alex Grayson,Consumer,AG-10330|AG-330,2,2011-07-20,2014-12-29,APAC|Africa|EMEA|EU|LATAM|US,United States,36,77,15067.051179999999,1006.97208,2011-07-20
ALEX_RUSSELL,Alex Russell,Corporate,AR-10345|AR-345,2,2011-03-30,2014-12-02,APAC|Africa|EMEA|EU|LATAM|US,Australia,35,64,16466.868199999997,2290.6598,2011-03-30
ALICE_MCCARTHY,Alice McCarthy,Corporate,AM-10360|AM-360,2,2011-02-21,2014-12-16,APAC|Africa|EMEA|EU|LATAM|US,United States,39,77,18766.156600000002,2977.8523999999998,2011-02-21
ALLEN_ARMOLD,Allen Armold,Consumer,AA-10375|AA-375,2,2011-04-21,2014-12-25,APAC|Africa|Canada|EMEA|EU|LATAM|US,United States,31,55,6538.687,754.9194,2011-04-21
ALLEN_GOLDENEN,Allen Goldenen,Consumer,AG-10390|AG-390,2,2011-04-19,2014-09-10,APAC|Africa|EMEA|EU|LATAM|US,United States,23,53,8926.1216,447.26500000000004,2011-04-19
ALLEN_ROSENBLATT,Allen Rosenblatt,Corporate,AR-10405|AR-405,2,2011-01-26,2014-11-07,APAC|Africa|EMEA|EU|LATAM|US,Mexico,28,50,9527.93078,-552.2818199999999,2011-01-26
ALYSSA_CROUSE,Alyssa Crouse,Corporate,AC-10420|AC-420,2,2011-01-07,2014-12-25,APAC|Africa|EMEA|EU|LATAM|US,Algeria,33,61,12297.3697,444.03550000000007,2011-01-07
ALYSSA_TATE,Alyssa Tate,Home Office,AT-10435|AT-435,2,2011-06-02,2014-12-19,APAC|Africa|EMEA|EU|LATAM|US,Indonesia,36,65,14942.298499999999,2795.5313,2011-06-02
AMY_COX,Amy Cox,Consumer,AC-10450|AC-450,2,2011-08-08,2014-12-26,APAC|Africa|Canada|EMEA|EU|LATAM|US,United States,26,39,17152.9874,3980.4112,2011-08-08
AMY_HUNT,Amy Hunt,Consumer,AH-10465|AH-465,2,2011-04-06,2014-10-22,APAC|Africa|EMEA|EU|LATAM|US,United States,24,39,9198.65668,718.3349799999997,2011-04-06
ANDREW_ALLEN,Andrew Allen,Consumer,AA-10480|AA-480,2,2011-05-04,2014-08-28,APAC|Africa|Canada|EMEA|EU|LATAM|US,United States,25,48,19759.08278,2071.0881799999997,2011-05-04
ANDREW_GJERTSEN,Andrew Gjertsen,Corporate,AG-10495|AG-495,2,2011-02-22,2014-11-13,APAC|Africa|Canada|EMEA|EU|LATAM|US,United States,40,78,16384.30206,2642.21386,2011-02-22
ANDREW_ROBERTS,Andrew Roberts,Consumer,AR-10510|AR-510,2,2011-02-21,2014-12-17,APAC|Africa|EMEA|EU|LATAM|US,Australia,39,70,16916.52336,3561.75886,2011-02-21
ANDY_GERBODE,Andy Gerbode,Corporate,AG-10525|AG-525,2,2011-06-23,2014-12-19,APAC|Africa|EMEA|EU|LATAM|US,United States,27,44,11339.639,169.38970000000012,2011-06-23
ANDY_REITER,Andy Reiter,Consumer,AR-10540|AR-540,2,2011-04-28,2014-12-25,APAC|Africa|EMEA|EU|LATAM|US,United States,23,35,8545.5505,3139.0833,2011-04-28
ANDY_YOTOV,Andy Yotov,Corporate,AY-10555|AY-555,2,2011-04-06,2014-12-17,APAC|Africa|EMEA|EU|LATAM|US,United States,27,50,8543.03044,2290.97634,2011-04-06
ANEMONE_RATNER,Anemone Ratner,Consumer,AR-10570|AR-570,2,2011-04-21,2014-12-29,APAC|Africa|EMEA|EU|LATAM|US,Democratic Republic of the Congo,27,50,11489.92732,1994.65032,2011-04-21
ANGELE_HOOD,Angele Hood,Consumer,AH-10585|AH-585,2,2011-06-08,2014-12-10,APAC|Africa|EMEA|EU|LATAM|US,Turkey,31,49,11358.1131,1610.0721,2011-06-08
ANNA_ANDREADI,Anna Andreadi,Consumer,AA-10645|AA-645,2,2011-01-26,2014-12-03,APAC|Africa|EMEA|EU|LATAM|US,United States,47,91,17312.2147,2443.0930000000003,2011-01-26
ANNA_CHUNG,Anna Chung,Consumer,AC-10660|AC-660,2,2011-06-06,2014-12-29,APAC|Africa|EMEA|EU|LATAM|US,Haiti,25,43,8931.70908,-272.1273199999999,2011-06-06
ANNA_GAYMAN,Anna Gayman,Consumer,AG-10675|AG-675,2,2011-03-09,2014-11-14,APAC|Africa|EMEA|EU|LATAM|US,United States,31,77,15391.967,923.0616999999999,2011-03-09
ANNA_H_BERLIN,Anna Häberlin,Corporate,AH-10690|AH-690,2,2011-02-11,2014-12-01,APAC|Africa|EMEA|EU|LATAM|US,United States,36,76,18094.05912,2466.0117199999995,2011-02-11
ANNE_MCFARLAND,Anne McFarland,Consumer,AM-10705|AM-705,2,2011-05-03,2014-12-06,APAC|Africa|Canada|EMEA|EU|LATAM|US,United States,36,79,25522.3345,3238.5851,2011-05-03
ANNE_PRYOR,Anne Pryor,Home Office,AP-10720|AP-720,2,2011-03-03,2014-11-24,APAC|Africa|EMEA|EU|LATAM|US,United States,26,63,16361.7603,2992.7650999999996,2011-03-03
ANNIE_THURMAN,Annie Thurman,Consumer,AT-10735|AT-735,2,2011-01-01,2014-12-29,APAC|Africa|EMEA|EU|LATAM|US,United States,34,55,13387.7549,2659.7779,2011-01-01
ANNIE_ZYPERN,Annie Zypern,Consumer,AZ-10750|AZ-750,2,2011-03-17,2014-12-05,APAC|Africa|Canada|EMEA|EU|LATAM|US,United States,28,68,11871.078,924.3603,2011-03-17
ANN_BLUME,Ann Blume,Corporate,AB-10600|AB-600,2,2011-01-19,2014-12-24,APAC|Africa|EMEA|EU|LATAM|US,Togo,27,64,18727.2131,1870.0106999999998,2011-01-19
ANN_CHONG,Ann Chong,Corporate,AC-10615|AC-615,2,2011-04-30,2014-12-25,APAC|Africa|EMEA|EU|LATAM|US,United States,36,83,15028.15648,880.1277800000001,2011-04-30
ANN_STEELE,Ann Steele,Home Office,AS-10630|AS-630,2,2011-02-04,2014-11-28,APAC|Africa|EMEA|EU|LATAM|US,United States,30,55,11815.9495,2091.0534,2011-02-04
ANTHONY_GARVERICK,Anthony Garverick,Home Office,AG-10765|AG-765,2,2011-01-12,2014-12-03,APAC|Africa|EMEA|EU|LATAM|US,El Salvador,35,58,11684.3115,175.30650000000009,2011-01-12
ANTHONY_JACOBS,Anthony Jacobs,Corporate,AJ-10780|AJ-780,2,2011-01-11,2014-12-30,APAC|Africa|Canada|EMEA|EU|LATAM|US,Nigeria,37,79,17757.0612,1172.2401999999997,2011-01-11
ANTHONY_JOHNSON,Anthony Johnson,Corporate,AJ-10795|AJ-795,2,2011-05-03,2014-11-25,APAC|Africa|EMEA|EU|LATAM|US,United States,32,77,12282.657,2478.5824,2011-05-03
ANTHONY_O_DONNELL,Anthony O'Donnell,Corporate,AO-10810|AO-810,2,2011-08-30,2014-12-24,APAC|Africa|Canada|EMEA|EU|LATAM|US,Australia,32,60,15022.803600000001,1093.0995999999998,2011-08-30
ANTHONY_RAWLES,Anthony Rawles,Corporate,AR-10825|AR-825,2,2011-04-26,2014-12-09,APAC|Africa|EMEA|EU|LATAM|US,United States,45,72,17339.9476,3117.6467999999995,2011-04-26
ANTHONY_WITT,Anthony Witt,Consumer,AW-10840|AW-840,2,2011-02-05,2014-12-15,APAC|EMEA|EU|LATAM|US,Germany,32,78,15147.25552,1216.4120199999998,2011-02-05
ARIANNE_IRVING,Arianne Irving,Consumer,AI-10855|AI-855,2,2011-04-28,2014-12-18,APAC|Africa|EMEA|EU|LATAM|US,United States,26,50,9278.5763,1538.1774,2011-04-28
ARTHUR_GAINER,Arthur Gainer,Consumer,AG-10900|AG-900,2,2011-01-30,2014-12-08,APAC|Africa|EU|LATAM|US,United States,33,75,19873.64176,1733.24716,2011-01-30
ARTHUR_PRICHEP,Arthur Prichep,Consumer,AP-10915|AP-915,2,2011-01-04,2014-10-16,APAC|Africa|EMEA|EU|LATAM|US,United States,37,87,18545.9403,3137.6155999999996,2011-01-04
ARTHUR_WIEDIGER,Arthur Wiediger,Home Office,AW-10930|AW-930,2,2011-01-04,2014-11-26,APAC|Africa|EMEA|EU|LATAM|US,United States,28,49,11013.01356,2680.9669599999997,2011-01-04
ART_FERGUSON,Art Ferguson,Consumer,AF-10870|AF-870,2,2011-03-30,2014-12-26,APAC|Africa|Canada|EMEA|EU|LATAM|US,United States,45,98,28187.340500000002,2278.3037,2011-03-30
ART_FOSTER,Art Foster,Consumer,AF-10885|AF-885,2,2011-03-28,2014-11-08,APAC|Africa|EMEA|EU|LATAM|US,France,37,76,20066.15728,2971.23478,2011-03-28
ASHLEY_JARBOE,Ashley Jarboe,Consumer,AJ-10945|AJ-945,2,2011-03-03,2014-12-03,APAC|Africa|EMEA|EU|LATAM|US,United States,36,56,15947.948,3006.7032,2011-03-03
ASTREA_JONES,Astrea Jones,Consumer,AJ-10960|AJ-960,2,2011-03-03,2014-11-13,APAC|Africa|EMEA|EU|LATAM|US,Cuba,27,60,13262.74948,2531.35798,2011-03-03
BARBARA_FISHER,Barbara Fisher,Corporate,BF-10975|BF-975,2,2011-07-14,2014-12-09,APAC|Africa|EMEA|EU|LATAM|US,United States,30,62,9835.0112,1833.7316,2011-07-14
BARRY_BLUMSTEIN,Barry Blumstein,Corporate,BB-10990|BB-990,2,2011-04-05,2014-12-17,APAC|Africa|EMEA|EU|LATAM|US,United States,37,62,9886.8207,299.4245999999999,2011-04-05
BARRY_FRANZ,Barry Franz,Home Office,BF-1005|BF-11005,2,2011-04-25,2014-12-23,APAC|Africa|EMEA|EU|LATAM|US,United States,27,69,24079.87166,1115.6705599999998,2011-04-25
BARRY_FRANZ_SISCH,Barry Französisch,Corporate,BF-1020|BF-11020,2,2011-02-16,2014-12-16,APAC|Africa|EMEA|EU|LATAM|US,United States,31,62,13208.2773,940.1213000000001,2011-02-16
BARRY_GONZALEZ,Barry Gonzalez,Consumer,BG-1035|BG-11035,2,2011-09-27,2014-12-03,APAC|EMEA|EU|LATAM|US,United States,34,67,20023.5634,1530.178,2011-09-27
BARRY_POND,Barry Pond,Corporate,BP-1050|BP-11050,2,2011-03-05,2014-12-26,APAC|Africa|EMEA|EU|LATAM|US,El Salvador,30,57,10385.32876,2090.96176,2011-03-05
BARRY_WEIRICH,Barry Weirich,Consumer,BW-1065|BW-11065,2,2011-01-27,2014-12-09,APAC|Africa|Canada|EU|LATAM|US,Australia,23,51,17436.5359,3695.4033,2011-01-27
BART_FOLK,Bart Folk,Consumer,BF-1080|BF-11080,2,2011-03-30,2014-12-06,APAC|Africa|Canada|EMEA|EU|LATAM|US,Australia,27,55,13942.7317,2084.5089,2011-03-30
BART_PISTOLE,Bart Pistole,Corporate,BP-1095|BP-11095,2,2011-01-14,2014-12-29,APAC|Africa|EMEA|EU|LATAM|US,United States,38,70,10087.5376,984.2586999999997,2011-01-14
BART_WATTERS,Bart Watters,Corporate,BW-1110|BW-11110,2,2011-02-16,2014-11-07,APAC|Africa|Canada|EMEA|EU|LATAM|US,United States,45,96,32310.446500000002,3595.8858999999998,2011-02-16
BECKY_CASTELL,Becky Castell,Home Office,BC-11125|BC-1125,2,2011-03-10,2014-12-02,APAC|Africa|EMEA|EU|LATAM|US,Spain,34,87,15185.489,2485.9604000000004,2011-03-10
BECKY_MARTIN,Becky Martin,Consumer,BM-11140|BM-1140,2,2011-06-02,2014-12-23,APAC|Africa|EMEA|EU|LATAM|US,United States,35,78,27169.982699999997,-1096.9254000000024,2011-06-02
BECKY_PAK,Becky Pak,Consumer,BP-11155|BP-1155,2,2011-06-08,2014-11-29,APAC|Africa|Canada|EMEA|EU|LATAM|US,United States,30,58,14806.92346,3576.20716,2011-06-08
BENJAMIN_FARHAT,Benjamin Farhat,Home Office,BF-11215|BF-1215,2,2011-02-16,2014-12-05,APAC|Africa|EU|LATAM|US,Australia,32,62,13367.8575,641.3188000000002,2011-02-16
BENJAMIN_PATTERSON,Benjamin Patterson,Consumer,BP-11230|BP-1230,2,2011-04-01,2014-11-22,APAC|Africa|EMEA|EU|LATAM|US,Nigeria,31,67,18708.601599999998,912.2121000000003,2011-04-01
BENJAMIN_VENIER,Benjamin Venier,Corporate,BV-11245|BV-1245,2,2011-06-02,2014-11-17,APAC|EMEA|EU|LATAM|US,United States,25,61,21365.942000000003,2819.7504,2011-06-02
BEN_FERRER,Ben Ferrer,Home Office,BF-11170|BF-1170,2,2011-04-13,2014-12-15,APAC|Africa|EMEA|EU|LATAM|US,United States,37,86,23219.760440000002,4135.10114,2011-04-13
BEN_PETERMAN,Ben Peterman,Corporate,BP-11185|BP-1185,2,2011-09-23,2014-12-30,APAC|Africa|EMEA|EU|LATAM|US,United States,38,74,16806.64772,1343.9558199999997,2011-09-23
BEN_WALLACE,Ben Wallace,Consumer,BW-11200|BW-1200,2,2011-01-13,2014-11-21,APAC|Africa|EMEA|EU|LATAM|US,United States,33,68,14968.18508,2352.20638,2011-01-13
BERENIKE_KAMPE,Berenike Kampe,Consumer,BK-11260|BK-1260,2,2011-04-11,2014-12-05,APAC|Africa|EMEA|EU|LATAM|US,United States,33,64,13586.25136,2447.6789599999997,2011-04-11
BETH_FRITZLER,Beth Fritzler,Corporate,BF-11275|BF-1275,2,2011-03-22,2014-12-25,APAC|Africa|EMEA|EU|LATAM|US,Cuba,30,58,10588.57264,661.4528400000003,2011-03-22
BETH_PAIGE,Beth Paige,Consumer,BP-11290|BP-1290,2,2011-01-18,2014-12-19,APAC|Africa|EMEA|EU|LATAM|US,United States,33,55,12832.23978,1958.0990799999995,2011-01-18
BETH_THOMPSON,Beth Thompson,Home Office,BT-11305|BT-1305,2,2011-01-04,2014-12-03,APAC|Africa|EMEA|EU|LATAM|US,Germany,34,70,11627.779999999999,863.9258000000001,2011-01-04
BILL_DONATELLI,Bill Donatelli,Consumer,BD-11320|BD-1320,2,2011-04-22,2014-12-26,APAC|Africa|EMEA|EU|LATAM|US,United States,38,69,15275.317,1622.6797,2011-04-22
BILL_EPLETT,Bill Eplett,Home Office,BE-11335|BE-1335,2,2011-04-13,2014-11-26,APAC|Africa|EMEA|EU|LATAM|US,China,42,102,28479.167400000002,7410.005300000001,2011-04-13
BILL_OVERFELT,Bill Overfelt,Corporate,BO-11350|BO-1350,2,2011-10-13,2014-12-10,APAC|Africa|EMEA|EU|LATAM|US,United States,26,47,8092.4907,415.2196999999999,2011-10-13
BILL_SHONELY,Bill Shonely,Corporate,BS-11365|BS-1365,2,2011-05-04,2014-12-31,APAC|Africa|EMEA|EU|LATAM|US,Brazil,31,68,23508.65596,5968.907359999999,2011-05-04
BILL_STEWART,Bill Stewart,Corporate,BS-11380|BS-1380,2,2011-02-26,2014-12-03,APAC|Africa|EMEA|EU|LATAM|US,United States,28,66,18775.4363,1815.0301000000002,2011-02-26
BILL_TYLER,Bill Tyler,Corporate,BT-11395|BT-1395,2,2011-03-10,2014-12-03,APAC|Africa|EMEA|EU|LATAM|US,United States,28,50,11796.377,2544.9303,2011-03-10
BOBBY_ELIAS,Bobby Elias,Consumer,BE-11410|BE-1410,2,2011-04-08,2014-12-10,APAC|Africa|EMEA|EU|LATAM|US,United Kingdom,37,60,18411.92896,3789.15606,2011-04-08
BOBBY_ODEGARD,Bobby Odegard,Consumer,BO-11425|BO-1425,2,2011-02-26,2014-12-30,APAC|Africa|EMEA|EU|LATAM|US,France,29,57,15027.84252,2556.82472,2011-02-26
BOBBY_TRAFTON,Bobby Trafton,Consumer,BT-11440|BT-1440,2,2011-04-04,2014-11-10,APAC|Africa|EMEA|EU|LATAM|US,Turkey,31,53,10396.5405,-469.79109999999986,2011-04-04
BRADLEY_DRUCKER,Bradley Drucker,Consumer,BD-11500|BD-1500,2,2011-01-04,2014-12-12,APAC|Africa|EU|LATAM|US,United States,30,44,13141.8965,2381.066,2011-01-04
BRADLEY_NGUYEN,Bradley Nguyen,Consumer,BN-11515|BN-1515,2,2011-03-17,2014-12-22,APAC|Africa|EMEA|EU|LATAM|US,United States,31,65,12879.02752,2544.06892,2011-03-17
BRADLEY_TALBOTT,Bradley Talbott,Home Office,BT-11530|BT-1530,2,2011-01-26,2014-11-28,APAC|Africa|Canada|EMEA|EU|LATAM|US,United States,32,55,15344.099,1453.6353000000001,2011-01-26
BRAD_EASON,Brad Eason,Home Office,BE-11455|BE-1455,2,2011-03-04,2014-12-28,APAC|Africa|EMEA|EU|LATAM|US,United States,29,69,18983.8353,978.0240999999997,2011-03-04
BRAD_NORVELL,Brad Norvell,Corporate,BN-11470|BN-1470,2,2011-09-12,2014-12-20,APAC|Africa|EMEA|EU|LATAM|US,China,36,70,26201.95588,2124.05298,2011-09-12
BRAD_THOMAS,Brad Thomas,Home Office,BT-11485|BT-1485,2,2011-01-25,2014-12-01,APAC|Africa|EMEA|EU|LATAM|US,France,38,65,11682.02454,939.6279399999997,2011-01-25
BRENDAN_DODSON,Brendan Dodson,Home Office,BD-11560|BD-1560,2,2011-01-31,2014-12-24,APAC|Africa|EMEA|EU|LATAM|US,Germany,24,36,10920.79974,2024.70374,2011-01-31
BRENDAN_MURRY,Brendan Murry,Corporate,BM-11575|BM-1575,2,2011-01-22,2014-11-27,APAC|Africa|EMEA|EU|LATAM|US,United States,34,55,12055.31508,282.13468000000006,2011-01-22
BRENDAN_SWEED,Brendan Sweed,Corporate,BS-11590|BS-1590,2,2011-01-15,2014-11-26,APAC|Africa|EMEA|EU|LATAM|US,China,28,58,12178.03602,2045.6887199999999,2011-01-15
BRENDA_BOWMAN,Brenda Bowman,Corporate,BB-11545|BB-1545,2,2011-10-13,2014-12-03,APAC|Africa|EMEA|EU|LATAM|US,United States,31,63,16004.79988,1738.8468799999994,2011-10-13
BRIAN_DAHLEN,Brian Dahlen,Consumer,BD-11605|BD-1605,2,2011-01-10,2014-09-25,APAC|Africa|EMEA|EU|LATAM|US,United States,24,48,9892.30214,1425.66744,2011-01-10
BRIAN_DECHERNEY,Brian DeCherney,Consumer,BD-11620|BD-1620,2,2011-03-01,2014-11-12,APAC|Africa|EMEA|EU|LATAM|US,Iraq,36,67,10768.597020000001,984.4239199999997,2011-03-01
BRIAN_DERR,Brian Derr,Consumer,BD-11635|BD-1635,2,2011-04-12,2014-12-22,APAC|Africa|EMEA|EU|LATAM|US,Germany,34,68,16919.961300000003,2792.3093,2011-04-12
BRIAN_MOSS,Brian Moss,Corporate,BM-11650|BM-1650,2,2011-07-09,2014-11-28,APAC|Africa|Canada|EMEA|EU|LATAM|US,United States,32,78,17458.10208,4385.84518,2011-07-09
BRIAN_STUGART,Brian Stugart,Consumer,BS-11665|BS-1665,2,2011-05-14,2014-12-02,APAC|Africa|EMEA|EU|LATAM|US,United States,31,71,22570.789,3612.8758,2011-05-14
BRIAN_THOMPSON,Brian Thompson,Consumer,BT-11680|BT-1680,2,2011-03-16,2014-12-13,APAC|Africa|EMEA|EU|LATAM|US,United States,26,58,14895.1231,1795.5494999999999,2011-03-16
BROOKE_GILLINGHAM,Brooke Gillingham,Corporate,BG-11695|BG-1695,2,2011-04-30,2014-12-22,APAC|Africa|EMEA|EU|LATAM|US,United States,24,49,11212.17038,417.3198799999998,2011-04-30
BROSINA_HOFFMAN,Brosina Hoffman,Consumer,BH-11710|BH-1710,2,2011-01-06,2014-12-08,APAC|Africa|EMEA|EU|LATAM|US,United States,41,97,28120.621,4876.939799999999,2011-01-06
BRUCE_DEGENHARDT,Bruce Degenhardt,Consumer,BD-11725|BD-1725,2,2011-01-14,2014-12-27,APAC|Africa|EMEA|EU|LATAM|US,United States,43,76,15956.227,2475.1560999999997,2011-01-14
BRUCE_GELD,Bruce Geld,Consumer,BG-11740|BG-1740,2,2011-03-23,2014-12-25,APAC|Africa|EMEA|EU|LATAM|US,France,28,56,15381.7965,1426.6283999999996,2011-03-23
BRUCE_STEWART,Bruce Stewart,Consumer,BS-11755|BS-1755,2,2011-05-18,2014-12-30,APAC|Africa|EMEA|EU|LATAM|US,United States,34,83,19237.2195,496.9591000000004,2011-05-18
BRYAN_DAVIS,Bryan Davis,Consumer,BD-11770|BD-1770,2,2011-01-31,2014-11-26,APAC|Africa|EMEA|EU|LATAM|US,United States,31,64,13573.39126,1528.2702600000002,2011-01-31
BRYAN_MILLS,Bryan Mills,Consumer,BM-11785|BM-1785,2,2011-03-10,2014-12-29,APAC|Africa|EMEA|EU|LATAM|US,United States,45,84,20691.194900000002,2512.6168,2011-03-10
BRYAN_SPRUELL,Bryan Spruell,Home Office,BS-11800|BS-1800,2,2011-03-01,2014-12-22,APAC|Africa|EMEA|EU|LATAM|US,France,30,69,17252.0658,2783.2074,2011-03-01
CANDACE_MCMAHON,Candace McMahon,Corporate,CM-11815|CM-1815,2,2011-03-14,2014-11-21,APAC|Africa|EMEA|EU|LATAM|US,United States,28,46,14794.6744,-2798.7906,2011-03-14
CARI_MACINTYRE,Cari MacIntyre,Corporate,CM-11830|CM-1830,2,2011-07-08,2014-12-25,APAC|Africa|EMEA|EU|LATAM,France,37,77,21606.226000000002,2484.686,2011-07-08
CARI_SAYRE,Cari Sayre,Corporate,CS-11845|CS-1845,2,2011-01-13,2014-12-16,APAC|Africa|EMEA|EU|LATAM|US,Turkey,34,68,22064.3646,2915.3282,2011-01-13
CARI_SCHNELLING,Cari Schnelling,Consumer,CS-11860|CS-1860,2,2011-03-03,2014-11-11,APAC|Africa|EMEA|EU|LATAM|US,United States,30,60,12174.598820000001,1319.8943199999999,2011-03-03
CARLOS_DALY,Carlos Daly,Consumer,CD-11920|CD-1920,2,2011-03-12,2014-12-29,APAC|Africa|EMEA|EU|LATAM|US,France,31,70,20117.966399999998,5028.9094,2011-03-12
CARLOS_MEADOR,Carlos Meador,Consumer,CM-11935|CM-1935,2,2011-02-23,2014-11-25,APAC|Africa|EMEA|EU|LATAM|US,Germany,25,42,10148.3064,2206.362,2011-02-23
CARLOS_SOLTERO,Carlos Soltero,Consumer,CS-11950|CS-1950,2,2011-02-24,2014-12-06,APAC|Africa|Canada|EMEA|EU|LATAM|US,United States,36,68,14937.04334,-1000.0759599999997,2011-02-24
CARL_JACKSON,Carl Jackson,Corporate,CJ-11875|CJ-1875,2,2011-09-12,2014-12-18,APAC|Africa|EMEA|EU|LATAM|US,Australia,29,56,13970.26496,1957.4269600000002,2011-09-12
CARL_LUDWIG,Carl Ludwig,Consumer,CL-11890|CL-1890,2,2011-01-22,2014-12-18,APAC|Africa|Canada|EMEA|EU|LATAM|US,United States,40,60,18183.15636,-164.2629400000006,2011-01-22
CARL_WEISS,Carl Weiss,Home Office,CW-11905|CW-1905,2,2011-06-09,2014-12-23,APAC|Africa|EMEA|EU|LATAM|US,United Kingdom,29,55,14353.9416,3007.3994,2011-06-09
CAROLINE_JUMPER,Caroline Jumper,Consumer,CJ-12010|CJ-2010,2,2011-06-02,2014-11-28,APAC|Africa|Canada|EU|LATAM|US,United States,29,58,19579.564599999998,2417.5919999999996,2011-06-02
CAROL_ADAMS,Carol Adams,Corporate,CA-11965|CA-1965,2,2011-01-27,2014-12-13,APAC|Africa|EMEA|EU|LATAM|US,United States,34,57,23993.6624,3279.0812999999994,2011-01-27
CAROL_DARLEY,Carol Darley,Consumer,CD-11980|CD-1980,2,2011-03-22,2014-12-30,APAC|Africa|Canada|EMEA|EU|LATAM|US,Australia,30,68,13228.39046,1880.35726,2011-03-22
CAROL_TRIGGS,Carol Triggs,Consumer,CT-11995|CT-1995,2,2011-04-29,2014-12-03,APAC|EMEA|EU|LATAM|US,United States,29,52,14138.57504,2437.80334,2011-04-29
CASSANDRA_BRANDOW,Cassandra Brandow,Consumer,CB-12025|CB-2025,2,2011-03-21,2014-12-22,APAC|EMEA|EU|LATAM|US,United States,30,59,13526.2086,208.82849999999945,2011-03-21
CATHERINE_GLOTZBACH,Catherine Glotzbach,Home Office,CG-12040|CG-2040,2,2011-07-15,2014-12-10,APAC|Africa|EMEA|EU|LATAM|US,United States,24,35,4115.2080000000005,-246.8394,2011-07-15
CATHY_ARMSTRONG,Cathy Armstrong,Home Office,CA-12055|CA-2055,2,2011-03-21,2014-12-18,APAC|Canada|EMEA|EU|LATAM|US,Mexico,25,56,12292.758,1869.7698999999998,2011-03-21
CATHY_HWANG,Cathy Hwang,Home Office,CH-12070|CH-2070,2,2011-04-12,2014-10-03,APAC|Africa|EMEA|EU|LATAM|US,France,29,70,15668.174560000001,2671.5096599999997,2011-04-12
CATHY_PRESCOTT,Cathy Prescott,Corporate,CP-12085|CP-2085,2,2011-06-27,2014-10-23,APAC|Africa|Canada|EMEA|EU|LATAM|US,United States,33,65,19769.581899999997,1750.5737000000001,2011-06-27
CHAD_CUNNINGHAM,Chad Cunningham,Home Office,CC-12100|CC-2100,2,2011-11-15,2014-11-10,APAC|Africa|EMEA|EU|LATAM|US,United States,30,58,12520.17124,2622.6274399999998,2011-11-15
CHAD_MCGUIRE,Chad McGuire,Consumer,CM-12115|CM-2115,2,2011-02-10,2014-12-23,APAC|Africa|EMEA|EU|LATAM|US,Vietnam,23,43,16565.3193,2442.3471999999997,2011-02-10
CHAD_SIEVERT,Chad Sievert,Consumer,CS-12130|CS-2130,2,2011-03-18,2014-12-20,APAC|Africa|Canada|EMEA|EU|LATAM|US,Indonesia,26,48,12348.499,-4.067100000000028,2011-03-18
CHARLES_CRESTANI,Charles Crestani,Consumer,CC-12145|CC-2145,2,2011-06-17,2014-10-10,APAC|Africa|EMEA|EU|LATAM|US,United States,30,59,13348.8466,1307.7990999999995,2011-06-17
CHARLES_MCCROSSIN,Charles McCrossin,Consumer,CM-12160|CM-2160,2,2011-01-31,2014-12-05,APAC|Africa|EMEA|EU|LATAM|US,France,31,55,20155.95942,746.6868199999997,2011-01-31
CHARLES_SHELDON,Charles Sheldon,Corporate,CS-12175|CS-2175,2,2011-01-18,2014-11-04,APAC|Africa|EMEA|EU|LATAM|US,Australia,34,62,20046.1943,4328.5768,2011-01-18
CHARLOTTE_MELTON,Charlotte Melton,Consumer,CM-12190|CM-2190,2,2011-06-06,2014-12-31,APAC|Africa|EMEA|EU|LATAM|US,France,29,55,12826.54222,117.79152000000015,2011-06-06
CHLORIS_KASTENSMIDT,Chloris Kastensmidt,Consumer,CK-12205|CK-2205,2,2011-03-11,2014-12-27,APAC|Africa|EMEA|EU|LATAM|US,United States,43,96,14575.90484,965.8129399999998,2011-03-11
CHRISTINA_ANDERSON,Christina Anderson,Consumer,CA-12265|CA-2265,2,2011-01-26,2014-11-27,APAC|Africa|EMEA|EU|LATAM|US,United States,38,69,21837.3069,3662.1180000000004,2011-01-26
CHRISTINA_DEMOSS,Christina DeMoss,Consumer,CD-12280|CD-2280,2,2011-06-27,2014-12-19,APAC|Africa|EMEA|EU|LATAM|US,United States,31,82,17984.58838,2591.78178,2011-06-27
CHRISTINA_VANDERZANDEN,Christina VanderZanden,Consumer,CV-12295|CV-2295,2,2011-03-28,2014-11-22,APAC|Africa|EMEA|EU|LATAM|US,United States,29,60,10325.50918,605.33728,2011-03-28
CHRISTINE_ABELMAN,Christine Abelman,Corporate,CA-12310|CA-2310,2,2011-03-23,2014-12-18,APAC|Africa|EMEA|EU|LATAM|US,United States,26,43,7802.29086,867.1586599999999,2011-03-23
CHRISTINE_KARGATIS,Christine Kargatis,Home Office,CK-12325|CK-2325,2,2011-03-14,2014-12-31,APAC|Africa|EMEA|EU|LATAM|US,United States,35,67,13053.19332,1380.7132199999999,2011-03-14
CHRISTINE_PHAN,Christine Phan,Corporate,CP-12340|CP-2340,2,2011-01-24,2014-12-23,APAC|Africa|EMEA|EU|LATAM|US,United States,34,82,25154.11928,1748.2813799999997,2011-01-24
CHRISTINE_SUNDARESAM,Christine Sundaresam,Consumer,CS-12355|CS-2355,2,2011-04-02,2014-12-25,APAC|Africa|EMEA|EU|LATAM|US,United States,40,66,10548.057,-1.1517999999999284,2011-04-02
CHRISTOPHER_CONANT,Christopher Conant,Consumer,CC-12370|CC-2370,2,2011-02-04,2014-12-25,APAC|Africa|EMEA|EU|LATAM|US,United States,39,73,35187.0764,5603.333699999999,2011-02-04
CHRISTOPHER_MARTINEZ,Christopher Martinez,Consumer,CM-12385|CM-2385,2,2011-01-08,2014-11-24,APAC|Africa|EMEA|EU|LATAM|US,United States,29,56,22463.58392,3010.0343199999998,2011-01-08
CHRISTOPHER_SCHILD,Christopher Schild,Home Office,CS-12400|CS-2400,2,2011-06-24,2014-12-30,APAC|Africa|EMEA|EU|LATAM|US,United States,28,53,12514.53436,2080.04256,2011-06-24
CHRISTY_BRITTAIN,Christy Brittain,Consumer,CB-12415|CB-2415,2,2011-02-24,2014-12-05,APAC|Africa|EMEA|EU|LATAM|US,United States,27,49,13938.11536,2087.08366,2011-02-24
CHRIS_CORTES,Chris Cortes,Consumer,CC-12220|CC-2220,2,2011-03-03,2014-12-11,APAC|Africa|Canada|EMEA|EU|LATAM|US,United States,44,87,11482.9148,2505.8886,2011-03-03
CHRIS_MCAFEE,Chris McAfee,Consumer,CM-12235|CM-2235,2,2011-01-03,2014-11-19,APAC|Africa|EMEA|EU|LATAM|US,United States,27,44,11620.621000000001,1887.6977,2011-01-03
CHRIS_SELESNICK,Chris Selesnick,Corporate,CS-12250|CS-2250,2,2011-01-14,2014-12-29,APAC|Africa|EMEA|EU|LATAM|US,United States,34,81,14413.7293,2602.5059,2011-01-14
CHUCK_CLARK,Chuck Clark,Home Office,CC-12430|CC-2430,2,2011-01-24,2014-12-31,APAC|Africa|EMEA|EU|LATAM|US,United States,31,60,15039.16256,2940.5108599999994,2011-01-24
CHUCK_MAGEE,Chuck Magee,Consumer,CM-12445|CM-2445,2,2011-04-25,2014-12-16,APAC|Africa|EMEA|EU|LATAM|US,Mexico,29,58,13713.28608,1476.6556799999998,2011-04-25
CHUCK_SACHS,Chuck Sachs,Consumer,CS-12460|CS-2460,2,2011-01-11,2014-12-25,APAC|Africa|EMEA|EU|LATAM|US,Germany,31,70,22755.44428,2943.1095800000003,2011-01-11
CINDY_CHAPMAN,Cindy Chapman,Consumer,CC-12475|CC-2475,2,2011-05-03,2014-12-15,APAC|Africa|Canada|EMEA|EU|LATAM|US,United States,37,74,20869.68146,4034.85446,2011-05-03
CINDY_SCHNELLING,Cindy Schnelling,Corporate,CS-12490|CS-2490,2,2011-04-09,2014-12-29,APAC|Africa|EMEA|EU|LATAM|US,United States,33,62,12774.6265,188.8718999999999,2011-04-09
CINDY_STEWART,Cindy Stewart,Consumer,CS-12505|CS-2505,2,2011-03-26,2014-12-04,APAC|Africa|EMEA|EU|LATAM|US,United States,23,42,13429.7464,-6151.558100000001,2011-03-26
CLAIRE_GUTE,Claire Gute,Consumer,CG-12520|CG-2520,2,2011-07-06,2014-12-03,APAC|Africa|EMEA|EU|LATAM|US,France,25,52,14661.67402,2566.57842,2011-07-06
CLAUDIA_BERGMANN,Claudia Bergmann,Corporate,CB-12535|CB-2535,2,2011-01-22,2014-12-24,APAC|Africa|EMEA|EU|LATAM|US,United States,29,72,18255.79284,2167.21744,2011-01-22
CLAY_CHEATHAM,Clay Cheatham,Consumer,CC-12550|CC-2550,2,2011-03-17,2014-12-04,APAC|Africa|EMEA|EU|LATAM|US,Australia,30,60,9342.05034,1524.54894,2011-03-17
CLAY_LUDTKE,Clay Ludtke,Consumer,CL-12565|CL-2565,2,2011-02-09,2014-12-26,APAC|Africa|EMEA|EU|LATAM|US,United States,36,79,19783.77188,1323.4289799999997,2011-02-09
CLAY_ROZENDAL,Clay Rozendal,Home Office,CR-12580|CR-2580,2,2011-08-12,2014-12-09,APAC|Africa|EMEA|EU|LATAM|US,Australia,25,41,11757.5765,1945.9958,2011-08-12
CLYTIE_KELTY,Clytie Kelty,Consumer,CK-12595|CK-2595,2,2011-07-29,2014-11-18,APAC|Africa|EMEA|EU|LATAM|US,United States,36,79,17143.14618,2373.6359799999996,2011-07-29
COREY_CATLETT,Corey Catlett,Corporate,CC-12610|CC-2610,2,2011-07-16,2014-12-15,APAC|EMEA|EU|LATAM|US,United States,32,61,17605.028,3003.011,2011-07-16
COREY_LOCK,Corey-Lock,Consumer,Co-12640|Co-2640,2,2011-04-14,2014-12-27,APAC|Africa|EMEA|EU|LATAM|US,India,30,68,13046.867760000001,1196.0399599999998,2011-04-14
COREY_ROPER,Corey Roper,Home Office,CR-12625|CR-2625,2,2011-01-23,2014-11-18,APAC|Africa|Canada|EMEA|EU|LATAM|US,Indonesia,37,77,22351.10268,2345.1220799999996,2011-01-23
CORINNA_MITCHELL,Corinna Mitchell,Home Office,CM-12655|CM-2655,2,2011-08-06,2014-12-04,APAC|Africa|EMEA|EU|LATAM|US,United States,30,54,15578.55668,-955.06242,2011-08-06
CRAIG_CARREIRA,Craig Carreira,Consumer,CC-12670|CC-2670,2,2011-04-13,2014-12-15,APAC|Africa|EMEA|EU|LATAM|US,United States,34,67,11496.6099,-280.9817000000003,2011-04-13
CRAIG_CARROLL,Craig Carroll,Consumer,CC-12685|CC-2685,2,2011-03-22,2014-11-07,APAC|Africa|EMEA|EU|LATAM|US,United States,25,55,16817.9562,2249.8603000000003,2011-03-22
CRAIG_LESLIE,Craig Leslie,Home Office,CL-12700|CL-2700,2,2011-01-15,2014-12-23,APAC|Africa|EMEA|EU|LATAM|US,Mexico,35,69,19376.0248,2670.3287,2011-01-15
CRAIG_MOLINARI,Craig Molinari,Corporate,CM-12715|CM-2715,2,2011-03-07,2014-11-20,APAC|Africa|EMEA|EU|LATAM|US,United States,26,54,11230.8429,1210.3412999999996,2011-03-07
CRAIG_REITER,Craig Reiter,Consumer,CR-12730|CR-2730,2,2011-07-15,2014-12-26,APAC|Africa|EMEA|EU|LATAM|US,Brazil,35,77,20847.53976,1435.4373599999997,2011-07-15
CRAIG_YEDWAB,Craig Yedwab,Corporate,CY-12745|CY-2745,2,2011-05-06,2014-11-01,APAC|Africa|EMEA|EU|LATAM|US,United States,35,60,14221.5023,1542.243,2011-05-06
CYMA_KINNEY,Cyma Kinney,Corporate,CK-12760|CK-2760,2,2011-02-08,2014-11-24,APAC|Africa|EMEA|EU|LATAM|US,United States,38,69,10590.7544,525.3842999999999,2011-02-08
CYNTHIA_ARNTZEN,Cynthia Arntzen,Consumer,CA-12775|CA-2775,2,2011-06-07,2014-09-29,APAC|Africa|EMEA|EU|LATAM|US,United States,30,61,19836.361,3891.2645000000007,2011-06-07
CYNTHIA_DELANEY,Cynthia Delaney,Home Office,CD-12790|CD-2790,2,2011-02-03,2014-10-16,APAC|Africa|EMEA|EU|LATAM|US,United States,32,68,14498.9025,2154.3026999999997,2011-02-03
CYNTHIA_VOLTZ,Cynthia Voltz,Corporate,CV-12805|CV-2805,2,2011-04-27,2014-12-27,APAC|Africa|EMEA|EU|LATAM|US,United States,27,54,14852.9826,1910.1064999999996,2011-04-27
CYRA_REITEN,Cyra Reiten,Home Office,CR-12820|CR-2820,2,2011-06-11,2014-11-06,APAC|Africa|EMEA|EU|LATAM|US,India,32,54,15658.56256,3312.72046,2011-06-11
DAMALA_KOTSONIS,Damala Kotsonis,Corporate,DK-12835|DK-2835,2,2011-01-31,2014-12-10,APAC|Africa|EMEA|EU|LATAM|US,United States,43,86,20963.6977,2917.8505,2011-01-31
DANA_KAYDOS,Dana Kaydos,Consumer,DK-12895|DK-2895,2,2011-05-17,2014-11-16,APAC|Africa|EMEA|EU|LATAM|US,United States,28,70,19632.759159999998,1363.5627599999998,2011-05-17
DANIEL_BYRD,Daniel Byrd,Home Office,DB-12910|DB-2910,2,2011-04-07,2014-12-29,APAC|Africa|Canada|EMEA|EU|LATAM|US,United States,35,65,15389.4637,1656.9395,2011-04-07
DANIEL_LACY,Daniel Lacy,Consumer,DL-12925|DL-2925,2,2011-02-18,2014-11-24,APAC|Africa|EMEA|EU|LATAM|US,United States,28,72,12196.6768,1108.4399999999998,2011-02-18
DANIEL_RAGLIN,Daniel Raglin,Home Office,DR-12940|DR-2940,2,2011-02-09,2014-12-04,APAC|Africa|EMEA|EU|LATAM|US,United States,41,85,27929.86492,6103.97292,2011-02-09
DAN_CAMPBELL,Dan Campbell,Consumer,DC-12850|DC-2850,2,2011-07-05,2014-11-27,APAC|Africa|Canada|EMEA|EU|LATAM|US,United States,38,77,13438.5095,-70.48979999999985,2011-07-05
DAN_LAWERA,Dan Lawera,Consumer,DL-12865|DL-2865,2,2011-01-10,2014-11-04,APAC|Africa|Canada|EMEA|EU|LATAM|US,United States,41,68,12688.682100000002,426.0349999999995,2011-01-10
DAN_REICHENBACH,Dan Reichenbach,Corporate,DR-12880|DR-2880,2,2011-04-18,2014-12-28,APAC|Africa|EMEA|EU|LATAM|US,United States,40,84,16706.8013,1984.3986,2011-04-18
DARIO_MEDINA,Dario Medina,Corporate,DM-12955|DM-2955,2,2011-07-11,2014-12-19,APAC|Africa|Canada|EMEA|EU|LATAM|US,Cuba,41,76,22299.98292,2306.92722,2011-07-11
DARREN_BUDD,Darren Budd,Corporate,DB-12970|DB-2970,2,2011-03-14,2014-11-04,APAC|Africa|EMEA|EU|US,United States,15,31,9679.2392,586.9648999999994,2011-03-14
DARREN_KOUTRAS,Darren Koutras,Consumer,DK-12985|DK-2985,2,2011-01-20,2014-12-30,APAC|Africa|EU|LATAM|US,Germany,36,64,14905.4005,1287.9167000000002,2011-01-20
DARREN_POWERS,Darren Powers,Consumer,DP-13000|DP-3000,2,2011-01-04,2014-12-17,APAC|Africa|Canada|EMEA|EU|LATAM|US,United States,41,82,15976.372399999998,-517.4511999999997,2011-01-04
DARRIN_MARTIN,Darrin Martin,Consumer,DM-13015|DM-3015,2,2011-03-04,2014-12-29,APAC|Africa|EMEA|EU|LATAM|US,United States,36,66,17732.321799999998,1991.7518999999998,2011-03-04
DARRIN_SAYRE,Darrin Sayre,Home Office,DS-13030|DS-3030,2,2011-04-19,2014-11-13,APAC|Africa|EMEA|EU|LATAM|US,United States,32,68,13280.8085,1487.6673999999996,2011-04-19
DARRIN_VAN_HUFF,Darrin Van Huff,Corporate,DV-13045|DV-3045,2,2011-01-21,2014-12-12,APAC|Africa|EMEA|EU|LATAM|US,Indonesia,37,94,22746.33192,616.3249199999998,2011-01-21
DAVE_BROOKS,Dave Brooks,Consumer,DB-13060|DB-3060,2,2011-03-01,2014-12-23,APAC|Africa|EMEA|EU|LATAM|US,United States,34,70,25547.16966,3652.3608600000002,2011-03-01
DAVE_HALLSTEN,Dave Hallsten,Corporate,DH-13075|DH-3075,2,2011-02-01,2014-10-17,APAC|Africa|EMEA|EU|LATAM|US,United States,35,83,16192.3601,1681.8684999999998,2011-02-01
DAVE_KIPP,Dave Kipp,Consumer,DK-13090|DK-3090,2,2011-03-15,2014-12-23,APAC|Africa|EMEA|EU|LATAM|US,United States,39,64,19452.4072,4080.5636999999997,2011-03-15
DAVE_POIRIER,Dave Poirier,Corporate,DP-13105|DP-3105,2,2011-01-07,2014-12-25,APAC|Africa|EMEA|EU|LATAM|US,Australia,31,62,25900.7482,4600.1323,2011-01-07
DAVID_BREMER,David Bremer,Corporate,DB-13120|DB-3120,2,2011-09-30,2014-12-26,APAC|Africa|Canada|EU|LATAM|US,United States,20,34,6273.82662,-2270.69658,2011-09-30
DAVID_FLASHING,David Flashing,Consumer,DF-13135|DF-3135,2,2011-01-11,2014-12-22,APAC|Africa|EMEA|EU|LATAM|US,Indonesia,22,52,11542.0359,363.0722,2011-01-11
DAVID_KENDRICK,David Kendrick,Corporate,DK-13150|DK-3150,2,2011-02-01,2014-12-21,APAC|Africa|EMEA|EU|LATAM|US,Germany,36,58,17561.585,2179.1376999999998,2011-02-01
DAVID_PHILIPPE,David Philippe,Consumer,DP-13165|DP-3165,2,2011-01-30,2014-12-24,APAC|Africa|EMEA|EU|LATAM|US,Mexico,31,68,23729.23412,834.5305200000003,2011-01-30
DAVID_SMITH,David Smith,Corporate,DS-13180|DS-3180,2,2011-04-25,2014-12-17,APAC|Africa|EMEA|EU|LATAM|US,United States,33,63,13632.547999999999,1713.4145,2011-04-25
DAVID_WIENER,David Wiener,Corporate,DW-13195|DW-3195,2,2011-01-19,2014-12-25,APAC|Africa|EMEA|EU|LATAM|US,Australia,30,56,10930.5431,1739.0983,2011-01-19
DEANRA_ENO,Deanra Eno,Home Office,DE-13255|DE-3255,2,2011-06-23,2014-12-12,APAC|Africa|EMEA|EU|LATAM|US,United States,30,55,12800.279999999999,1735.4974,2011-06-23
DEAN_BRADEN,Dean Braden,Consumer,DB-13210|DB-3210,2,2011-02-03,2014-12-24,APAC|Africa|EMEA|EU|LATAM|US,United States,34,73,14130.6169,1425.8077999999998,2011-02-03
DEAN_KATZ,Dean Katz,Corporate,DK-13225|DK-3225,2,2011-03-14,2014-12-30,APAC|Africa|EMEA|EU|LATAM|US,United States,37,56,10654.4526,1007.0980000000001,2011-03-14
DEAN_PERCER,Dean percer,Home Office,Dp-13240|Dp-3240,2,2011-05-26,2014-12-13,APAC|Africa|Canada|EMEA|EU|LATAM|US,United States,35,81,22834.91032,3959.1641199999995,2011-05-26
DEBORAH_BRUMFIELD,Deborah Brumfield,Home Office,DB-13270|DB-3270,2,2011-02-05,2014-12-22,APAC|Africa|EMEA|EU|LATAM|US,United States,27,58,12576.5995,1640.2389,2011-02-05
DEBRA_CATINI,Debra Catini,Consumer,DC-13285|DC-3285,2,2011-04-28,2014-12-13,APAC|Africa|EMEA|EU|LATAM|US,Mexico,27,54,16964.653899999998,865.3340999999999,2011-04-28
DEIRDRE_GREER,Deirdre Greer,Corporate,DG-13300|DG-3300,2,2011-07-09,2014-12-17,APAC|Africa|EMEA|EU|LATAM|US,China,35,64,16713.74,2374.3181,2011-07-09
DELFINA_LATCHFORD,Delfina Latchford,Consumer,DL-13315|DL-3315,2,2011-01-17,2014-12-13,APAC|Africa|EMEA|EU|LATAM|US,United States,33,76,20252.4705,2798.5357,2011-01-17
DENISE_LEINENBACH,Denise Leinenbach,Consumer,DL-13330|DL-3330,2,2011-03-14,2014-12-19,APAC|Africa|Canada|EMEA|EU|LATAM|US,Australia,37,75,17940.981,2747.4922,2011-03-14
DENISE_MONTON,Denise Monton,Corporate,DM-13345|DM-3345,2,2011-08-24,2014-12-29,APAC|Africa|EMEA|EU|LATAM|US,United States,33,59,22053.3105,-2597.8028999999988,2011-08-24
DENNIS_BOLTON,Dennis Bolton,Home Office,DB-13360|DB-3360,2,2011-01-27,2014-11-14,APAC|Africa|EU|LATAM|US,Brazil,30,52,10611.34436,1922.7168599999998,2011-01-27
DENNIS_KANE,Dennis Kane,Consumer,DK-13375|DK-3375,2,2011-02-27,2014-12-27,APAC|Africa|Canada|EMEA|EU|LATAM|US,United States,36,76,20105.314,2965.5079,2011-02-27
DENNIS_PARDUE,Dennis Pardue,Home Office,DP-13390|DP-3390,2,2011-01-03,2014-12-31,APAC|Africa|Canada|EMEA|EU|LATAM|US,United States,33,57,11658.9212,2688.189,2011-01-03
DENNY_BLANTON,Denny Blanton,Consumer,DB-13405|DB-3405,2,2011-05-22,2014-12-03,APAC|EMEA|EU|LATAM|US,United States,28,51,16632.638659999997,1958.55586,2011-05-22
DENNY_JOY,Denny Joy,Corporate,DJ-13420|DJ-3420,2,2011-03-21,2014-12-30,APAC|Africa|EMEA|EU|LATAM|US,Germany,32,63,22562.07114,3255.39614,2011-03-21
DENNY_ORDWAY,Denny Ordway,Consumer,DO-13435|DO-3435,2,2011-06-23,2014-11-25,APAC|Africa|EMEA|EU|LATAM|US,United States,42,83,18796.6155,4137.6354,2011-06-23
DIANNA_ARNETT,Dianna Arnett,Home Office,DA-13450|DA-3450,2,2011-04-04,2014-12-18,APAC|Africa|EMEA|EU|LATAM|US,United States,29,60,15247.41826,-297.8313400000002,2011-04-04
DIANNA_VITTORINI,Dianna Vittorini,Consumer,DV-13465|DV-3465,2,2011-01-11,2014-12-18,APAC|Africa|EMEA|EU|LATAM|US,United States,25,63,16948.69688,3342.7225799999997,2011-01-11
DIANNA_WILSON,Dianna Wilson,Home Office,DW-13480|DW-3480,2,2011-04-02,2014-11-06,APAC|Africa|Canada|EMEA|EU|LATAM|US,United States,35,88,23454.961600000002,5029.089199999999,2011-04-02
DIONIS_LLOYD,Dionis Lloyd,Corporate,DL-13495|DL-3495,2,2011-06-29,2014-12-09,APAC|Africa|EMEA|EU|LATAM|US,United States,32,56,16645.788,1560.868,2011-06-29
DON_JONES,Don Jones,Corporate,DJ-13510|DJ-3510,2,2011-01-15,2014-12-25,APAC|Africa|Canada|EMEA|EU|LATAM|US,Brazil,38,78,21396.9779,4310.462,2011-01-15
DON_MILLER,Don Miller,Corporate,DM-13525|DM-3525,2,2011-07-05,2014-11-26,APAC|Africa|Canada|EMEA|EU|LATAM|US,United States,25,52,11831.64768,-273.41552000000047,2011-07-05
DON_WEISS,Don Weiss,Consumer,DW-13540|DW-3540,2,2011-03-28,2014-12-19,APAC|Africa|Canada|EMEA|EU|LATAM|US,Spain,24,62,14383.002,425.7091999999998,2011-03-28
DOROTHY_BADDERS,Dorothy Badders,Corporate,DB-13555|DB-3555,2,2011-04-21,2014-12-26,APAC|Africa|EMEA|EU|LATAM|US,United States,25,49,10386.3324,1242.2766,2011-04-21
DOROTHY_DICKINSON,Dorothy Dickinson,Consumer,DD-13570|DD-3570,2,2011-01-03,2014-11-20,APAC|Africa|EMEA|EU|LATAM|US,Italy,32,66,11072.8788,1399.6512,2011-01-03
DOROTHY_WARDLE,Dorothy Wardle,Corporate,DW-13585|DW-3585,2,2011-06-02,2014-12-26,APAC|Africa|Canada|EU|LATAM|US,Cuba,41,74,12604.917599999999,870.557,2011-06-02
DORRIS_LIEBE,Dorris liebe,Corporate,Dl-13600|Dl-3600,2,2011-03-16,2014-12-26,APAC|Africa|EMEA|EU|LATAM|US,Thailand,30,58,14721.8194,1851.7062,2011-03-16
DOUG_BICKFORD,Doug Bickford,Consumer,DB-13615|DB-3615,2,2011-07-18,2014-12-04,APAC|Africa|EMEA|EU|LATAM|US,Germany,32,58,12855.6088,2967.6800000000003,2011-07-18
DOUG_JACOBS,Doug Jacobs,Consumer,DJ-13630|DJ-3630,2,2011-09-15,2014-12-19,APAC|Africa|EMEA|EU|LATAM|US,United States,33,54,13854.078,2675.7544,2011-09-15
DOUG_O_CONNELL,Doug O'Connell,Consumer,DO-13645|DO-3645,2,2011-05-24,2014-12-05,APAC|Africa|Canada|EMEA|EU|LATAM|US,United Kingdom,30,68,13772.73292,1816.7345199999997,2011-05-24
DUANE_BENOIT,Duane Benoit,Consumer,DB-13660|DB-3660,2,2011-02-07,2014-12-19,APAC|Africa|EMEA|EU|LATAM|US,United States,23,42,13604.77684,1417.7983399999998,2011-02-07
DUANE_HUFFMAN,Duane Huffman,Home Office,DH-13675|DH-3675,2,2011-04-13,2014-12-11,APAC|Africa|Canada|EMEA|EU|LATAM|US,United States,29,54,12479.1525,2151.1434999999997,2011-04-13
DUANE_NOONAN,Duane Noonan,Consumer,DN-13690|DN-3690,2,2011-02-02,2014-12-19,APAC|Africa|Canada|EMEA|EU|LATAM|US,United States,29,60,14914.292,233.54250000000033,2011-02-02
EDWARD_BECKER,Edward Becker,Corporate,EB-13750|EB-3750,2,2011-02-08,2014-11-29,APAC|Canada|EMEA|EU|LATAM|US,United States,26,49,9429.144,1487.154,2011-02-08
EDWARD_HOOKS,Edward Hooks,Corporate,EH-13765|EH-3765,2,2011-01-17,2014-12-29,APAC|Africa|EMEA|EU|LATAM|US,United States,38,84,21270.298,671.1933999999998,2011-01-17
EDWARD_NAZZAL,Edward Nazzal,Consumer,EN-13780|EN-3780,2,2011-03-18,2014-12-17,APAC|Africa|EMEA|EU|LATAM|US,United States,28,46,7068.7724,237.6994999999998,2011-03-18
ED_BRAXTON,Ed Braxton,Corporate,EB-13705|EB-3705,2,2011-01-09,2014-11-13,APAC|Africa|EMEA|EU|LATAM|US,United States,33,65,15523.9141,1488.6075999999996,2011-01-09
ED_JACOBS,Ed Jacobs,Consumer,EJ-13720|EJ-3720,2,2011-01-28,2014-11-12,APAC|Africa|EMEA|EU|LATAM|US,United States,30,45,10697.404,1209.9476,2011-01-28
ED_LUDWIG,Ed Ludwig,Home Office,EL-13735|EL-3735,2,2011-03-01,2014-12-05,APAC|Africa|EMEA|EU|LATAM|US,Iran,34,71,14207.253999999999,1155.5394000000001,2011-03-01
EILEEN_KIEFER,Eileen Kiefer,Home Office,EK-13795|EK-3795,2,2011-03-18,2014-11-17,APAC|Africa|EMEA|EU|LATAM|US,France,23,36,7128.4292,765.4778000000001,2011-03-18
ELENI_MCCRARY,Eleni McCrary,Corporate,EM-13810|EM-3810,2,2011-06-08,2014-11-03,APAC|Africa|EMEA|EU|LATAM|US,United States,29,54,14582.60704,1897.3695399999997,2011-06-08
ELIZABETH_MOFFITT,Elizabeth Moffitt,Corporate,EM-13825|EM-3825,2,2011-08-10,2014-11-06,APAC|Africa|Canada|EMEA|EU|LATAM|US,United States,32,64,14506.33616,1988.07236,2011-08-10
ELLIS_BALLARD,Ellis Ballard,Corporate,EB-13840|EB-3840,2,2011-02-02,2014-12-29,APAC|Africa|Canada|EMEA|EU|LATAM|US,Germany,31,57,21985.89694,5848.74774,2011-02-02
ELPIDA_RITTENBACH,Elpida Rittenbach,Corporate,ER-13855|ER-3855,2,2011-01-10,2014-11-08,APAC|Africa|EMEA|EU|LATAM|US,Hungary,26,53,17132.296,2585.7182,2011-01-10
EMILY_BURNS,Emily Burns,Consumer,EB-13870|EB-3870,2,2011-04-02,2014-12-16,APAC|Africa|EMEA|EU|LATAM|US,United States,24,35,7035.8557,20.558199999999953,2011-04-02
EMILY_DUCICH,Emily Ducich,Home Office,ED-13885|ED-3885,2,2011-02-17,2014-12-16,APAC|Africa|Canada|EMEA|EU|LATAM|US,United States,39,76,18544.353,2572.4465,2011-02-17
EMILY_GRADY,Emily Grady,Consumer,EG-13900|EG-3900,2,2011-02-25,2014-12-09,APAC|Africa|EMEA|EU|LATAM|US,United States,32,63,23112.30168,2604.2372800000003,2011-02-25
EMILY_PHAN,Emily Phan,Consumer,EP-13915|EP-3915,2,2011-05-21,2014-12-19,APAC|Africa|EMEA|EU|LATAM|US,United States,36,72,16771.30774,2103.96474,2011-05-21
ERICA_BERN,Erica Bern,Corporate,EB-13975|EB-3975,2,2011-06-07,2014-12-31,APAC|Africa|EMEA|EU|LATAM|US,Brazil,41,77,16119.2213,3030.7344000000003,2011-06-07
ERICA_HACKNEY,Erica Hackney,Consumer,EH-13990|EH-3990,2,2011-01-16,2014-11-28,APAC|Africa|EMEA|EU|LATAM|US,United States,32,51,9479.5736,1556.9195,2011-01-16
ERICA_HERNANDEZ,Erica Hernandez,Home Office,EH-14005|EH-4005,2,2011-02-09,2014-12-29,APAC|Africa|EMEA|EU|LATAM|US,United States,35,57,13004.6121,794.6512999999999,2011-02-09
ERICA_SMITH,Erica Smith,Consumer,ES-14020|ES-4020,2,2011-05-19,2014-12-31,APAC|Africa|Canada|EMEA|EU|LATAM|US,China,39,67,14720.050940000001,3127.37644,2011-05-19
ERIC_BARRETO,Eric Barreto,Consumer,EB-13930|EB-3930,2,2011-02-03,2014-12-24,APAC|Africa|EMEA|EU|LATAM|US,Australia,27,48,11967.4679,2091.7421,2011-02-03
ERIC_HOFFMANN,Eric Hoffmann,Consumer,EH-13945|EH-3945,2,2011-04-21,2014-11-04,APAC|Africa|Canada|EMEA|EU|LATAM|US,United States,36,71,10351.42602,2250.05482,2011-04-21
ERIC_MURDOCK,Eric Murdock,Consumer,EM-13960|EM-3960,2,2011-01-11,2014-12-29,APAC|Africa|Canada|EMEA|EU|LATAM|US,Mexico,45,100,28084.40348,3306.01548,2011-01-11
ERIN_ASHBROOK,Erin Ashbrook,Corporate,EA-14035|EA-4035,2,2011-02-21,2014-09-29,APAC|EMEA|EU|LATAM|US,United States,34,72,11518.87572,868.0601199999999,2011-02-21
ERIN_CREIGHTON,Erin Creighton,Consumer,EC-14050|EC-4050,2,2011-04-11,2014-11-08,APAC|Africa|EMEA|EU|LATAM|US,Argentina,26,58,6731.551100000001,831.7726999999999,2011-04-11
ERIN_MULL,Erin Mull,Consumer,EM-14065|EM-4065,2,2011-07-22,2014-12-15,APAC|Africa|Canada|EMEA|EU|LATAM|US,Australia,26,62,15321.55558,3939.46018,2011-07-22
ERIN_SMITH,Erin Smith,Corporate,ES-14080|ES-4080,2,2011-02-02,2014-12-03,APAC|Africa|EMEA|EU|LATAM|US,United States,33,74,18161.5498,2175.2918999999997,2011-02-02
EUDOKIA_MARTIN,Eudokia Martin,Corporate,EM-14095|EM-4095,2,2011-04-29,2014-12-23,APAC|Africa|Canada|EMEA|EU|LATAM|US,United States,26,61,13723.2597,1764.7839,2011-04-29
EUGENE_BARCHAS,Eugene Barchas,Consumer,EB-14110|EB-4110,2,2011-03-14,2014-12-11,APAC|Africa|EMEA|EU|LATAM|US,United States,34,64,16083.2243,2893.6638999999996,2011-03-14
EUGENE_HILDEBRAND,Eugene Hildebrand,Home Office,EH-14125|EH-4125,2,2011-05-13,2014-12-09,APAC|Africa|EMEA|EU|LATAM|US,United States,44,86,22420.533620000002,1660.3308200000004,2011-05-13
EUGENE_MOREN,Eugene Moren,Home Office,EM-14140|EM-4140,2,2011-01-01,2014-12-07,APAC|Africa|EMEA|EU|LATAM|US,United States,36,94,23408.08226,3624.25176,2011-01-01
EVAN_BAILLIET,Evan Bailliet,Consumer,EB-14170|EB-4170,2,2011-04-20,2014-12-12,APAC|Africa|EMEA|EU|LATAM|US,United States,29,47,8004.0591,565.6232,2011-04-20
EVAN_HENRY,Evan Henry,Consumer,EH-14185|EH-4185,2,2011-02-02,2014-10-25,APAC|Africa|EMEA|EU|LATAM|US,United States,37,61,16378.28382,2281.51052,2011-02-02
EVAN_MINNOTTE,Evan Minnotte,Home Office,EM-14200|EM-4200,2,2011-05-04,2014-11-20,APAC|Africa|EMEA|EU|LATAM|US,Mexico,27,66,19673.67566,3647.45576,2011-05-04
EVA_JACOBS,Eva Jacobs,Consumer,EJ-14155|EJ-4155,2,2011-03-03,2014-12-09,APAC|Africa|EMEA|EU|LATAM|US,United States,28,49,14956.8346,2794.5690999999997,2011-03-03
FILIA_MCADAMS,Filia McAdams,Corporate,FM-14215|FM-4215,2,2011-01-25,2014-12-24,APAC|Africa|EMEA|EU|LATAM|US,United States,37,69,17289.0118,1394.0245999999997,2011-01-25
FRANK_ATKINSON,Frank Atkinson,Corporate,FA-14230|FA-4230,2,2011-05-25,2014-12-09,APAC|Africa|EMEA|EU|LATAM|US,United States,35,62,14349.6348,1496.1937,2011-05-25
FRANK_CARLISLE,Frank Carlisle,Home Office,FC-14245|FC-4245,2,2011-04-20,2014-11-19,APAC|Africa|EMEA|EU|LATAM|US,United States,29,51,12408.4468,2780.791,2011-04-20
FRANK_GASTINEAU,Frank Gastineau,Home Office,FG-14260|FG-4260,2,2011-05-21,2014-11-27,APAC|Africa|Canada|EMEA|EU|LATAM|US,United States,27,44,9704.7165,1034.1122,2011-05-21
FRANK_HAWLEY,Frank Hawley,Corporate,FH-14275|FH-4275,2,2011-03-02,2014-12-27,APAC|Africa|EMEA|EU|LATAM|US,United States,28,48,13682.63,3547.5756,2011-03-02
FRANK_MERWIN,Frank Merwin,Home Office,FM-14290|FM-4290,2,2011-08-26,2014-12-29,APAC|Africa|EMEA|EU|LATAM|US,United States,38,77,16385.02922,2601.29072,2011-08-26
FRANK_OLSEN,Frank Olsen,Consumer,FO-14305|FO-4305,2,2011-01-25,2014-12-09,APAC|Africa|EMEA|EU|LATAM|US,United States,47,85,17772.661500000002,3023.7503999999994,2011-01-25
FRANK_PREIS,Frank Preis,Consumer,FP-14320|FP-4320,2,2011-06-29,2014-12-08,APAC|Africa|EMEA|EU|LATAM|US,United States,34,55,10755.6322,937.1934999999996,2011-06-29
FRED_CHUNG,Fred Chung,Corporate,FC-14335|FC-4335,2,2011-03-15,2014-09-15,APAC|Africa|EMEA|EU|LATAM|US,United States,27,51,9321.68964,1496.6962399999998,2011-03-15
FRED_HARTON,Fred Harton,Consumer,FH-14350|FH-4350,2,2011-09-16,2014-12-30,APAC|Africa|EMEA|EU|LATAM|US,United States,23,42,10765.00982,2888.03482,2011-09-16
FRED_HOPKINS,Fred Hopkins,Corporate,FH-14365|FH-4365,2,2011-05-30,2014-12-30,APAC|Africa|EMEA|EU|LATAM|US,Mexico,39,82,30400.67452,4609.29112,2011-05-30
FRED_MCMATH,Fred McMath,Consumer,FM-14380|FM-4380,2,2011-02-25,2014-12-30,APAC|Africa|EMEA|EU|LATAM|US,United States,27,46,7441.9377,1015.5115000000002,2011-02-25
FRED_WASSERMAN,Fred Wasserman,Corporate,FW-14395|FW-4395,2,2011-04-25,2014-12-31,APAC|Africa|EMEA|EU|LATAM|US,Bangladesh,34,72,18193.559100000002,1683.7903999999999,2011-04-25
GARY_HANSEN,Gary Hansen,Home Office,GH-14410|GH-4410,2,2011-04-22,2014-12-11,APAC|Africa|EMEA|EU|LATAM|US,United States,45,76,15269.815980000001,613.8054799999999,2011-04-22
GARY_HWANG,Gary Hwang,Consumer,GH-14425|GH-4425,2,2011-01-25,2014-12-13,APAC|Africa|Canada|EMEA|EU|LATAM|US,France,41,102,24625.593,3908.1151,2011-01-25
GARY_MCGARR,Gary McGarr,Consumer,GM-14440|GM-4440,2,2011-03-21,2014-12-30,APAC|Africa|EMEA|EU|LATAM|US,United States,34,58,16517.67788,1665.01388,2011-03-21
GARY_MITCHUM,Gary Mitchum,Home Office,GM-14455|GM-4455,2,2011-04-11,2014-12-15,APAC|Africa|EMEA|EU|LATAM|US,United States,21,43,11012.079,2872.1064,2011-04-11
GARY_ZANDUSKY,Gary Zandusky,Consumer,GZ-14470|GZ-4470,2,2011-02-15,2014-12-24,APAC|Africa|Canada|EMEA|EU|LATAM|US,United States,43,78,24705.325,3742.4388999999996,2011-02-15
GENE_HALE,Gene Hale,Corporate,GH-14485|GH-4485,2,2011-02-01,2014-11-10,APAC|Africa|Canada|EU|LATAM|US,France,25,50,15487.2962,2295.9524,2011-02-01
GENE_MCCLURE,Gene McClure,Consumer,GM-14500|GM-4500,2,2011-07-23,2014-09-18,APAC|Africa|EMEA|EU|LATAM|US,United States,28,47,11002.555620000001,1553.2521199999999,2011-07-23
GEORGE_ASHBROOK,George Ashbrook,Consumer,GA-14515|GA-4515,2,2011-05-02,2014-12-09,APAC|Africa|EMEA|EU|LATAM|US,United States,31,58,13807.061319999999,792.3443199999998,2011-05-02
GEORGE_BELL,George Bell,Corporate,GB-14530|GB-4530,2,2011-02-07,2014-11-28,APAC|Africa|Canada|EMEA|EU|LATAM|US,United States,30,56,12183.653,656.2901000000002,2011-02-07
GEORGE_ZREBASSA,George Zrebassa,Corporate,GZ-14545|GZ-4545,2,2011-06-29,2014-12-01,APAC|Africa|Canada|EMEA|EU|LATAM|US,Mexico,30,52,15292.1188,4105.5978000000005,2011-06-29
GEORGIA_ROSENBERG,Georgia Rosenberg,Corporate,GR-14560|GR-4560,2,2011-03-08,2014-11-12,APAC|Africa|EMEA|EU|LATAM|US,Mexico,30,62,13850.58654,496.27974000000006,2011-03-08
GIULIETTA_BAPTIST,Giulietta Baptist,Consumer,GB-14575|GB-4575,2,2011-12-08,2014-12-18,APAC|Africa|EMEA|EU|LATAM|US,United States,30,66,12570.90438,1633.26568,2011-12-08
GIULIETTA_DORTCH,Giulietta Dortch,Corporate,GD-14590|GD-4590,2,2011-02-02,2014-12-26,APAC|Africa|EMEA|EU|LATAM|US,Australia,33,56,18705.692600000002,1888.1498999999997,2011-02-02
GIULIETTA_WEIMER,Giulietta Weimer,Consumer,GW-14605|GW-4605,2,2011-03-01,2014-12-17,APAC|Africa|EMEA|EU|LATAM|US,United States,33,57,18070.2805,1199.0592,2011-03-01
GRACE_KELLY,Grace Kelly,Corporate,GK-14620|GK-4620,2,2011-01-06,2014-12-19,APAC|Africa|EMEA|EU|LATAM|US,United States,28,65,19980.3709,3495.2934,2011-01-06
GRANT_THORNTON,Grant Thornton,Corporate,GT-14635|GT-4635,2,2011-01-04,2014-12-22,APAC|Africa|EMEA|EU|LATAM|US,United Kingdom,27,48,20225.35784,-3577.923059999999,2011-01-04
GREG_GUTHRIE,Greg Guthrie,Corporate,GG-14650|GG-4650,2,2011-01-10,2014-11-28,APAC|Africa|EMEA|EU|LATAM|US,United States,33,75,13903.38476,1523.5232599999997,2011-01-10
GREG_HANSEN,Greg Hansen,Consumer,GH-14665|GH-4665,2,2011-01-24,2014-12-30,APAC|Africa|Canada|EMEA|EU|LATAM|US,United Arab Emirates,38,65,13998.520620000001,1584.6696200000001,2011-01-24
GREG_MATTHIAS,Greg Matthias,Consumer,GM-14680|GM-4680,2,2011-01-13,2014-12-30,APAC|Africa|EMEA|EU|LATAM|US,Australia,37,74,13601.01144,-1337.9200600000001,2011-01-13
GREG_MAXWELL,Greg Maxwell,Corporate,GM-14695|GM-4695,2,2011-04-05,2014-11-14,APAC|Africa|EMEA|EU|LATAM|US,United States,26,64,15356.444,-11.358499999999323,2011-04-05
GREG_TRAN,Greg Tran,Consumer,GT-14710|GT-4710,2,2011-03-08,2014-12-23,APAC|Africa|EMEA|EU|LATAM|US,United States,34,87,35550.95428,5214.131179999999,2011-03-08
GUY_ARMSTRONG,Guy Armstrong,Consumer,GA-14725|GA-4725,2,2011-02-12,2014-12-29,APAC|EMEA|EU|LATAM|US,United States,28,64,10278.3415,771.9773999999999,2011-02-12
GUY_PHONELY,Guy Phonely,Corporate,GP-14740|GP-4740,2,2011-04-06,2014-12-30,APAC|Africa|EMEA|EU|LATAM|US,France,33,74,15403.832,1250.1096,2011-04-06
GUY_THORNTON,Guy Thornton,Consumer,GT-14755|GT-4755,2,2011-03-30,2014-12-31,APAC|Africa|Canada|EMEA|EU|LATAM|US,India,31,62,9059.28452,784.17932,2011-03-30
HALLIE_REDMOND,Hallie Redmond,Home Office,HR-14770|HR-4770,2,2011-02-09,2014-12-18,APAC|Africa|Canada|EMEA|EU|LATAM|US,United States,26,61,15677.251,1705.2724,2011-02-09
HAROLD_DAHLEN,Harold Dahlen,Home Office,HD-14785|HD-4785,2,2011-05-11,2014-11-19,APAC|Africa|EMEA|EU|LATAM|US,Panama,36,81,20074.748199999998,2631.1922000000004,2011-05-11
HAROLD_ENGLE,Harold Engle,Corporate,HE-14800|HE-4800,2,2011-01-30,2014-12-25,APAC|Africa|EMEA|EU|LATAM|US,Brazil,35,71,10993.81722,1710.43802,2011-01-30
HAROLD_PAWLAN,Harold Pawlan,Home Office,HP-14815|HP-4815,2,2011-03-25,2014-12-01,APAC|Africa|EMEA|EU|LATAM|US,United States,29,45,8518.1215,880.2211999999998,2011-03-25
HAROLD_RYAN,Harold Ryan,Corporate,HR-14830|HR-4830,2,2011-09-15,2014-11-10,APAC|Africa|EMEA|EU|LATAM|US,United States,24,44,10029.09236,1456.03576,2011-09-15
HARRY_GREENE,Harry Greene,Consumer,HG-14845|HG-4845,2,2011-04-29,2014-12-19,APAC|Africa|EMEA|EU|LATAM|US,Australia,39,101,24216.45252,-291.4922799999998,2011-04-29
HARRY_MARIE,Harry Marie,Corporate,HM-14860|HM-4860,2,2011-01-07,2014-12-30,APAC|Africa|EMEA|EU|LATAM|US,United States,41,85,28476.937599999997,6958.2864,2011-01-07
HEATHER_JAS,Heather Jas,Home Office,HJ-14875|HJ-4875,2,2011-04-29,2014-12-26,APAC|Africa|EMEA|EU|LATAM|US,France,38,68,15434.0162,2618.261,2011-04-29
HEATHER_KIRKLAND,Heather Kirkland,Corporate,HK-14890|HK-4890,2,2011-01-26,2014-11-18,APAC|Africa|Canada|EMEA|EU|LATAM|US,United States,33,60,15543.4091,2494.9302000000002,2011-01-26
HELEN_ABELMAN,Helen Abelman,Consumer,HA-14905|HA-4905,2,2011-06-30,2014-12-18,APAC|Africa|EMEA|EU|LATAM|US,United States,28,62,16933.41844,-761.6941599999998,2011-06-30
HELEN_ANDREADA,Helen Andreada,Consumer,HA-14920|HA-4920,2,2011-02-14,2014-12-11,APAC|Canada|EMEA|EU|LATAM|US,United States,31,63,10411.0721,1561.1585999999998,2011-02-14
HELEN_WASSERMAN,Helen Wasserman,Corporate,HW-14935|HW-4935,2,2011-09-23,2014-11-27,APAC|Africa|EMEA|EU|LATAM|US,United States,35,66,18374.026,2555.1131,2011-09-23
HENIA_ZYDLO,Henia Zydlo,Consumer,HZ-14950|HZ-4950,2,2011-01-08,2014-11-26,APAC|Africa|EMEA|EU|LATAM|US,France,28,57,12486.8208,741.4828999999997,2011-01-08
HENRY_GOLDWYN,Henry Goldwyn,Corporate,HG-14965|HG-4965,2,2011-09-20,2014-12-08,APAC|Africa|Canada|EMEA|EU|LATAM|US,United States,39,71,17165.2746,-1597.5109000000004,2011-09-20
HENRY_MACALLISTER,Henry MacAllister,Consumer,HM-14980|HM-4980,2,2011-08-15,2014-12-06,APAC|Africa|EMEA|EU|LATAM|US,China,34,64,17128.0896,2673.3390999999997,2011-08-15
HERBERT_FLENTYE,Herbert Flentye,Consumer,HF-14995|HF-4995,2,2011-01-28,2014-12-17,APAC|Africa|EMEA|EU|LATAM|US,United States,36,77,11812.8429,-653.1278999999997,2011-01-28
HILARY_HOLDEN,Hilary Holden,Corporate,HH-15010|HH-5010,2,2011-07-07,2014-11-07,APAC|Africa|EMEA|EU|LATAM|US,United Kingdom,27,57,15229.30782,2432.32402,2011-07-07
HUNTER_GLANTZ,Hunter Glantz,Consumer,HG-15025|HG-5025,2,2011-01-26,2014-12-25,APAC|Africa|EMEA|EU|LATAM|US,United States,36,67,16214.418599999999,1532.9159,2011-01-26
HUNTER_LOPEZ,Hunter Lopez,Consumer,HL-15040|HL-5040,2,2011-01-21,2014-12-01,APAC|Africa|EMEA|EU|LATAM|US,United States,24,53,30243.56658,7816.567779999999,2011-01-21
IONIA_MCGRATH,Ionia McGrath,Consumer,IM-15055|IM-5055,2,2011-01-24,2014-12-16,APAC|Africa|EMEA|EU|LATAM|US,France,22,39,9479.78976,2447.97986,2011-01-24
IRENE_MADDOX,Irene Maddox,Consumer,IM-15070|IM-5070,2,2011-01-20,2014-11-21,APAC|Africa|EMEA|EU|LATAM|US,United States,34,82,19918.167120000002,-680.3041799999999,2011-01-20
IVAN_GIBSON,Ivan Gibson,Consumer,IG-15085|IG-5085,2,2011-04-25,2014-12-30,APAC|Africa|EMEA|EU|LATAM|US,Australia,37,77,16149.37398,1911.16818,2011-04-25
IVAN_LISTON,Ivan Liston,Consumer,IL-15100|IL-5100,2,2011-06-09,2014-09-06,APAC|Africa|EMEA|EU|LATAM|US,United States,32,64,12855.501760000001,1181.0727599999998,2011-06-09
JACK_GARZA,Jack Garza,Consumer,JG-15115|JG-5115,2,2011-01-03,2014-12-26,APAC|Africa|EMEA|EU|LATAM|US,Mexico,28,62,15709.50388,-922.2610199999998,2011-01-03
JACK_LEBRON,Jack Lebron,Consumer,JL-15130|JL-5130,2,2011-03-21,2014-12-23,APAC|Africa|Canada|EMEA|EU|LATAM|US,France,40,83,18673.89914,1040.1775400000006,2011-03-21
JACK_O_BRIANT,Jack O'Briant,Corporate,JO-15145|JO-5145,2,2011-01-07,2014-12-26,APAC|Africa|EMEA|EU|LATAM|US,United States,29,51,13345.69,3045.2555,2011-01-07
JAMES_GALANG,James Galang,Consumer,JG-15160|JG-5160,2,2011-05-30,2014-12-30,APAC|Africa|EMEA|EU|LATAM|US,United States,40,83,21551.525999999998,4549.1004,2011-05-30
JAMES_LANIER,James Lanier,Home Office,JL-15175|JL-5175,2,2011-01-13,2014-12-25,APAC|Africa|EMEA|EU|LATAM|US,United States,32,53,14852.962459999999,1701.1711599999999,2011-01-13
JAMIE_FRAZER,Jamie Frazer,Consumer,JF-15190|JF-5190,2,2011-03-26,2014-12-25,APAC|Africa|EMEA|EU|LATAM|US,United States,36,74,20574.875500000002,1722.6054000000006,2011-03-26
JAMIE_KUNITZ,Jamie Kunitz,Consumer,JK-15205|JK-5205,2,2011-06-06,2014-10-31,APAC|Africa|EMEA|EU|LATAM|US,United States,29,50,12534.601200000001,2763.7821999999996,2011-06-06
JANET_LEE,Janet Lee,Consumer,JL-15235|JL-5235,2,2011-03-09,2014-12-30,APAC|Canada|EMEA|EU|LATAM|US,United States,28,69,20477.10164,4730.68904,2011-03-09
JANET_MARTIN,Janet Martin,Consumer,JM-15250|JM-5250,2,2011-01-24,2014-12-25,APAC|Africa|EMEA|EU|LATAM|US,United States,29,67,18018.66282,1664.6543199999994,2011-01-24
JANET_MOLINARI,Janet Molinari,Corporate,JM-15265|JM-5265,2,2011-03-18,2014-11-24,APAC|Africa|Canada|EU|LATAM|US,Australia,33,77,16168.4657,2780.094,2011-03-18
JANE_WACO,Jane Waco,Corporate,JW-15220|JW-5220,2,2011-05-16,2014-12-19,APAC|Africa|EMEA|EU|LATAM|US,United States,40,75,30288.4503,6265.8457,2011-05-16
JASON_FORTUNE,Jason Fortune-,Consumer,JF-15295|JF-5295,2,2011-03-14,2014-11-05,APAC|Africa|Canada|EMEA|EU|LATAM|US,United States,32,73,22816.1923,2692.5272999999997,2011-03-14
JASON_GROSS,Jason Gross,Corporate,JG-15310|JG-5310,2,2011-06-25,2014-12-29,APAC|EMEA|EU|LATAM|US,United States,29,55,13570.6979,2254.6355000000003,2011-06-25
JASON_KLAMCZYNSKI,Jason Klamczynski,Corporate,JK-15325|JK-5325,2,2011-01-22,2014-10-15,APAC|Africa|EU|LATAM|US,China,31,62,17204.23132,2022.38702,2011-01-22
JASPER_CACIOPPO,Jasper Cacioppo,Consumer,JC-15340|JC-5340,2,2011-01-04,2014-11-27,APAC|Africa|EMEA|EU|LATAM|US,Pakistan,35,73,18442.3896,337.7910000000005,2011-01-04
JAS_O_CARROLL,Jas O'Carroll,Consumer,JO-15280|JO-5280,2,2011-01-03,2014-12-17,APAC|EMEA|EU|LATAM|US,United States,25,44,8818.4151,1905.7893000000001,2011-01-03
JAY_FEIN,Jay Fein,Consumer,JF-15355|JF-5355,2,2011-01-26,2014-12-18,APAC|Africa|EMEA|EU|LATAM|US,United States,31,64,10819.33,-1874.6749999999997,2011-01-26
JAY_KIMMEL,Jay Kimmel,Consumer,JK-15370|JK-5370,2,2011-04-11,2014-12-30,APAC|Africa|EMEA|EU|LATAM|US,United States,33,67,13400.966040000001,1550.0478399999995,2011-04-11
JENNA_CAFFEY,Jenna Caffey,Consumer,JC-15385|JC-5385,2,2011-10-29,2014-12-23,APAC|Africa|EMEA|EU|LATAM|US,Dominican Republic,34,75,16162.005920000001,1304.5623199999998,2011-10-29
JENNIFER_BRAXTON,Jennifer Braxton,Corporate,JB-15400|JB-5400,2,2011-04-01,2014-12-24,APAC|Africa|EMEA|EU|LATAM|US,United States,41,73,15257.5339,2451.8621,2011-04-01
JENNIFER_FERGUSON,Jennifer Ferguson,Consumer,JF-15415|JF-5415,2,2011-06-09,2014-12-29,APAC|Africa|EMEA|EU|LATAM|US,United States,34,66,22944.48588,2666.8454800000004,2011-06-09
JENNIFER_HALLADAY,Jennifer Halladay,Consumer,JH-15430|JH-5430,2,2011-01-05,2014-12-26,APAC|Africa|Canada|EMEA|EU|LATAM|US,El Salvador,40,78,12689.6723,1590.6942000000001,2011-01-05
JENNIFER_JACKSON,Jennifer Jackson,Consumer,JJ-15445|JJ-5445,2,2011-05-18,2014-12-12,APAC|Africa|EMEA|EU|LATAM|US,United States,25,41,12187.0514,1022.6991999999999,2011-05-18
JENNIFER_PATT,Jennifer Patt,Corporate,JP-15460|JP-5460,2,2011-02-10,2014-11-25,APAC|Africa|Canada|EMEA|EU|LATAM|US,United States,36,78,14210.38782,2079.42932,2011-02-10
JEREMY_ELLISON,Jeremy Ellison,Consumer,JE-15475|JE-5475,2,2011-02-15,2014-12-04,APAC|Africa|EMEA|EU|LATAM|US,United States,30,43,6819.254,1318.1716999999999,2011-02-15
JEREMY_FARRY,Jeremy Farry,Consumer,JF-15490|JF-5490,2,2011-03-01,2014-12-27,APAC|Africa|EMEA|EU|LATAM|US,United States,37,57,10721.91786,1200.1025599999998,2011-03-01
JEREMY_LONSDALE,Jeremy Lonsdale,Consumer,JL-15505|JL-5505,2,2011-06-19,2014-12-01,APAC|Africa|EMEA|EU|LATAM|US,United States,25,48,11361.035,1186.2773,2011-06-19
JEREMY_PISTEK,Jeremy Pistek,Consumer,JP-15520|JP-5520,2,2011-08-12,2014-12-23,APAC|Africa|Canada|EMEA|EU|LATAM|US,United States,30,74,18656.57396,3170.1601599999995,2011-08-12
JESSICA_MYRICK,Jessica Myrick,Consumer,JM-15535|JM-5535,2,2011-04-25,2014-12-17,APAC|Africa|EMEA|EU|LATAM|US,India,25,51,7790.2300000000005,1358.9264999999998,2011-04-25
JESUS_OCAMPO,Jesus Ocampo,Home Office,JO-15550|JO-5550,2,2011-08-09,2014-12-19,APAC|Africa|EMEA|EU|LATAM|US,United States,28,53,8206.674,582.7569,2011-08-09
JILL_FJELD,Jill Fjeld,Consumer,JF-15565|JF-5565,2,2011-06-16,2014-12-30,APAC|Africa|EMEA|EU|LATAM|US,United States,35,78,23620.84866,4877.68546,2011-06-16
JILL_MATTHIAS,Jill Matthias,Consumer,JM-15580|JM-5580,2,2011-01-24,2014-12-31,APAC|Africa|EMEA|EU|LATAM|US,Brazil,29,58,14176.18,1716.7323999999999,2011-01-24
JILL_STEVENSON,Jill Stevenson,Corporate,JS-15595|JS-5595,2,2011-03-03,2014-12-26,APAC|Africa|Canada|EMEA|EU|LATAM|US,Turkey,24,49,10141.3295,-161.19349999999997,2011-03-03
JIM_EPP,Jim Epp,Corporate,JE-15610|JE-5610,2,2011-10-06,2014-11-19,APAC|Africa|EMEA|EU|LATAM|US,United States,32,64,13949.5474,1371.9133,2011-10-06
JIM_KARLSSON,Jim Karlsson,Consumer,JK-15625|JK-5625,2,2011-03-21,2014-12-30,APAC|Africa|Canada|EMEA|EU|LATAM|US,United States,35,69,17119.1711,3976.3415999999997,2011-03-21
JIM_KRIZ,Jim Kriz,Home Office,JK-15640|JK-5640,2,2011-09-19,2014-12-31,APAC|Africa|EMEA|EU|LATAM|US,United States,30,43,13065.879500000001,2754.2758,2011-09-19
JIM_MITCHUM,Jim Mitchum,Corporate,JM-15655|JM-5655,2,2011-02-24,2014-12-23,APAC|Africa|Canada|EMEA|EU|LATAM|US,United States,42,84,19897.39706,1798.53406,2011-02-24
JIM_RADFORD,Jim Radford,Consumer,JR-15670|JR-5670,2,2011-02-18,2014-12-19,APAC|Africa|EMEA|EU|LATAM|US,China,26,48,15923.1256,-760.4169000000002,2011-02-18
JIM_SINK,Jim Sink,Corporate,JS-15685|JS-5685,2,2011-06-07,2014-11-21,APAC|Africa|EMEA|EU|LATAM|US,United States,31,69,16282.5795,2350.4863,2011-06-07
JOCASTA_RUPERT,Jocasta Rupert,Consumer,JR-15700|JR-5700,2,2011-01-10,2014-12-24,APAC|Africa|EMEA|EU|LATAM|US,India,24,36,11241.48276,932.5277599999998,2011-01-10
JOEL_EATON,Joel Eaton,Consumer,JE-15745|JE-5745,2,2011-06-22,2014-11-29,APAC|Africa|EMEA|EU|LATAM|US,United States,42,87,21904.62896,1528.78066,2011-06-22
JOEL_JENKINS,Joel Jenkins,Home Office,JJ-15760|JJ-5760,2,2011-08-24,2014-12-29,APAC|Africa|EMEA|EU|LATAM|US,France,34,83,19993.76708,1848.9862799999999,2011-08-24
JOE_ELIJAH,Joe Elijah,Consumer,JE-15715|JE-5715,2,2011-01-08,2014-12-22,APAC|Africa|EMEA|EU|LATAM|US,United States,43,82,22455.5689,3620.8884999999996,2011-01-08
JOE_KAMBEROVA,Joe Kamberova,Consumer,JK-15730|JK-5730,2,2011-03-08,2014-11-13,APAC|Africa|EMEA|EU|LATAM|US,United States,40,91,26688.762,4373.5003,2011-03-08
JOHN_CASTELL,John Castell,Consumer,JC-15775|JC-5775,2,2011-09-14,2014-12-30,APAC|Africa|EMEA|EU|LATAM|US,United States,30,53,12295.27204,1858.38624,2011-09-14
JOHN_DRYER,John Dryer,Consumer,JD-15790|JD-5790,2,2011-06-03,2014-12-16,APAC|Africa|EMEA|EU|LATAM|US,United States,29,48,11590.82176,-1198.71274,2011-06-03
JOHN_GRADY,John Grady,Corporate,JG-15805|JG-5805,2,2011-04-05,2014-12-31,APAC|Africa|EMEA|EU|LATAM|US,Germany,40,95,22223.766200000002,3280.7800999999995,2011-04-05
JOHN_HUSTON,John Huston,Consumer,JH-15820|JH-5820,2,2011-02-10,2014-12-18,APAC|Africa|EMEA|EU|LATAM|US,Australia,38,83,25945.731499999998,5395.8237,2011-02-10
JOHN_LEE,John Lee,Consumer,JL-15835|JL-5835,2,2011-03-04,2014-12-10,APAC|Africa|EMEA|EU|LATAM|US,United States,37,72,25982.318,2393.0019999999995,2011-03-04
JOHN_LUCAS,John Lucas,Consumer,JL-15850|JL-5850,2,2011-02-21,2014-11-17,APAC|Africa|EMEA|EU|LATAM|US,United States,26,50,10501.278,354.2466000000002,2011-02-21
JOHN_MURRAY,John Murray,Consumer,JM-15865|JM-5865,2,2011-10-07,2014-10-24,APAC|Africa|Canada|EMEA|EU|LATAM|US,France,35,79,22386.214500000002,2318.1149000000005,2011-10-07
JOHN_STEVENSON,John Stevenson,Consumer,JS-15880|JS-5880,2,2011-04-08,2014-12-20,APAC|Africa|EMEA|EU|LATAM|US,United States,26,42,12189.097099999999,491.39690000000076,2011-04-08
JONATHAN_DOHERTY,Jonathan Doherty,Corporate,JD-15895|JD-5895,2,2011-03-26,2014-12-29,APAC|Africa|Canada|EMEA|EU|LATAM|US,United States,38,86,19481.75822,1726.79102,2011-03-26
JONATHAN_HOWELL,Jonathan Howell,Consumer,JH-15910|JH-5910,2,2011-04-08,2014-11-21,APAC|Africa|Canada|EMEA|EU|LATAM|US,Mexico,40,81,16546.7117,705.0601999999999,2011-04-08
JONI_BLUMSTEIN,Joni Blumstein,Consumer,JB-15925|JB-5925,2,2011-09-16,2014-12-22,APAC|Africa|EMEA|EU|LATAM|US,China,27,59,13337.37896,1130.50616,2011-09-16
JONI_SUNDARESAM,Joni Sundaresam,Home Office,JS-15940|JS-5940,2,2011-01-24,2014-12-26,APAC|Africa|Canada|EMEA|EU|LATAM|US,Turkey,28,53,6802.106,11.973400000000126,2011-01-24
JONI_WASSERMAN,Joni Wasserman,Consumer,JW-15955|JW-5955,2,2011-06-14,2014-12-26,APAC|Africa|EMEA|EU|LATAM|US,United States,32,60,10948.6287,657.1068,2011-06-14
JOSEPH_AIRDO,Joseph Airdo,Consumer,JA-15970|JA-5970,2,2011-06-21,2014-12-31,APAC|Africa|EMEA|EU|LATAM|US,United States,32,76,18162.6977,842.3299999999998,2011-06-21
JOSEPH_HOLT,Joseph Holt,Consumer,JH-15985|JH-5985,2,2011-01-01,2014-12-20,APAC|Africa|EMEA|EU|LATAM|US,United States,45,85,20936.8844,386.6781999999998,2011-01-01
JOY_BELL,Joy Bell-,Consumer,JB-16000|JB-6000,2,2011-03-30,2014-12-30,APAC|Africa|EMEA|EU|LATAM|US,Colombia,39,84,24008.187120000002,2867.92322,2011-03-30
JOY_DANIELS,Joy Daniels,Consumer,JD-16015|JD-6015,2,2011-06-10,2014-11-19,APAC|Africa|EMEA|EU|LATAM|US,United States,32,67,11343.4093,-604.4102000000001,2011-06-10
JOY_SMITH,Joy Smith,Consumer,JS-16030|JS-6030,2,2011-01-07,2014-12-10,APAC|Africa|Canada|EMEA|EU|LATAM|US,United States,36,70,20791.85098,-103.00052000000017,2011-01-07
JULIANA_KROHN,Juliana Krohn,Consumer,JK-16090|JK-6090,2,2011-06-18,2014-12-23,APAC|Africa|Canada|EMEA|EU|LATAM|US,China,38,83,23134.25284,1798.2473400000001,2011-06-18
JULIA_BARNETT,Julia Barnett,Home Office,JB-16045|JB-6045,2,2011-02-08,2014-12-31,APAC|Africa|EMEA|EU|LATAM|US,United States,34,57,17086.93168,249.04517999999993,2011-02-08
JULIA_DUNBAR,Julia Dunbar,Consumer,JD-16060|JD-6060,2,2011-02-22,2014-10-27,APAC|Africa|EMEA|EU|LATAM|US,France,28,48,11224.48096,564.90306,2011-02-22
JULIA_WEST,Julia West,Consumer,JW-16075|JW-6075,2,2011-03-22,2014-12-30,APAC|Africa|EMEA|EU|LATAM|US,France,29,61,20599.983,2950.0157,2011-03-22
JULIE_CREIGHTON,Julie Creighton,Corporate,JC-16105|JC-6105,2,2011-02-24,2014-11-04,APAC|Africa|EMEA|EU|LATAM|US,United States,34,63,14994.04488,-1889.1059199999995,2011-02-24
JULIE_KRIZ,Julie Kriz,Home Office,JK-16120|JK-6120,2,2011-03-28,2014-09-25,APAC|Africa|Canada|EMEA|EU|LATAM|US,United States,32,65,15647.78664,1894.19924,2011-03-28
JULIE_PRESCOTT,Julie Prescott,Home Office,JP-16135|JP-6135,2,2011-06-21,2014-12-05,APAC|Africa|EMEA|EU|LATAM|US,United States,42,76,14596.1586,3479.0402,2011-06-21
JUSTIN_DEGGELLER,Justin Deggeller,Corporate,JD-16150|JD-6150,2,2011-06-23,2014-12-31,APAC|Africa|EMEA|EU|LATAM|US,United States,34,71,23611.61948,2625.31888,2011-06-23
JUSTIN_ELLISON,Justin Ellison,Corporate,JE-16165|JE-6165,2,2011-10-19,2014-12-11,APAC|Africa|EMEA|EU|LATAM|US,Australia,28,53,12908.43436,2928.3039599999997,2011-10-19
JUSTIN_HIRSH,Justin Hirsh,Consumer,JH-16180|JH-6180,2,2011-03-29,2014-12-04,APAC|Africa|Canada|EMEA|EU|LATAM|US,Italy,40,81,23918.9014,3994.6644,2011-03-29
JUSTIN_MACKENDRICK,Justin MacKendrick,Consumer,JM-16195|JM-6195,2,2011-02-06,2014-12-19,APAC|Africa|EMEA|EU|LATAM|US,United States,33,53,9026.0566,1519.7949999999998,2011-02-06
JUSTIN_RITTER,Justin Ritter,Corporate,JR-16210|JR-6210,2,2011-10-13,2014-12-13,APAC|Africa|Canada|EMEA|EU|LATAM|US,United States,27,57,13623.249,1306.7559999999999,2011-10-13
KALYCA_MEADE,Kalyca Meade,Corporate,KM-16225|KM-6225,2,2011-03-08,2014-12-31,APAC|Africa|EMEA|EU|LATAM|US,United States,21,43,8645.9146,369.53229999999985,2011-03-08
KAREN_BERN,Karen Bern,Corporate,KB-16240|KB-6240,2,2011-03-31,2014-12-27,APAC|Africa|EMEA|EU|LATAM|US,United States,34,55,11846.018,2319.0705999999996,2011-03-31
KAREN_CARLISLE,Karen Carlisle,Corporate,KC-16255|KC-6255,2,2011-05-19,2014-11-17,APAC|Africa|EMEA|EU|LATAM|US,United States,35,63,10416.3223,1979.5,2011-05-19
KAREN_DANIELS,Karen Daniels,Consumer,KD-16270|KD-6270,2,2011-09-20,2014-11-25,APAC|EMEA|EU|LATAM|US,United States,30,64,24017.3275,2890.6946999999986,2011-09-20
KAREN_FERGUSON,Karen Ferguson,Home Office,KF-16285|KF-6285,2,2011-09-26,2014-11-29,APAC|Africa|EMEA|EU|LATAM|US,United States,30,62,18265.0205,2385.1931,2011-09-26
KAREN_SEIO,Karen Seio,Corporate,KS-16300|KS-6300,2,2011-03-11,2014-11-26,APAC|Africa|EMEA|EU|LATAM|US,Cuba,25,43,5324.97318,1113.68218,2011-03-11
KARL_BRAUN,Karl Braun,Consumer,KB-16315|KB-6315,2,2011-06-05,2014-12-29,APAC|Africa|EMEA|EU|LATAM|US,United States,40,93,17500.47728,1785.86258,2011-06-05
KATHARINE_HARMS,Katharine Harms,Corporate,KH-16330|KH-6330,2,2011-04-01,2014-12-15,APAC|Africa|EMEA|EU|LATAM|US,United States,39,74,18416.8525,3611.0256,2011-04-01
KATHERINE_DUCICH,Katherine Ducich,Consumer,KD-16345|KD-6345,2,2011-03-10,2014-11-20,APAC|Africa|EMEA|EU|LATAM|US,India,21,39,11693.500399999999,2428.8306,2011-03-10
KATHERINE_HUGHES,Katherine Hughes,Consumer,KH-16360|KH-6360,2,2011-03-01,2014-12-30,APAC|Africa|EMEA|EU|LATAM|US,Australia,35,75,12204.8744,1842.3875000000003,2011-03-01
KATHERINE_MURRAY,Katherine Murray,Home Office,KM-16375|KM-6375,2,2011-05-19,2014-12-29,APAC|Africa|Canada|EMEA|EU|LATAM|US,United States,33,81,18519.159639999998,1451.08384,2011-05-19
KATHERINE_NOCKTON,Katherine Nockton,Corporate,KN-16390|KN-6390,2,2011-10-26,2014-12-12,APAC|Africa|EMEA|EU|LATAM|US,United States,32,59,19668.86634,4145.19254,2011-10-26
KATRINA_BAVINGER,Katrina Bavinger,Home Office,KB-16405|KB-6405,2,2011-02-14,2014-12-12,APAC|EMEA|EU|LATAM|US,United States,31,68,14024.6405,618.2365000000002,2011-02-14
KATRINA_EDELMAN,Katrina Edelman,Corporate,KE-16420|KE-6420,2,2011-04-03,2014-12-05,APAC|Africa|EMEA|EU|LATAM|US,United States,35,67,13551.138719999999,1286.5474199999996,2011-04-03
KATRINA_WILLMAN,Katrina Willman,Consumer,KW-16435|KW-6435,2,2011-02-17,2014-12-05,APAC|Africa|EU|LATAM|US,United States,27,58,15747.2556,3107.0105999999996,2011-02-17
KEAN_NGUYEN,Kean Nguyen,Corporate,KN-16450|KN-6450,2,2011-01-03,2014-11-24,APAC|Africa|EMEA|EU|LATAM|US,Australia,34,66,18061.9801,2257.2164,2011-01-03
KEAN_TAKAHITO,Kean Takahito,Consumer,KT-16465|KT-6465,2,2011-03-23,2014-11-18,APAC|Africa|Canada|EMEA|EU|LATAM|US,United States,39,82,17257.1602,987.5933999999999,2011-03-23
KEAN_THORNTON,Kean Thornton,Consumer,KT-16480|KT-6480,2,2011-03-10,2014-12-04,APAC|Africa|EMEA|EU|LATAM|US,United States,27,45,8360.3921,-617.9192,2011-03-10
KEITH_DAWKINS,Keith Dawkins,Corporate,KD-16495|KD-6495,2,2011-06-14,2014-11-15,APAC|Africa|EMEA|EU|LATAM|US,United States,40,78,26451.2631,5486.1725,2011-06-14
KEITH_HERRERA,Keith Herrera,Consumer,KH-16510|KH-6510,2,2011-06-29,2014-12-16,APAC|Africa|EMEA|EU|LATAM|US,United States,33,79,16884.736,2196.8332,2011-06-29
KELLY_ANDREADA,Kelly Andreada,Consumer,KA-16525|KA-6525,2,2011-03-11,2014-12-15,APAC|Africa|EMEA|EU|LATAM|US,United States,42,86,18879.78412,1401.3975200000004,2011-03-11
KELLY_COLLISTER,Kelly Collister,Consumer,KC-16540|KC-6540,2,2011-06-15,2014-11-28,APAC|Africa|EMEA|EU|LATAM|US,Dominican Republic,32,55,19403.02326,2358.1031599999997,2011-06-15
KELLY_LAMPKIN,Kelly Lampkin,Corporate,KL-16555|KL-6555,2,2011-05-09,2014-12-16,APAC|Africa|EMEA|EU|LATAM|US,United States,33,86,14248.4477,738.7484,2011-05-09
KELLY_WILLIAMS,Kelly Williams,Consumer,KW-16570|KW-6570,2,2011-02-08,2014-12-09,APAC|Africa|EMEA|EU|LATAM|US,Australia,40,71,11833.7753,2371.1463,2011-02-08
KEN_BLACK,Ken Black,Corporate,KB-16585|KB-6585,2,2011-04-04,2014-09-29,APAC|EMEA|EU|LATAM|US,United States,29,66,16602.5295,1351.0226,2011-04-04
KEN_BRENNAN,Ken Brennan,Corporate,KB-16600|KB-6600,2,2011-05-18,2014-12-30,APAC|Africa|Canada|EMEA|EU|LATAM|US,United States,36,56,11463.6947,1046.2450999999999,2011-05-18
KEN_DANA,Ken Dana,Corporate,KD-16615|KD-6615,2,2011-10-20,2014-10-17,APAC|Africa|EU|LATAM|US,United States,27,56,12554.423620000001,1750.72552,2011-10-20
KEN_HEIDEL,Ken Heidel,Corporate,KH-16630|KH-6630,2,2011-02-02,2014-12-23,APAC|Africa|EMEA|EU|LATAM|US,United States,32,57,9016.57056,1505.9731599999998,2011-02-02
KEN_LONSDALE,Ken Lonsdale,Consumer,KL-16645|KL-6645,2,2011-01-03,2014-12-31,APAC|Africa|EMEA|EU|LATAM|US,United States,33,82,24129.4045,154.90049999999943,2011-01-03
KHLOE_MILLER,Khloe Miller,Consumer,KM-16660|KM-6660,2,2011-01-06,2014-12-16,APAC|Africa|EMEA|EU|LATAM|US,Indonesia,32,61,10973.8066,847.8976999999998,2011-01-06
KIMBERLY_CARTER,Kimberly Carter,Corporate,KC-16675|KC-6675,2,2011-09-07,2014-12-29,APAC|Africa|EMEA|EU|LATAM|US,Germany,26,53,13923.12304,2144.96274,2011-09-07
KRISTEN_HASTINGS,Kristen Hastings,Corporate,KH-16690|KH-6690,2,2011-03-21,2014-12-29,APAC|Africa|Canada|EMEA|EU|LATAM|US,United States,46,88,19854.4741,2370.5742,2011-03-21
KRISTINA_NUNN,Kristina Nunn,Home Office,KN-16705|KN-6705,2,2011-03-02,2014-09-24,APAC|Africa|EMEA|EU|LATAM|US,United States,24,46,10715.636,1698.5085,2011-03-02
KUNST_MILLER,Kunst Miller,Consumer,KM-16720|KM-6720,2,2011-03-30,2014-12-03,APAC|EMEA|EU|LATAM|US,United States,26,69,16969.674,2759.1904999999997,2011-03-30
LARRY_BLACKS,Larry Blacks,Consumer,LB-16735|LB-6735,2,2011-01-03,2014-12-22,APAC|Africa|Canada|EMEA|EU|LATAM|US,Dominican Republic,36,63,14583.989220000001,1664.4919199999997,2011-01-03
LARRY_HUGHES,Larry Hughes,Consumer,LH-16750|LH-6750,2,2011-07-23,2014-12-19,APAC|Africa|EMEA|EU|LATAM|US,Mexico,27,50,8690.7402,641.2018999999996,2011-07-23
LARRY_TRON,Larry Tron,Consumer,LT-16765|LT-6765,2,2011-01-23,2014-12-25,APAC|Africa|Canada|EMEA|EU|LATAM|US,Nicaragua,34,56,18619.11294,4213.65294,2011-01-23
LAURA_ARMSTRONG,Laura Armstrong,Corporate,LA-16780|LA-6780,2,2011-02-17,2014-12-30,APAC|Africa|EMEA|EU|LATAM|US,United States,46,86,27862.4419,3962.3098,2011-02-17
LAUREL_BELTRAN,Laurel Beltran,Home Office,LB-16795|LB-6795,2,2011-02-14,2014-11-22,APAC|Africa|EMEA|EU|LATAM|US,United States,39,88,26385.98522,4303.23822,2011-02-14
LAUREL_ELLISTON,Laurel Elliston,Consumer,LE-16810|LE-6810,2,2011-04-19,2014-12-17,APAC|EMEA|EU|LATAM|US,Spain,30,61,11478.7737,2025.0285999999999,2011-04-19
LAUREL_WORKMAN,Laurel Workman,Corporate,LW-16825|LW-6825,2,2011-03-24,2014-12-09,APAC|Africa|EMEA|EU|LATAM|US,United States,31,63,10872.60924,1148.80494,2011-03-24
LAUREN_LEATHERBURY,Lauren Leatherbury,Consumer,LL-16840|LL-6840,2,2011-04-29,2014-12-05,APAC|Africa|EMEA|EU|LATAM|US,United States,35,66,14936.93606,894.93986,2011-04-29
LELA_DONOVAN,Lela Donovan,Corporate,LD-16855|LD-6855,2,2011-05-12,2014-11-19,APAC|Africa|EMEA|EU|LATAM|US,Indonesia,38,71,16184.63858,1486.73868,2011-05-12
LENA_CACIOPPO,Lena Cacioppo,Consumer,LC-16870|LC-6870,2,2011-02-26,2014-12-08,APAC|Africa|EMEA|EU|LATAM|US,United States,29,66,11080.34336,1176.76826,2011-02-26
LENA_CREIGHTON,Lena Creighton,Consumer,LC-16885|LC-6885,2,2011-01-24,2014-12-15,APAC|Africa|Canada|EMEA|EU|LATAM|US,United States,38,69,18886.9004,1172.5112999999997,2011-01-24
LENA_HERNANDEZ,Lena Hernandez,Consumer,LH-16900|LH-6900,2,2011-05-13,2014-12-10,APAC|Africa|EMEA|EU|LATAM|US,United States,32,55,12939.16928,997.3899799999998,2011-05-13
LENA_RADFORD,Lena Radford,Consumer,LR-16915|LR-6915,2,2011-03-25,2014-12-05,APAC|Africa|EMEA|EU|LATAM|US,United States,29,65,22902.741560000002,3371.7159599999995,2011-03-25
LINDA_CAZAMIAS,Linda Cazamias,Corporate,LC-16930|LC-6930,2,2011-02-21,2014-11-20,APAC|Africa|EMEA|EU|LATAM|US,United States,35,67,16741.38396,2273.42396,2011-02-21
LINDA_SOUTHWORTH,Linda Southworth,Corporate,LS-16945|LS-6945,2,2011-04-26,2014-12-25,APAC|Africa|Canada|EMEA|EU|LATAM|US,United States,32,63,13146.15176,-67.85194000000033,2011-04-26
LINDSAY_CASTELL,Lindsay Castell,Home Office,LC-16960|LC-6960,2,2011-04-26,2014-12-29,APAC|Africa|EMEA|EU|LATAM|US,United States,30,50,14299.4995,1420.7137000000002,2011-04-26
LINDSAY_SHAGIARI,Lindsay Shagiari,Home Office,LS-16975|LS-6975,2,2011-06-17,2014-12-11,APAC|Africa|Canada|EMEA|EU|LATAM|US,United States,27,59,9363.0997,1778.0723999999998,2011-06-17
LINDSAY_WILLIAMS,Lindsay Williams,Corporate,LW-16990|LW-6990,2,2011-01-03,2014-12-17,APAC|Africa|EMEA|EU|LATAM|US,United States,34,58,10981.6205,1486.9264,2011-01-03
LISA_DECHERNEY,Lisa DeCherney,Consumer,LD-17005|LD-7005,2,2011-02-11,2014-11-18,APAC|Africa|Canada|EMEA|EU|LATAM|US,India,33,58,11823.34064,1165.43804,2011-02-11
LISA_HAZARD,Lisa Hazard,Consumer,LH-17020|LH-7020,2,2011-05-27,2014-11-20,APAC|Africa|EMEA|EU|LATAM|US,Mexico,21,43,9162.9978,1338.0789,2011-05-27
LISA_RYAN,Lisa Ryan,Corporate,LR-17035|LR-7035,2,2011-03-28,2014-11-16,APAC|Africa|EMEA|EU|LATAM|US,United States,35,78,18796.9522,2449.1382999999996,2011-03-28
LIZ_CARLISLE,Liz Carlisle,Consumer,LC-17050|LC-7050,2,2011-02-01,2014-12-27,APAC|Africa|EMEA|EU|LATAM|US,United States,30,58,20127.52582,2847.60982,2011-02-01
LIZ_MACKENDRICK,Liz MacKendrick,Consumer,LM-17065|LM-7065,2,2011-02-21,2014-12-24,APAC|Africa|EMEA|EU|LATAM|US,Algeria,22,50,15529.853000000001,1868.151,2011-02-21
LIZ_PELLETIER,Liz Pelletier,Consumer,LP-17080|LP-7080,2,2011-01-27,2014-11-21,APAC|Africa|EMEA|EU|LATAM|US,United States,31,54,9463.3275,-265.57720000000006,2011-01-27
LIZ_PREIS,Liz Preis,Consumer,LP-17095|LP-7095,2,2011-04-04,2014-12-31,APAC|Africa|Canada|EMEA|EU|LATAM|US,United States,30,71,16609.5116,2122.698,2011-04-04
LIZ_THOMPSON,Liz Thompson,Consumer,LT-17110|LT-7110,2,2011-02-07,2014-11-27,APAC|Africa|EMEA|EU|LATAM|US,United States,32,74,21221.767160000003,3146.42816,2011-02-07
LIZ_WILLINGHAM,Liz Willingham,Consumer,LW-17125|LW-7125,2,2011-04-07,2014-11-28,APAC|Africa|EMEA|EU|LATAM|US,France,25,41,8046.61,1400.0412,2011-04-07
LOGAN_CURRIE,Logan Currie,Consumer,LC-17140|LC-7140,2,2011-07-27,2014-12-18,APAC|Africa|Canada|EMEA|EU|LATAM|US,United States,36,71,16082.67376,1925.2869600000001,2011-07-27
LOGAN_HAUSHALTER,Logan Haushalter,Consumer,LH-17155|LH-7155,2,2011-03-01,2014-10-17,APAC|Africa|Canada|EMEA|EU|LATAM|US,United States,37,72,17292.2398,1519.5309999999995,2011-03-01
LORI_OLSON,Lori Olson,Corporate,LO-17170|LO-7170,2,2011-02-02,2014-12-29,APAC|Africa|EMEA|EU|LATAM|US,United States,35,69,13537.508600000001,1788.7198,2011-02-02
LUKE_FOSTER,Luke Foster,Consumer,LF-17185|LF-7185,2,2011-07-26,2014-12-09,APAC|Africa|EMEA|EU|LATAM|US,United States,27,61,13421.2385,-3644.347500000001,2011-07-26
LUKE_SCHMIDT,Luke Schmidt,Corporate,LS-17200|LS-7200,2,2011-01-31,2014-12-16,APAC|EMEA|EU|LATAM|US,United States,28,58,15599.397219999999,1653.9682200000002,2011-01-31
LUKE_WEISS,Luke Weiss,Consumer,LW-17215|LW-7215,2,2011-01-25,2014-12-10,APAC|Africa|Canada|EMEA|EU|LATAM|US,United States,29,53,12051.50544,849.3825400000002,2011-01-25
LYCORIS_SAUNDERS,Lycoris Saunders,Consumer,LS-17230|LS-7230,2,2011-01-07,2014-12-27,APAC|Africa|EMEA|EU|LATAM|US,Australia,34,79,11741.51948,1377.40468,2011-01-07
LYNN_SMITH,Lynn Smith,Consumer,LS-17245|LS-7245,2,2011-04-01,2014-11-27,APAC|Africa|Canada|EU|LATAM|US,United States,30,54,11712.139,1498.1313999999998,2011-04-01
MAGDELENE_MORSE,Magdelene Morse,Consumer,MM-17260|MM-7260,2,2011-01-02,2014-12-27,APAC|Africa|Canada|EMEA|EU|LATAM|US,Guatemala,31,66,21224.076119999998,4380.72512,2011-01-02
MARC_CRIER,Marc Crier,Consumer,MC-17275|MC-7275,2,2011-06-10,2014-11-17,APAC|Africa|EMEA|EU|LATAM|US,United States,39,69,15981.0925,2113.4818999999998,2011-06-10
MARC_HARRIGAN,Marc Harrigan,Home Office,MH-17290|MH-7290,2,2011-01-22,2014-11-24,APAC|Africa|EU|LATAM|US,United States,28,64,15404.03666,2316.01286,2011-01-22
MARIA_BERTELSON,Maria Bertelson,Consumer,MB-17305|MB-7305,2,2011-08-08,2014-12-30,APAC|Africa|EMEA|EU|LATAM|US,United States,35,60,21603.93432,4622.34732,2011-08-08
MARIA_ETEZADI,Maria Etezadi,Home Office,ME-17320|ME-7320,2,2011-01-07,2014-12-26,APAC|Africa|EMEA|EU|LATAM|US,United States,40,84,26247.217,3418.558499999999,2011-01-07
MARIA_ZETTNER,Maria Zettner,Home Office,MZ-17335|MZ-7335,2,2011-04-15,2014-12-10,APAC|Africa|EMEA|EU|LATAM|US,Australia,31,53,17958.1603,2254.5034,2011-04-15
MARIBETH_DONA,Maribeth Dona,Consumer,MD-17350|MD-7350,2,2011-05-31,2014-12-05,APAC|Africa|Canada|EMEA|EU|LATAM|US,United States,36,70,17829.52532,1230.6333200000001,2011-05-31
MARIBETH_SCHNELLING,Maribeth Schnelling,Consumer,MS-17365|MS-7365,2,2011-01-07,2014-12-26,APAC|Africa|EMEA|EU|LATAM|US,United States,39,79,21682.5467,3529.3421999999996,2011-01-07
MARIBETH_YEDWAB,Maribeth Yedwab,Corporate,MY-17380|MY-7380,2,2011-05-05,2014-12-02,APAC|Africa|EMEA|EU|LATAM|US,United States,32,56,16469.7212,3559.5072999999998,2011-05-05
MARINA_LICHTENSTEIN,Marina Lichtenstein,Corporate,ML-17395|ML-7395,2,2011-02-15,2014-12-31,APAC|Africa|EMEA|EU|LATAM|US,United States,32,57,15556.479479999998,1284.2326799999998,2011-02-15
MARIS_LAWARE,Maris LaWare,Consumer,ML-17410|ML-7410,2,2011-11-01,2014-11-28,APAC|EMEA|EU|LATAM|US,United States,33,60,15174.8383,1154.1427999999999,2011-11-01
MARK_COUSINS,Mark Cousins,Corporate,MC-17425|MC-7425,2,2011-03-21,2014-12-08,APAC|Africa|EMEA|EU|LATAM|US,Mexico,35,74,16545.25618,2851.25848,2011-03-21
MARK_HABERLIN,Mark Haberlin,Corporate,MH-17440|MH-7440,2,2011-02-05,2014-12-23,APAC|Africa|Canada|EMEA|EU|LATAM|US,Germany,33,73,11302.8258,1552.0084,2011-02-05
MARK_HAMILTON,Mark Hamilton,Consumer,MH-17455|MH-7455,2,2011-03-11,2014-11-07,APAC|Africa|EMEA|EU|LATAM|US,United States,37,64,14721.64572,527.04702,2011-03-11
MARK_PACKER,Mark Packer,Home Office,MP-17470|MP-7470,2,2011-03-30,2014-12-26,APAC|Africa|EU|LATAM|US,United States,30,52,12986.9128,2172.9781,2011-03-30
MARK_VAN_HUFF,Mark Van Huff,Consumer,MV-17485|MV-7485,2,2011-01-21,2014-12-15,APAC|Africa|EMEA|EU|LATAM|US,United States,32,57,11515.9033,1810.6390999999999,2011-01-21
MARYBETH_SKACH,MaryBeth Skach,Consumer,MS-17530|MS-7530,2,2011-06-24,2014-12-16,APAC|Africa|EMEA|EU|LATAM|US,Australia,33,63,14791.84836,1987.3791600000002,2011-06-24
MARY_O_ROURKE,Mary O'Rourke,Consumer,MO-17500|MO-7500,2,2011-02-10,2014-11-25,APAC|Africa|EMEA|EU|LATAM|US,Brazil,29,57,11125.2782,519.0088999999998,2011-02-10
MARY_ZEWE,Mary Zewe,Corporate,MZ-17515|MZ-7515,2,2011-03-02,2014-12-08,APAC|Africa|Canada|EMEA|EU|LATAM|US,United States,34,77,16577.13784,1883.0421400000005,2011-03-02
MATHEW_REESE,Mathew Reese,Home Office,MR-17545|MR-7545,2,2011-07-28,2014-09-25,APAC|Africa|EMEA|EU|LATAM|US,Germany,29,76,21571.9523,3711.2306,2011-07-28
MATTHEW_CLASEN,Matthew Clasen,Corporate,MC-17635|MC-7635,2,2011-03-25,2014-12-26,APAC|Africa|EMEA|EU|LATAM|US,Brazil,38,80,21808.7967,3643.2892,2011-03-25
MATTHEW_GRINSTEIN,Matthew Grinstein,Home Office,MG-17650|MG-7650,2,2011-08-09,2014-12-12,APAC|Africa|EU|LATAM|US,United States,22,51,13018.97968,2205.32168,2011-08-09
MATT_ABELMAN,Matt Abelman,Home Office,MA-17560|MA-7560,2,2011-01-19,2014-10-28,APAC|Africa|EMEA|EU|LATAM|US,United States,28,82,12441.95788,519.9034800000001,2011-01-19
MATT_COLLINS,Matt Collins,Consumer,MC-17575|MC-7575,2,2011-08-15,2014-12-22,APAC|Africa|EMEA|EU|LATAM|US,United States,41,75,17900.84106,1749.34736,2011-08-15
MATT_COLLISTER,Matt Collister,Corporate,MC-17590|MC-7590,2,2011-04-27,2014-11-10,APAC|Africa|EMEA|EU|LATAM|US,United States,28,55,11672.901679999999,1907.18878,2011-04-27
MATT_CONNELL,Matt Connell,Corporate,MC-17605|MC-7605,2,2011-03-19,2014-11-12,APAC|Africa|EMEA|EU|LATAM|US,United States,28,58,13227.6119,1366.9685,2011-03-19
MATT_HAGELSTEIN,Matt Hagelstein,Corporate,MH-17620|MH-7620,2,2011-02-16,2014-12-08,APAC|Africa|Canada|EMEA|EU|LATAM|US,Mexico,27,60,12217.97978,274.89098000000024,2011-02-16
MAUREEN_FRITZLER,Maureen Fritzler,Corporate,MF-17665|MF-7665,2,2011-03-11,2014-11-13,APAC|Africa|EMEA|EU|LATAM|US,France,32,56,13528.44134,1420.8858399999997,2011-03-11
MAUREEN_GASTINEAU,Maureen Gastineau,Home Office,MG-17680|MG-7680,2,2011-07-18,2014-11-25,APAC|Africa|EMEA|EU|LATAM|US,United States,37,83,20360.1221,741.1926999999997,2011-07-18
MAUREEN_GNADE,Maureen Gnade,Consumer,MG-17695|MG-7695,2,2011-03-07,2014-12-31,APAC|Africa|EMEA|EU|LATAM|US,Australia,32,74,18326.2228,845.6976,2011-03-07
MAURICE_SATTY,Maurice Satty,Consumer,MS-17710|MS-7710,2,2011-03-08,2014-12-02,APAC|Africa|EMEA|EU|LATAM|US,United States,34,61,10030.09026,1152.7430599999998,2011-03-08
MAXWELL_SCHWARTZ,Maxwell Schwartz,Consumer,MS-17770|MS-7770,2,2011-05-18,2014-11-27,APAC|Africa|EMEA|EU|LATAM|US,United States,42,73,17921.49504,2851.78544,2011-05-18
MAX_ENGLE,Max Engle,Consumer,ME-17725|ME-7725,2,2011-04-06,2014-12-20,APAC|Africa|Canada|EMEA|EU|LATAM|US,United States,39,72,9923.7616,673.2612,2011-04-06
MAX_JONES,Max Jones,Consumer,MJ-17740|MJ-7740,2,2011-04-27,2014-12-10,APAC|Africa|EMEA|EU|LATAM|US,United States,30,60,16484.553,2437.6298999999995,2011-04-27
MAX_LUDWIG,Max Ludwig,Home Office,ML-17755|ML-7755,2,2011-02-03,2014-12-30,APAC|Africa|Canada|EMEA|EU|LATAM|US,Australia,35,63,15533.6044,1837.7615999999998,2011-02-03
MAYA_HERMAN,Maya Herman,Corporate,MH-17785|MH-7785,2,2011-01-04,2014-12-31,APAC|Africa|EMEA|EU|LATAM|US,China,35,62,13590.96604,1470.52944,2011-01-04
MEG_O_CONNEL,Meg O'Connel,Home Office,MO-17800|MO-7800,2,2011-02-10,2014-12-25,APAC|Africa|EMEA|EU|LATAM|US,United States,34,58,18003.3888,3104.0855,2011-02-10
MEG_TILLMAN,Meg Tillman,Consumer,MT-17815|MT-7815,2,2011-03-29,2014-11-12,APAC|Africa|EMEA|EU|LATAM|US,United States,33,59,15346.1068,793.4146000000001,2011-03-29
MELANIE_SEITE,Melanie Seite,Consumer,MS-17830|MS-7830,2,2011-01-10,2014-12-27,APAC|Africa|EMEA|EU|LATAM|US,Australia,34,70,16106.3013,2060.2844999999998,2011-01-10
MICHAEL_CHEN,Michael Chen,Consumer,MC-17845|MC-7845,2,2011-07-05,2014-12-30,APAC|Africa|EMEA|EU|LATAM|US,United States,35,65,15939.612019999999,1213.0054199999997,2011-07-05
MICHAEL_DOMINGUEZ,Michael Dominguez,Corporate,MD-17860|MD-7860,2,2011-01-18,2014-11-25,APAC|EMEA|EU|LATAM|US,United States,33,59,22429.16074,3772.40044,2011-01-18
MICHAEL_GRACE,Michael Grace,Home Office,MG-17875|MG-7875,2,2011-02-24,2014-12-26,APAC|Africa|EU|LATAM|US,Australia,34,61,14533.010620000001,-117.61078000000039,2011-02-24
MICHAEL_GRANLUND,Michael Granlund,Home Office,MG-17890|MG-7890,2,2011-01-05,2014-12-26,APAC|EMEA|EU|LATAM|US,United States,30,63,13181.3769,-999.7798999999999,2011-01-05
MICHAEL_KENNEDY,Michael Kennedy,Corporate,MK-17905|MK-7905,2,2011-01-19,2014-12-10,APAC|Africa|Canada|EMEA|EU|LATAM|US,United States,42,74,14447.4039,-210.63999999999953,2011-01-19
MICHAEL_MOORE,Michael Moore,Consumer,MM-17920|MM-7920,2,2011-01-14,2014-12-24,APAC|Africa|EMEA|EU|LATAM|US,United States,39,78,21733.684,2058.908999999999,2011-01-14
MICHAEL_NGUYEN,Michael Nguyen,Consumer,MN-17935|MN-7935,2,2011-02-17,2014-12-23,APAC|Africa|EMEA|EU|LATAM|US,United States,27,55,15046.26412,1392.17082,2011-02-17
MICHAEL_OAKMAN,Michael Oakman,Consumer,MO-17950|MO-7950,2,2011-08-17,2014-12-25,APAC|Africa|EMEA|EU|LATAM|US,Germany,17,29,5460.584,286.2586,2011-08-17
MICHAEL_PAIGE,Michael Paige,Corporate,MP-17965|MP-7965,2,2011-01-22,2014-12-04,APAC|Africa|EMEA|EU|LATAM|US,United States,47,94,17795.5907,1632.695,2011-01-22
MICHAEL_STEWART,Michael Stewart,Corporate,MS-17980|MS-7980,2,2011-03-21,2014-12-25,APAC|Africa|EMEA|EU|LATAM|US,United States,32,77,17865.2162,1247.3462000000002,2011-03-21
MICHELLE_ARNETT,Michelle Arnett,Home Office,MA-17995|MA-7995,2,2011-01-20,2014-12-15,APAC|Africa|Canada|EMEA|EU|LATAM|US,United States,33,59,11934.45734,1102.67554,2011-01-20
MICHELLE_ELLISON,Michelle Ellison,Corporate,ME-18010|ME-8010,2,2011-02-10,2014-11-19,APAC|Africa|EU|LATAM|US,France,28,49,10708.13192,655.21832,2011-02-10
MICHELLE_HUTHWAITE,Michelle Huthwaite,Consumer,MH-18025|MH-8025,2,2011-05-13,2014-12-17,APAC|Africa|Canada|EMEA|EU|LATAM|US,United States,28,50,12849.1285,861.1837,2011-05-13
MICHELLE_LONSDALE,Michelle Lonsdale,Corporate,ML-18040|ML-8040,2,2011-02-18,2014-12-24,APAC|Africa|Canada|EMEA|EU|LATAM|US,France,26,47,10368.494999999999,1962.8392000000001,2011-02-18
MICHELLE_MORAY,Michelle Moray,Consumer,MM-18055|MM-8055,2,2011-03-11,2014-12-16,APAC|Africa|EMEA|EU|LATAM|US,United States,33,66,13088.498,1262.7827000000002,2011-03-11
MICHELLE_TRAN,Michelle Tran,Home Office,MT-18070|MT-8070,2,2011-06-07,2014-08-26,APAC|Africa|EMEA|EU|LATAM|US,United States,31,68,17772.3219,-1788.0441999999996,2011-06-07
MICK_BROWN,Mick Brown,Consumer,MB-18085|MB-8085,2,2011-01-06,2014-12-20,APAC|Africa|EMEA|EU|LATAM|US,Mexico,38,71,16447.73888,2595.96358,2011-01-06
MICK_CREBAGGA,Mick Crebagga,Consumer,MC-18100|MC-8100,2,2011-01-15,2014-11-20,APAC|EMEA|EU|LATAM|US,United States,36,62,12013.086599999999,336.1498000000002,2011-01-15
MICK_HERNANDEZ,Mick Hernandez,Home Office,MH-18115|MH-8115,2,2011-08-06,2014-12-26,APAC|Africa|EMEA|EU|LATAM|US,United States,33,67,13277.807,1488.1886,2011-08-06
MIKE_CAUDLE,Mike Caudle,Corporate,MC-18130|MC-8130,2,2011-06-01,2014-11-10,APAC|Africa|EMEA|EU|LATAM|US,United States,28,57,9359.053,796.6314999999998,2011-06-01
MIKE_GOCKENBACH,Mike Gockenbach,Consumer,MG-18145|MG-8145,2,2011-03-29,2014-12-29,APAC|Africa|EMEA|EU|LATAM|US,Honduras,27,51,23377.072200000002,6458.6762,2011-03-29
MIKE_KENNEDY,Mike Kennedy,Consumer,MK-18160|MK-8160,2,2011-02-25,2014-12-09,APAC|Africa|Canada|EMEA|EU|LATAM|US,United States,30,82,12740.3848,758.5966000000001,2011-02-25
MIKE_PELLETIER,Mike Pelletier,Home Office,MP-18175|MP-8175,2,2011-03-28,2014-12-15,APAC|Africa|EMEA|EU|LATAM|US,United States,42,82,24214.4268,532.5997000000002,2011-03-28
MIKE_VITTORINI,Mike Vittorini,Consumer,MV-18190|MV-8190,2,2011-01-31,2014-12-24,APAC|Africa|EMEA|EU|LATAM|US,United States,38,62,19572.0756,1360.0397999999998,2011-01-31
MITCH_GASTINEAU,Mitch Gastineau,Corporate,MG-18205|MG-8205,2,2011-02-23,2014-12-30,APAC|Africa|Canada|EMEA|EU|LATAM|US,India,36,68,18011.8396,1822.4353,2011-02-23
MITCH_WEBBER,Mitch Webber,Consumer,MW-18220|MW-8220,2,2011-01-24,2014-12-14,APAC|Africa|EMEA|EU|LATAM|US,United States,36,74,23068.5783,4086.5402999999997,2011-01-24
MITCH_WILLINGHAM,Mitch Willingham,Corporate,MW-18235|MW-8235,2,2011-03-03,2014-12-31,APAC|Africa|EMEA|EU|LATAM|US,Brazil,30,66,19003.8329,145.51289999999977,2011-03-03
MONICA_FEDERLE,Monica Federle,Corporate,MF-18250|MF-8250,2,2011-06-01,2014-12-24,APAC|Africa|EMEA|EU|LATAM|US,United States,38,86,21942.8496,2573.3404,2011-06-01
MUHAMMED_LEE,Muhammed Lee,Consumer,ML-18265|ML-8265,2,2011-06-06,2014-12-23,APAC|Africa|EMEA|EU|LATAM|US,Germany,35,71,15844.72116,2314.36396,2011-06-06
MUHAMMED_MACINTYRE,Muhammed MacIntyre,Corporate,MM-18280|MM-8280,2,2011-01-21,2014-12-19,APAC|Africa|EMEA|EU|LATAM|US,United States,35,55,10720.999,2166.4666,2011-01-21
MUHAMMED_YEDWAB,Muhammed Yedwab,Corporate,MY-18295|MY-8295,2,2011-01-14,2014-12-31,APAC|Africa|EMEA|EU|LATAM|US,United States,39,108,29642.66118,2642.65408,2011-01-14
NANCY_LOMONACO,Nancy Lomonaco,Home Office,NL-18310|NL-8310,2,2011-04-18,2014-12-06,APAC|Africa|EMEA|EU|LATAM|US,United States,27,43,10838.6528,-566.9290999999997,2011-04-18
NARESJ_PATEL,Naresj Patel,Consumer,NP-18325|NP-8325,2,2011-03-07,2014-12-30,APAC|Africa|Canada|EMEA|EU|LATAM|US,United States,33,65,13115.177,1804.326,2011-03-07
NATALIE_DECHERNEY,Natalie DeCherney,Consumer,ND-18370|ND-8370,2,2011-01-14,2014-12-19,APAC|Africa|EMEA|EU|LATAM|US,United States,29,63,13703.384820000001,2620.28132,2011-01-14
NATALIE_FRITZLER,Natalie Fritzler,Consumer,NF-18385|NF-8385,2,2011-02-12,2014-12-30,APAC|Africa|Canada|EMEA|EU|LATAM|US,United States,43,95,31781.2585,1542.8210999999997,2011-02-12
NATALIE_WEBBER,Natalie Webber,Consumer,NW-18400|NW-8400,2,2011-02-07,2014-09-05,APAC|Africa|Canada|EMEA|EU|LATAM|US,United States,33,79,22373.56906,3821.53806,2011-02-07
NATHAN_CANO,Nathan Cano,Consumer,NC-18415|NC-8415,2,2011-05-03,2014-11-22,APAC|Africa|EMEA|EU|LATAM|US,United States,24,49,10759.22,-724.9872,2011-05-03
NATHAN_GELDER,Nathan Gelder,Consumer,NG-18430|NG-8430,2,2011-03-31,2014-12-13,APAC|Africa|Canada|EMEA|EU|LATAM|US,United States,36,65,22720.24354,4211.22484,2011-03-31
NATHAN_MAUTZ,Nathan Mautz,Home Office,NM-18445|NM-8445,2,2011-01-26,2014-12-01,APAC|Africa|Canada|EMEA|EU|LATAM|US,United States,41,75,24276.9559,5789.1168,2011-01-26
NAT_CARROLL,Nat Carroll,Consumer,NC-18340|NC-8340,2,2011-01-26,2014-12-26,APAC|Africa|Canada|EMEA|EU|LATAM|US,United States,31,76,16613.309119999998,-460.8773800000009,2011-01-26
NAT_GILPIN,Nat Gilpin,Corporate,NG-18355|NG-8355,2,2011-01-03,2014-11-13,APAC|Africa|Canada|EMEA|EU|LATAM|US,United States,28,66,12009.19936,2806.44286,2011-01-03
NEIL_DUCICH,Neil Ducich,Corporate,ND-18460|ND-8460,2,2011-02-07,2014-12-26,APAC|Africa|Canada|EMEA|EU|LATAM|US,Australia,32,57,14784.42172,3168.8535199999997,2011-02-07
NEIL_FRANZ_SISCH,Neil Französisch,Home Office,NF-18475|NF-8475,2,2011-03-14,2014-12-25,APAC|Africa|Canada|EMEA|EU|LATAM|US,Germany,29,62,12649.920900000001,2920.0567,2011-03-14
NEIL_KNUDSON,Neil Knudson,Home Office,NK-18490|NK-8490,2,2011-06-07,2014-12-05,APAC|Africa|EU|LATAM|US,Brazil,28,63,13878.543,3040.5326999999997,2011-06-07
NEOLA_SCHNEIDER,Neola Schneider,Consumer,NS-18505|NS-8505,2,2011-01-27,2014-12-25,APAC|Africa|EMEA|EU|LATAM|US,United States,30,75,15797.142740000001,-687.4442600000002,2011-01-27
NEOMA_MURRAY,Neoma Murray,Consumer,NM-18520|NM-8520,2,2011-03-11,2014-12-12,APAC|EMEA|EU|LATAM|US,United States,28,54,13869.136,3142.6994999999997,2011-03-11
NICK_CREBASSA,Nick Crebassa,Corporate,NC-18535|NC-8535,2,2011-04-05,2014-12-25,APAC|Africa|EMEA|EU|LATAM|US,United States,29,50,12305.249,1335.3779999999997,2011-04-05
NICK_RADFORD,Nick Radford,Consumer,NR-18550|NR-8550,2,2011-06-07,2014-12-29,APAC|Africa|EMEA|EU|LATAM|US,United States,34,68,12891.90158,1669.96578,2011-06-07
NICK_ZANDUSKY,Nick Zandusky,Home Office,NZ-18565|NZ-8565,2,2011-06-01,2014-10-07,APAC|EMEA|EU|LATAM|US,United States,30,66,20270.28212,2091.27572,2011-06-01
NICOLE_BRENNAN,Nicole Brennan,Corporate,NB-18580|NB-8580,2,2011-06-27,2013-10-29,APAC|Africa|Canada|EMEA|EU|LATAM|US,South Africa,17,31,5935.0754,-691.4277999999998,2011-06-27
NICOLE_FJELD,Nicole Fjeld,Home Office,NF-18595|NF-8595,2,2011-01-08,2014-12-20,APAC|Africa|EMEA|EU|LATAM|US,United States,27,43,12267.23752,1371.5486199999998,2011-01-08
NICOLE_HANSEN,Nicole Hansen,Corporate,NH-18610|NH-8610,2,2011-03-02,2014-12-26,APAC|Africa|Canada|EMEA|EU|LATAM|US,Indonesia,28,72,21303.4483,4075.4648999999995,2011-03-02
NOAH_CHILDS,Noah Childs,Corporate,NC-18625|NC-8625,2,2011-04-27,2014-12-11,APAC|Africa|Canada|EU|LATAM|US,Australia,31,59,17343.83758,2262.91458,2011-04-27
NOEL_STAAVOS,Noel Staavos,Corporate,NS-18640|NS-8640,2,2011-06-25,2014-11-25,APAC|Africa|EMEA|EU|LATAM|US,United States,45,92,16637.524,818.7195999999999,2011-06-25
NONA_BALK,Nona Balk,Corporate,NB-18655|NB-8655,2,2011-01-29,2014-12-12,APAC|Africa|EMEA|EU|LATAM|US,United States,27,51,10081.820600000001,1453.4044999999999,2011-01-29
NORA_PAIGE,Nora Paige,Consumer,NP-18670|NP-8670,2,2011-10-28,2014-11-03,APAC|Africa|EMEA|EU|LATAM|US,Germany,25,48,15710.88426,3035.66246,2011-10-28
NORA_PELLETIER,Nora Pelletier,Home Office,NP-18685|NP-8685,2,2011-03-07,2014-12-17,APAC|Africa|EMEA|EU|LATAM|US,Brazil,34,66,16358.2832,1559.0269,2011-03-07
NORA_PREIS,Nora Preis,Consumer,NP-18700|NP-8700,2,2011-09-05,2014-12-03,APAC|Africa|EMEA|EU|LATAM|US,United States,33,62,15917.0555,375.5512000000001,2011-09-05
ODELLA_NELSON,Odella Nelson,Corporate,ON-18715|ON-8715,2,2011-02-16,2014-11-14,APAC|Africa|EMEA|EU|LATAM|US,United States,38,74,19271.70624,2783.30724,2011-02-16
OLVERA_TOCH,Olvera Toch,Consumer,OT-18730|OT-8730,2,2011-09-22,2014-11-28,APAC|Africa|EMEA|EU|LATAM|US,United States,36,73,19758.81566,1831.0013599999997,2011-09-22
PAMELA_COAKLEY,Pamela Coakley,Corporate,PC-18745|PC-8745,2,2011-04-02,2014-12-29,APAC|Africa|EMEA|EU|LATAM|US,Bulgaria,26,48,11940.05644,-420.1025600000001,2011-04-02
PAMELA_STOBB,Pamela Stobb,Consumer,PS-18760|PS-8760,2,2011-05-10,2014-12-02,APAC|Africa|EMEA|EU|LATAM|US,United States,33,66,17632.7514,1293.1114,2011-05-10
PARHENA_NORRIS,Parhena Norris,Home Office,PN-18775|PN-8775,2,2011-08-09,2014-12-16,APAC|Africa|EMEA|EU|LATAM|US,United States,38,58,12892.57522,2205.46282,2011-08-09
PATRICIA_HIRASAKI,Patricia Hirasaki,Home Office,PH-18790|PH-8790,2,2011-02-22,2014-11-04,APAC|Africa|EMEA|EU|LATAM|US,Australia,27,41,11182.4063,2743.6261,2011-02-22
PATRICK_BZOSTEK,Patrick Bzostek,Home Office,PB-18805|PB-8805,2,2011-07-19,2014-12-23,APAC|Africa|Canada|EMEA|EU|LATAM|US,United States,28,62,14863.06974,1743.07944,2011-07-19
PATRICK_GARDNER,Patrick Gardner,Consumer,PG-18820|PG-8820,2,2011-01-19,2014-12-11,APAC|Africa|EMEA|EU|LATAM|US,United States,41,78,16482.5046,1975.1888999999999,2011-01-19
PATRICK_JONES,Patrick Jones,Corporate,PJ-18835|PJ-8835,2,2011-05-05,2014-11-22,APAC|Africa|EMEA|EU|LATAM|US,United States,25,45,14440.907,4019.1324999999997,2011-05-05
PATRICK_O_BRILL,Patrick O'Brill,Consumer,PO-18850|PO-8850,2,2011-01-26,2014-12-27,APAC|Africa|EMEA|EU|LATAM|US,United States,45,102,26707.4562,3778.3636999999994,2011-01-26
PATRICK_O_DONNELL,Patrick O'Donnell,Consumer,PO-18865|PO-8865,2,2011-01-10,2014-12-31,APAC|Africa|Canada|EMEA|EU|LATAM|US,United States,41,78,24024.2098,4618.1191,2011-01-10
PATRICK_RYAN,Patrick Ryan,Consumer,PR-18880|PR-8880,2,2011-04-15,2014-12-06,APAC|Africa|Canada|EMEA|EU|LATAM|US,United States,34,72,14329.26082,409.1254199999999,2011-04-15
PAULINE_CHAND,Pauline Chand,Home Office,PC-19000|PC-9000,2,2011-04-06,2014-12-10,APAC|Africa|Canada|EU|LATAM|US,Australia,22,48,10634.4953,833.3309,2011-04-06
PAULINE_JOHNSON,Pauline Johnson,Consumer,PJ-19015|PJ-9015,2,2011-04-07,2014-12-12,APAC|Africa|EMEA|EU|LATAM|US,United States,30,65,15843.53916,2102.4930600000002,2011-04-07
PAULINE_WEBBER,Pauline Webber,Corporate,PW-19030|PW-9030,2,2011-01-19,2014-12-24,APAC|Africa|EMEA|EU|LATAM|US,United States,38,69,13891.06046,1944.80136,2011-01-19
PAUL_GONZALEZ,Paul Gonzalez,Consumer,PG-18895|PG-8895,2,2011-02-22,2014-12-29,APAC|Africa|EMEA|EU|LATAM|US,United States,34,92,15922.9882,1620.1805,2011-02-22
PAUL_KNUTSON,Paul Knutson,Home Office,PK-18910|PK-8910,2,2011-04-04,2014-09-24,APAC|EMEA|EU|LATAM|US,Mexico,20,39,8231.03756,-308.48944,2011-04-04
PAUL_LUCAS,Paul Lucas,Home Office,PL-18925|PL-8925,2,2011-02-10,2014-12-16,APAC|Africa|EMEA|EU|LATAM|US,China,23,47,15015.9286,2006.5049000000001,2011-02-10
PAUL_MACINTYRE,Paul MacIntyre,Consumer,PM-18940|PM-8940,2,2011-01-10,2014-12-10,APAC|Africa|EMEA|EU|LATAM|US,France,32,48,14342.4504,1178.3951999999997,2011-01-10
PAUL_PROST,Paul Prost,Home Office,PP-18955|PP-8955,2,2011-06-03,2014-12-17,APAC|Africa|EMEA|EU|LATAM|US,United States,33,79,22243.2456,2687.7329999999997,2011-06-03
PAUL_STEVENSON,Paul Stevenson,Home Office,PS-18970|PS-8970,2,2011-01-22,2014-12-04,APAC|Africa|EMEA|EU|LATAM|US,United States,37,68,19618.35282,1834.19372,2011-01-22
PAUL_VAN_HUGH,Paul Van Hugh,Home Office,PV-18985|PV-8985,2,2011-07-12,2014-12-23,APAC|Africa|EMEA|EU|LATAM|US,United States,34,65,18931.297,4055.5694,2011-07-12
PENELOPE_SEWALL,Penelope Sewall,Home Office,PS-19045|PS-9045,2,2011-04-16,2014-12-11,APAC|Africa|EMEA|EU|LATAM|US,United States,33,82,30081.6754,4338.8111,2011-04-16
PETER_B_HLER,Peter Bühler,Consumer,PB-19105|PB-9105,2,2011-01-12,2014-12-31,APAC|EMEA|EU|LATAM|US,Belarus,20,47,9895.989,1936.1846999999998,2011-01-12
PETER_FULLER,Peter Fuller,Consumer,PF-19120|PF-9120,2,2011-03-16,2014-10-09,APAC|Africa|Canada|EMEA|EU|LATAM|US,United States,38,87,29875.99966,1063.2913599999993,2011-03-16
PETER_MCVEE,Peter McVee,Home Office,PM-19135|PM-9135,2,2011-03-11,2014-12-19,APAC|Africa|EMEA|EU|LATAM|US,United States,28,46,11286.9559,1018.6376,2011-03-11
PETE_ARMSTRONG,Pete Armstrong,Home Office,PA-19060|PA-9060,2,2011-02-15,2014-12-08,APAC|Africa|EMEA|EU|LATAM|US,Dominican Republic,27,56,10393.81376,1555.35456,2011-02-15
PETE_KRIZ,Pete Kriz,Consumer,PK-19075|PK-9075,2,2011-06-25,2014-12-23,APAC|Africa|EMEA|EU|LATAM|US,United States,32,73,18661.6945,1664.5780999999995,2011-06-25
PETE_TAKAHITO,Pete Takahito,Consumer,PT-19090|PT-9090,2,2011-09-12,2014-12-29,APAC|Africa|EMEA|EU|LATAM|US,United States,30,51,13056.813,609.7001999999999,2011-09-12
PHILIP_BROWN,Philip Brown,Consumer,PB-19150|PB-9150,2,2011-06-24,2014-12-26,APAC|Africa|EMEA|EU|LATAM|US,United States,43,76,11385.69856,1271.84916,2011-06-24
PHILIP_FOX,Philip Fox,Consumer,PF-19165|PF-9165,2,2011-01-11,2014-11-27,APAC|Africa|EMEA|EU|LATAM|US,United States,43,67,18026.4847,1908.8785999999998,2011-01-11
PHILISSE_OVERCASH,Philisse Overcash,Home Office,PO-19180|PO-9180,2,2011-02-10,2014-12-02,APAC|Africa|Canada|EMEA|EU|LATAM|US,United States,33,73,17984.2395,2175.7896000000005,2011-02-10
PHILLINA_OBER,Phillina Ober,Home Office,PO-19195|PO-9195,2,2011-01-05,2014-11-28,APAC|Africa|Canada|EMEA|EU|LATAM|US,Morocco,29,69,19099.36688,-1026.1020200000005,2011-01-05
PHILLIP_BREYER,Phillip Breyer,Corporate,PB-19210|PB-9210,2,2011-04-26,2014-12-23,APAC|Africa|EMEA|EU|LATAM|US,Indonesia,34,84,24269.859,1403.958,2011-04-26
PHILLIP_FLATHMANN,Phillip Flathmann,Consumer,PF-19225|PF-9225,2,2011-08-05,2014-12-29,APAC|Africa|EMEA|EU|LATAM|US,Germany,37,68,13389.4717,940.8555000000001,2011-08-05
PIERRE_WENER,Pierre Wener,Consumer,PW-19240|PW-9240,2,2011-03-04,2014-12-30,APAC|Africa|EMEA|EU|LATAM|US,United States,31,61,8423.6698,1942.2988,2011-03-04
QUINCY_JONES,Quincy Jones,Corporate,QJ-19255|QJ-9255,2,2011-02-10,2014-12-06,APAC|Africa|EMEA|EU|LATAM|US,United States,28,53,18579.9741,2243.1929,2011-02-10
RACHEL_PAYNE,Rachel Payne,Corporate,RP-19270|RP-9270,2,2011-03-31,2014-12-24,APAC|Africa|EMEA|EU|LATAM|US,United States,32,74,14999.9289,1902.7221,2011-03-31
RALPH_ARNETT,Ralph Arnett,Consumer,RA-19285|RA-9285,2,2011-03-28,2014-12-26,APAC|Africa|Canada|EMEA|EU|LATAM|US,United States,38,88,23043.113,2613.0752,2011-03-28
RALPH_KENNEDY,Ralph Kennedy,Consumer,RK-19300|RK-9300,2,2011-03-21,2014-12-03,APAC|Africa|EMEA|EU|LATAM|US,Brazil,30,64,14000.04458,-1555.7894199999998,2011-03-21
RALPH_RITTER,Ralph Ritter,Consumer,RR-19315|RR-9315,2,2011-02-01,2014-12-12,APAC|Africa|EMEA|EU|LATAM|US,Australia,25,54,13585.89038,2838.9833799999997,2011-02-01
RANDY_BRADLEY,Randy Bradley,Consumer,RB-19330|RB-9330,2,2011-01-20,2014-12-16,APAC|Africa|EMEA|EU|LATAM|US,Mexico,40,83,22898.02462,4151.35242,2011-01-20
RANDY_FERGUSON,Randy Ferguson,Corporate,RF-19345|RF-9345,2,2011-03-01,2014-12-25,APAC|Africa|Canada|EMEA|EU|LATAM|US,United States,32,63,16599.2978,3093.955,2011-03-01
RAYMOND_BUCH,Raymond Buch,Consumer,RB-19360|RB-9360,2,2011-06-04,2014-12-11,APAC|Africa|EMEA|EU|LATAM|US,United States,29,71,29602.1426,8453.0495,2011-06-04
RAYMOND_MESSE,Raymond Messe,Consumer,RM-19375|RM-9375,2,2011-04-25,2014-12-22,APAC|Africa|EMEA|EU|LATAM|US,El Salvador,32,62,18317.12712,1855.4030199999997,2011-04-25
RESI_P_LKING,Resi Pölking,Consumer,RP-19390|RP-9390,2,2011-01-29,2014-12-16,APAC|Africa|EMEA|EU|LATAM|US,United States,41,91,22050.8875,1068.3838000000003,2011-01-29
RICARDO_EMERSON,Ricardo Emerson,Consumer,RE-19405|RE-9405,2,2011-03-15,2014-12-03,APAC|Africa|EMEA|EU|LATAM|US,Australia,27,59,14040.49518,2643.6801800000003,2011-03-15
RICARDO_SPERREN,Ricardo Sperren,Corporate,RS-19420|RS-9420,2,2011-01-10,2014-11-28,APAC|Africa|Canada|EMEA|EU|LATAM|US,United States,35,68,14432.58948,1823.6508800000001,2011-01-10
RICHARD_BIERNER,Richard Bierner,Consumer,RB-19435|RB-9435,2,2011-01-18,2014-12-12,APAC|Africa|EMEA|EU|LATAM|US,United States,34,67,14797.22952,-1125.6565799999996,2011-01-18
RICHARD_EICHHORN,Richard Eichhorn,Consumer,RE-19450|RE-9450,2,2011-06-03,2014-12-16,APAC|Africa|EMEA|EU|LATAM|US,Saudi Arabia,30,67,16339.188240000001,2391.41164,2011-06-03
RICK_BENSLEY,Rick Bensley,Home Office,RB-19465|RB-9465,2,2011-03-14,2014-12-31,APAC|Africa|EMEA|EU|LATAM|US,United States,39,79,20853.6794,4066.46,2011-03-14
RICK_DUSTON,Rick Duston,Consumer,RD-19480|RD-9480,2,2011-06-08,2014-12-31,APAC|Africa|Canada|EMEA|EU|LATAM|US,United States,33,66,17548.9209,3587.4449,2011-06-08
RICK_HANSEN,Rick Hansen,Consumer,RH-19495|RH-9495,2,2011-05-02,2014-12-07,APAC|Africa|EMEA|EU|LATAM|US,France,31,56,16352.9586,1850.8902999999998,2011-05-02
RICK_HUTHWAITE,Rick Huthwaite,Home Office,RH-19510|RH-9510,2,2011-02-22,2014-12-11,APAC|Africa|EMEA|EU|LATAM|US,United States,32,58,13437.180960000002,1664.6644599999993,2011-02-22
RICK_REED,Rick Reed,Corporate,RR-19525|RR-9525,2,2011-03-12,2014-12-31,APAC|Canada|EMEA|EU|LATAM|US,United States,34,73,16386.1966,-47.98280000000037,2011-03-12
RICK_WILSON,Rick Wilson,Corporate,RW-19540|RW-9540,2,2011-02-22,2014-12-05,APAC|Africa|EMEA|EU|LATAM|US,United States,32,68,25122.1225,5177.4288,2011-02-22
RITSA_HIGHTOWER,Ritsa Hightower,Consumer,RH-19555|RH-9555,2,2011-07-19,2014-12-24,APAC|Africa|EMEA|EU|LATAM|US,Saudi Arabia,29,60,17697.78,2002.8036999999997,2011-07-19
ROBERT_BARROSO,Robert Barroso,Corporate,RB-19645|RB-9645,2,2011-08-23,2014-08-03,APAC|Africa|EMEA|EU|LATAM|US,United States,25,45,6256.1884,640.1234,2011-08-23
ROBERT_DILBECK,Robert Dilbeck,Home Office,RD-19660|RD-9660,2,2011-01-06,2014-12-04,APAC|Africa|Canada|EMEA|EU|LATAM|US,Germany,30,56,16339.7531,3965.8731,2011-01-06
ROBERT_MARLEY,Robert Marley,Home Office,RM-19675|RM-9675,2,2011-11-02,2014-12-27,APAC|Africa|Canada|EMEA|EU|LATAM|US,United States,27,47,12867.0545,2542.2423,2011-11-02
ROBERT_WALDORF,Robert Waldorf,Consumer,RW-19690|RW-9690,2,2011-06-03,2014-12-16,APAC|Africa|EMEA|EU|LATAM|US,United States,33,64,12599.137999999999,2137.0023,2011-06-03
ROB_BEEGHLY,Rob Beeghly,Consumer,RB-19570|RB-9570,2,2011-10-12,2014-12-11,APAC|Africa|EMEA|EU|LATAM|US,Spain,30,62,11548.392,1495.9239000000002,2011-10-12
ROB_DOWD,Rob Dowd,Consumer,RD-19585|RD-9585,2,2011-04-02,2014-12-06,APAC|Africa|Canada|EU|LATAM|US,United States,38,90,21483.5079,3919.9696999999996,2011-04-02
ROB_HABERLIN,Rob Haberlin,Consumer,RH-19600|RH-9600,2,2011-06-02,2014-12-25,APAC|Africa|Canada|EMEA|EU|LATAM|US,United States,29,47,7970.1655599999995,1222.3716599999998,2011-06-02
ROB_LUCAS,Rob Lucas,Consumer,RL-19615|RL-9615,2,2011-02-26,2014-09-02,APAC|Africa|EMEA|EU|LATAM|US,United States,31,65,17287.05048,2703.98888,2011-02-26
ROB_WILLIAMS,Rob Williams,Corporate,RW-19630|RW-9630,2,2011-02-16,2014-10-15,APAC|Africa|Canada|EU|LATAM|US,United States,28,48,9985.9343,2252.2208,2011-02-16
ROGER_BARCIO,Roger Barcio,Home Office,RB-19705|RB-9705,2,2011-03-03,2014-12-15,APAC|Africa|Canada|EMEA|EU|LATAM|US,China,28,54,15306.1556,2879.5411,2011-03-03
ROGER_DEMIR,Roger Demir,Consumer,RD-19720|RD-9720,2,2011-01-13,2014-12-10,APAC|Africa|EMEA|EU|LATAM|US,United States,38,77,14736.237500000001,3037.0108999999998,2011-01-13
ROLAND_FJELD,Roland Fjeld,Consumer,RF-19735|RF-9735,2,2011-02-23,2014-12-30,APAC|EMEA|EU|LATAM|US,United States,26,59,13089.2177,1123.5285,2011-02-23
ROLAND_MURRAY,Roland Murray,Consumer,RM-19750|RM-9750,2,2011-03-31,2014-12-15,APAC|Africa|EMEA|EU|LATAM|US,Australia,26,37,7404.1858600000005,1250.33376,2011-03-31
ROLAND_SCHWARZ,Roland Schwarz,Corporate,RS-19765|RS-9765,2,2011-04-07,2014-11-25,APAC|Africa|EMEA|EU|LATAM|US,United States,31,49,15106.271279999999,3472.16638,2011-04-07
ROSE_O_BRIAN,Rose O'Brian,Consumer,RO-19780|RO-9780,2,2011-02-25,2014-12-27,APAC|Africa|EMEA|EU|LATAM|US,United States,38,79,21913.5415,868.8819000000003,2011-02-25
ROSS_BAIRD,Ross Baird,Home Office,RB-19795|RB-9795,2,2011-01-15,2014-12-01,APAC|Africa|EMEA|EU|LATAM|US,United States,40,77,19312.16934,2350.53014,2011-01-15
ROSS_DEVINCENTIS,Ross DeVincentis,Home Office,RD-19810|RD-9810,2,2011-06-09,2014-12-17,APAC|Africa|EMEA|EU|LATAM|US,United States,37,70,10305.88796,1939.8944600000002,2011-06-09
ROY_COLLINS,Roy Collins,Consumer,RC-19825|RC-9825,2,2011-01-11,2014-09-04,APAC|EMEA|EU|LATAM|US,Mexico,26,45,7954.1133,737.7457,2011-01-11
ROY_FRANZ_SISCH,Roy Französisch,Consumer,RF-19840|RF-9840,2,2011-04-27,2014-12-25,APAC|Africa|EMEA|EU|LATAM|US,United States,37,78,15649.19768,2841.73178,2011-04-27
ROY_PHAN,Roy Phan,Corporate,RP-19855|RP-9855,2,2011-01-12,2014-12-10,APAC|Africa|EMEA|EU|LATAM|US,United States,33,72,14612.2234,138.8542,2011-01-12
ROY_SKARIA,Roy Skaria,Home Office,RS-19870|RS-9870,2,2011-06-03,2014-12-12,APAC|Africa|EMEA|EU|LATAM|US,France,28,56,8122.39278,1463.42858,2011-06-03
RUBEN_AUSMAN,Ruben Ausman,Corporate,RA-19885|RA-9885,2,2011-04-08,2014-11-18,APAC|Africa|Canada|EMEA|EU|LATAM|US,United States,31,75,15938.76708,3320.46868,2011-04-08
RUBEN_DARTT,Ruben Dartt,Consumer,RD-19900|RD-9900,2,2011-01-20,2014-11-29,APAC|Africa|EMEA|EU|LATAM|US,United States,39,86,18322.969,3330.6742,2011-01-20
RUSSELL_APPLEGATE,Russell Applegate,Consumer,RA-19915|RA-9915,2,2011-01-04,2014-12-19,APAC|Africa|EMEA|EU|LATAM|US,United States,29,76,21395.85342,2164.1977199999997,2011-01-04
RUSSELL_D_ASCENZO,Russell D'Ascenzo,Consumer,RD-19930|RD-9930,2,2011-03-06,2014-12-03,APAC|Africa|EMEA|EU|LATAM|US,United States,33,71,15816.98032,1230.36572,2011-03-06
RYAN_AKIN,Ryan Akin,Consumer,RA-19945|RA-9945,2,2011-01-27,2014-12-30,APAC|Africa|EMEA|EU|LATAM|US,United States,32,55,13740.6153,896.7278000000003,2011-01-27
RYAN_CROWE,Ryan Crowe,Consumer,RC-19960|RC-9960,2,2011-01-21,2014-12-09,APAC|Africa|EMEA|EU|LATAM|US,United States,27,50,9537.8341,2124.0153999999998,2011-01-21
SALLY_HUGHSBY,Sally Hughsby,Corporate,SH-19975|SH-9975,2,2011-01-21,2014-12-06,APAC|Africa|EMEA|EU|LATAM|US,United States,37,77,18951.65694,1795.3614400000001,2011-01-21
SALLY_KNUTSON,Sally Knutson,Consumer,SK-19990|SK-9990,2,2011-06-30,2014-12-23,APAC|Africa|EMEA|EU|LATAM|US,Mexico,26,62,13291.82952,2975.5138199999997,2011-06-30
SALLY_MATTHIAS,Sally Matthias,Consumer,SM-10005|SM-20005,2,2011-06-13,2014-09-18,APAC|Africa|EMEA|EU|LATAM|US,United Kingdom,30,54,13063.9675,1528.3608000000002,2011-06-13
SAMPLE_COMPANY_A,Sample Company A,Home Office,SC-10050|SC-20050,2,2011-01-09,2014-11-21,APAC|Africa|EMEA|EU|LATAM|US,United States,37,90,19125.07302,18.42531999999999,2011-01-09
SAM_CRAVEN,Sam Craven,Consumer,SC-10020|SC-20020,2,2011-02-21,2014-12-23,APAC|Africa|EMEA|EU|LATAM|US,United States,38,69,11055.804,1116.0095999999999,2011-02-21
SAM_ZELDIN,Sam Zeldin,Home Office,SZ-10035|SZ-20035,2,2011-02-22,2014-12-18,APAC|Africa|EMEA|EU|LATAM|US,United States,41,77,16356.526,2915.8473,2011-02-22
SANDRA_FLANAGAN,Sandra Flanagan,Consumer,SF-10065|SF-20065,2,2011-03-03,2014-11-03,APAC|Africa|EMEA|EU|LATAM|US,United States,29,51,11257.175,1865.6513,2011-03-03
SANDRA_GLASSCO,Sandra Glassco,Consumer,SG-10080|SG-20080,2,2011-05-14,2014-12-28,APAC|Africa|Canada|EMEA|EU|LATAM|US,United States,23,50,11853.2314,2883.7084,2011-05-14
SANJIT_CHAND,Sanjit Chand,Consumer,SC-10095|SC-20095,2,2011-02-13,2014-10-17,APAC|Africa|EMEA|EU|LATAM|US,United States,35,69,26521.132,8205.3799,2011-02-13
SANJIT_ENGLE,Sanjit Engle,Consumer,SE-10110|SE-20110,2,2011-04-11,2014-12-22,APAC|Africa|EMEA|EU|LATAM|US,United States,39,82,30146.335020000002,6015.783919999999,2011-04-11
SANJIT_JACOBS,Sanjit Jacobs,Home Office,SJ-10125|SJ-20125,2,2011-01-10,2014-11-29,APAC|Africa|Canada|EMEA|EU|LATAM|US,United States,39,79,13523.280999999999,1828.0039,2011-01-10
SAPHHIRA_SHIFLEY,Saphhira Shifley,Corporate,SS-10140|SS-20140,2,2011-03-09,2014-12-16,APAC|Africa|Canada|EMEA|EU|LATAM|US,United States,39,84,23630.23104,-612.3282600000001,2011-03-09
SARAH_BERN,Sarah Bern,Consumer,SB-10170|SB-20170,2,2011-06-06,2014-12-29,APAC|Africa|EMEA|EU|LATAM|US,China,20,50,14598.174,2366.9598,2011-06-06
SARAH_BROWN,Sarah Brown,Consumer,SB-10185|SB-20185,2,2011-02-28,2014-10-18,APAC|Africa|EMEA|EU|LATAM|US,United States,38,71,22302.89772,1668.6541199999992,2011-02-28
SARAH_FOSTER,Sarah Foster,Consumer,SF-10200|SF-20200,2,2011-01-31,2014-12-26,APAC|Africa|EMEA|EU|LATAM|US,United States,36,73,15652.9454,829.7640000000004,2011-01-31
SARAH_JORDON,Sarah Jordon,Consumer,SJ-10215|SJ-20215,2,2011-02-21,2014-12-03,APAC|Africa|Canada|EMEA|EU|LATAM|US,United States,41,79,16068.95068,2511.8609800000004,2011-02-21
SARA_LUXEMBURG,Sara Luxemburg,Home Office,SL-10155|SL-20155,2,2011-04-20,2014-12-02,APAC|Africa|Canada|EMEA|EU|LATAM|US,United States,46,82,16832.471,1899.9305,2011-04-20
SCOTT_COHEN,Scott Cohen,Corporate,SC-10260|SC-20260,2,2011-03-28,2014-12-31,APAC|Canada|EMEA|EU|LATAM|US,United States,33,74,12532.7104,1222.6707999999999,2011-03-28
SCOTT_WILLIAMSON,Scott Williamson,Consumer,SW-10275|SW-20275,2,2011-02-07,2014-12-10,APAC|Africa|Canada|EMEA|EU|LATAM|US,Australia,38,68,17045.5447,1044.1871999999998,2011-02-07
SCOT_CORAM,Scot Coram,Corporate,SC-10230|SC-20230,2,2011-03-03,2014-12-15,APAC|Africa|EMEA|EU|LATAM|US,United States,28,64,22127.775,3071.3679999999995,2011-03-03
SCOT_WOOTEN,Scot Wooten,Consumer,SW-10245|SW-20245,2,2011-04-14,2014-12-19,APAC|Africa|EMEA|EU|LATAM|US,United States,30,56,15478.59382,1948.3596199999997,2011-04-14
SEAN_BRAXTON,Sean Braxton,Corporate,SB-10290|SB-20290,2,2011-05-09,2014-11-20,APAC|EMEA|EU|LATAM|US,United States,27,53,20513.9368,-1896.9793000000002,2011-05-09
SEAN_CHRISTENSEN,Sean Christensen,Consumer,SC-10305|SC-20305,2,2011-10-18,2014-12-15,APAC|Africa|EMEA|EU|LATAM|US,Nigeria,33,76,20903.902,462.2787000000003,2011-10-18
SEAN_MILLER,Sean Miller,Home Office,SM-10320|SM-20320,2,2011-03-18,2014-12-10,APAC|Africa|EMEA|EU|LATAM|US,United States,28,50,35170.93296,-409.7063400000022,2011-03-18
SEAN_O_DONNELL,Sean O'Donnell,Consumer,SO-10335|SO-20335,2,2011-04-22,2014-12-02,APAC|Africa|EMEA|EU|LATAM|US,United States,31,60,16366.44492,2407.04362,2011-04-22
SEAN_WENDT,Sean Wendt,Home Office,SW-10350|SW-20350,2,2011-03-29,2014-12-19,APAC|Africa|EMEA|EU|LATAM|US,United States,30,46,8167.70344,1031.5477399999997,2011-03-29
SETH_VERNON,Seth Vernon,Consumer,SV-10365|SV-20365,2,2011-01-12,2014-10-05,APAC|Canada|EMEA|EU|LATAM|US,United States,36,85,23632.91948,2222.75368,2011-01-12
SHAHID_COLLISTER,Shahid Collister,Consumer,SC-10380|SC-20380,2,2011-03-01,2014-12-01,APAC|Africa|EMEA|EU|LATAM|US,United States,41,85,17678.88424,1692.3797399999999,2011-03-01
SHAHID_HOPKINS,Shahid Hopkins,Consumer,SH-10395|SH-20395,2,2011-01-06,2014-12-08,APAC|Africa|Canada|EMEA|EU|LATAM|US,United States,37,68,12978.20384,1059.2329399999996,2011-01-06
SHAHID_SHARIARI,Shahid Shariari,Consumer,SS-10410|SS-20410,2,2011-05-30,2014-12-05,APAC|Africa|Canada|EMEA|EU|LATAM|US,United States,37,67,18107.94198,131.51117999999946,2011-05-30
SHARELLE_ROACH,Sharelle Roach,Home Office,SR-10425|SR-20425,2,2011-01-14,2014-12-23,APAC|Africa|Canada|EMEA|EU|LATAM|US,South Korea,24,52,13002.45694,-2551.188460000001,2011-01-14
SHAUN_CHANCE,Shaun Chance,Corporate,SC-10440|SC-20440,2,2011-01-12,2014-12-22,APAC|Africa|EMEA|EU|LATAM|US,United States,29,56,9606.51626,357.01936000000006,2011-01-12
SHAUN_WEIEN,Shaun Weien,Consumer,SW-10455|SW-20455,2,2011-01-05,2014-12-24,APAC|Africa|EMEA|EU|LATAM|US,United States,31,42,8243.2682,1163.569,2011-01-05
SHERI_GORDON,Sheri Gordon,Consumer,SG-10470|SG-20470,2,2011-03-12,2014-10-02,APAC|Africa|EMEA|EU|LATAM|US,United States,31,59,13816.9473,2338.9888,2011-03-12
SHIRLEY_DANIELS,Shirley Daniels,Home Office,SD-10485|SD-20485,2,2011-01-17,2014-12-16,APAC|Africa|EMEA|EU|LATAM|US,United States,40,85,17959.4079,3647.2210999999998,2011-01-17
SHIRLEY_JACKSON,Shirley Jackson,Consumer,SJ-10500|SJ-20500,2,2011-01-24,2014-07-09,APAC|EMEA|EU|LATAM|US,France,29,52,13384.859,1581.8093000000001,2011-01-24
SHIRLEY_SCHMIDT,Shirley Schmidt,Home Office,SS-10515|SS-20515,2,2011-07-14,2014-12-31,APAC|Africa|EMEA|EU|LATAM|US,United States,22,36,7905.15162,416.34612000000004,2011-07-14
SHUI_TOM,Shui Tom,Consumer,ST-10530|ST-20530,2,2011-02-09,2014-12-25,APAC|Africa|EMEA|EU|LATAM|US,United States,38,65,15007.27106,2234.1029599999997,2011-02-09
SIBELLA_PARKS,Sibella Parks,Corporate,SP-10545|SP-20545,2,2011-08-17,2014-12-15,APAC|Africa|EU|LATAM|US,United States,24,36,7219.5187,749.227,2011-08-17
SKYE_NORLING,Skye Norling,Home Office,SN-10560|SN-20560,2,2011-02-18,2014-12-18,APAC|Africa|Canada|EMEA|EU|LATAM|US,United States,31,67,14218.814,-2637.9805000000006,2011-02-18
SONIA_COOLEY,Sonia Cooley,Consumer,SC-10575|SC-20575,2,2011-05-21,2014-12-04,APAC|EMEA|EU|LATAM|US,Mexico,35,57,10013.4443,938.0016,2011-05-21
SONIA_SUNLEY,Sonia Sunley,Consumer,SS-10590|SS-20590,2,2011-08-05,2014-12-26,APAC|Africa|EMEA|EU|LATAM|US,Indonesia,29,61,13121.8064,2370.1265,2011-08-05
SPEROS_GORANITIS,Speros Goranitis,Consumer,SG-10605|SG-20605,2,2011-01-24,2014-10-17,APAC|Africa|EMEA|EU|LATAM|US,United States,38,66,12944.60556,1541.10256,2011-01-24
STEFANIA_PERRINO,Stefania Perrino,Corporate,SP-10620|SP-20620,2,2011-06-20,2014-12-26,APAC|Africa|EMEA|EU|LATAM|US,United States,36,78,19413.238699999998,17.041500000001225,2011-06-20
STEFANIE_HOLLOMAN,Stefanie Holloman,Corporate,SH-10635|SH-20635,2,2011-04-20,2014-12-01,APAC|EMEA|EU|LATAM|US,China,29,55,14205.7258,1978.1796000000002,2011-04-20
STEPHANIE_PHELPS,Stephanie Phelps,Corporate,SP-10650|SP-20650,2,2011-02-01,2014-12-11,APAC|Africa|EMEA|EU|LATAM|US,United States,30,46,11148.763439999999,1682.8056399999998,2011-02-01
STEPHANIE_ULPRIGHT,Stephanie Ulpright,Home Office,SU-10665|SU-20665,2,2011-06-07,2014-12-27,APAC|Africa|EMEA|EU|LATAM|US,United States,29,72,10773.594000000001,510.25190000000015,2011-06-07
STEVEN_CARTWRIGHT,Steven Cartwright,Consumer,SC-10725|SC-20725,2,2011-06-03,2014-12-24,APAC|Africa|EMEA|EU|LATAM|US,United States,37,73,16919.91808,2066.0393799999997,2011-06-03
STEVEN_ROELLE,Steven Roelle,Home Office,SR-10740|SR-20740,2,2011-02-21,2014-12-10,APAC|Africa|EMEA|EU|LATAM|US,United States,37,65,19374.3,4387.3584,2011-02-21
STEVEN_WARD,Steven Ward,Corporate,SW-10755|SW-20755,2,2011-06-02,2014-12-16,APAC|Africa|Canada|EMEA|EU|LATAM|US,France,38,106,25668.486,2794.7316,2011-06-02
STEVE_CARROLL,Steve Carroll,Home Office,SC-10680|SC-20680,2,2011-01-11,2014-12-10,APAC|Africa|EMEA|EU|LATAM|US,Niger,35,71,19821.84528,1708.7930800000001,2011-01-11
STEVE_CHAPMAN,Steve Chapman,Corporate,SC-10695|SC-20695,2,2011-05-05,2014-12-22,APAC|Africa|EMEA|EU|LATAM|US,United States,39,74,23399.9425,2165.6836,2011-05-05
STEVE_NGUYEN,Steve Nguyen,Home Office,SN-10710|SN-20710,2,2011-01-14,2014-11-17,APAC|Africa|EMEA|EU|LATAM|US,United States,28,61,13406.180559999999,2384.85126,2011-01-14
STEWART_CARMICHAEL,Stewart Carmichael,Corporate,SC-10770|SC-20770,2,2011-03-11,2014-11-21,APAC|Africa|Canada|EMEA|EU|LATAM|US,United States,39,83,16528.322079999998,318.0876800000004,2011-03-11
STEWART_VISINSKY,Stewart Visinsky,Consumer,SV-10785|SV-20785,2,2011-01-03,2014-12-10,APAC|Africa|EMEA|EU|LATAM|US,United States,34,75,17232.3651,2182.7872999999995,2011-01-03
STUART_CALHOUN,Stuart Calhoun,Consumer,SC-10800|SC-20800,2,2011-01-13,2014-12-01,APAC|Africa|EMEA|EU|LATAM|US,Germany,26,45,11410.5646,1276.3537999999999,2011-01-13
STUART_VAN,Stuart Van,Corporate,SV-10815|SV-20815,2,2011-06-22,2014-12-23,APAC|Africa|Canada|EMEA|EU|LATAM|US,Mexico,33,62,22304.41318,978.6733800000003,2011-06-22
SUE_ANN_REED,Sue Ann Reed,Consumer,SA-10830|SA-20830,2,2011-01-25,2014-12-21,APAC|Africa|Canada|EMEA|EU|LATAM|US,United States,40,64,16495.05466,1354.70276,2011-01-25
SUNG_CHUNG,Sung Chung,Consumer,SC-10845|SC-20845,2,2011-06-07,2014-12-23,APAC|Africa|EMEA|EU|LATAM|US,Mexico,28,46,11266.74502,1696.69872,2011-06-07
SUNG_PAK,Sung Pak,Corporate,SP-10860|SP-20860,2,2011-02-11,2014-11-07,APAC|Africa|EU|LATAM|US,United States,28,52,13498.088459999999,1750.6810599999997,2011-02-11
SUNG_SHARIARI,Sung Shariari,Consumer,SS-10875|SS-20875,2,2011-01-22,2014-12-17,APAC|Africa|EMEA|EU|LATAM|US,United States,25,43,5328.4648,-559.9772000000002,2011-01-22
SUSAN_GILCREST,Susan Gilcrest,Corporate,SG-10890|SG-20890,2,2011-03-30,2014-12-15,APAC|Africa|EMEA|EU|LATAM|US,United Kingdom,28,58,12685.08186,541.3085600000002,2011-03-30
SUSAN_MACKENDRICK,Susan MacKendrick,Consumer,SM-10905|SM-20905,2,2011-02-07,2014-11-24,APAC|Africa|EMEA|EU|LATAM|US,France,22,41,8630.4744,1528.2749,2011-02-07
SUSAN_PISTEK,Susan Pistek,Consumer,SP-10920|SP-20920,2,2011-09-08,2014-12-25,APAC|Africa|EMEA|EU|LATAM|US,United States,32,68,29020.603860000003,6484.40726,2011-09-08
SUSAN_VITTORINI,Susan Vittorini,Consumer,SV-10935|SV-20935,2,2011-03-16,2014-12-31,APAC|Africa|EU|LATAM|US,United States,31,67,15685.4387,668.4789000000001,2011-03-16
SUZANNE_MCNAIR,Suzanne McNair,Corporate,SM-10950|SM-20950,2,2011-01-20,2014-12-06,APAC|Africa|EMEA|EU|LATAM|US,United States,38,64,12889.08614,1170.8583399999998,2011-01-20
SYLVIA_FOULSTON,Sylvia Foulston,Corporate,SF-10965|SF-20965,2,2011-08-17,2014-11-13,APAC|Africa|EMEA|EU|LATAM|US,United States,23,47,9253.9828,1895.183,2011-08-17
TAMARA_CHAND,Tamara Chand,Corporate,TC-10980|TC-20980,2,2011-05-06,2014-12-04,APAC|Africa|EMEA|EU|LATAM|US,Nigeria,36,88,37457.333,8672.898899999998,2011-05-06
TAMARA_DAHLEN,Tamara Dahlen,Consumer,TD-10995|TD-20995,2,2011-05-19,2014-12-31,APAC|Africa|Canada|EMEA|EU|LATAM|US,United States,28,58,7704.5655,-948.1227999999999,2011-05-19
TAMARA_MANNING,Tamara Manning,Consumer,TM-11010|TM-21010,2,2011-02-22,2014-10-28,APAC|Africa|EMEA|EU|LATAM|US,United States,30,55,14459.6286,1928.1338999999998,2011-02-22
TAMARA_WILLINGHAM,Tamara Willingham,Home Office,TW-11025|TW-21025,2,2011-01-17,2014-12-12,APAC|Africa|EMEA|EU|LATAM|US,United States,35,59,14255.0056,3275.0801,2011-01-17
TANJA_NORVELL,Tanja Norvell,Home Office,TN-11040|TN-21040,2,2011-01-11,2014-12-09,APAC|Africa|EU|LATAM|US,United States,31,53,9597.61404,-706.18216,2011-01-11
TED_BUTTERFIELD,Ted Butterfield,Consumer,TB-11055|TB-21055,2,2011-01-14,2014-11-26,APAC|Africa|EMEA|EU|LATAM|US,United States,32,76,16026.84872,1559.2690199999997,2011-01-14
TED_TREVINO,Ted Trevino,Consumer,TT-11070|TT-21070,2,2011-04-26,2014-12-17,APAC|Africa|EU|LATAM|US,United States,33,64,17245.3939,2320.3585999999996,2011-04-26
THAIS_SISSMAN,Thais Sissman,Consumer,TS-11085|TS-21085,2,2011-03-03,2014-11-20,APAC|Africa|Canada|EMEA|EU|LATAM|US,El Salvador,27,60,6785.8894,1109.5608000000002,2011-03-03
THEA_HENDRICKS,Thea Hendricks,Consumer,TH-11100|TH-21100,2,2011-03-26,2014-12-25,APAC|Africa|EMEA|EU|LATAM|US,France,31,59,15541.0626,1952.4961,2011-03-26
THEA_HUDGINGS,Thea Hudgings,Corporate,TH-11115|TH-21115,2,2011-04-05,2014-11-18,APAC|Africa|Canada|EMEA|EU|LATAM|US,Australia,31,64,15353.79368,2265.68778,2011-04-05
THEONE_PIPPENGER,Theone Pippenger,Consumer,TP-11130|TP-21130,2,2011-10-15,2014-12-29,APAC|Africa|EMEA|EU|LATAM|US,United States,43,88,23959.02628,2073.88638,2011-10-15
THERESA_COYNE,Theresa Coyne,Corporate,TC-11145|TC-21145,2,2011-09-27,2014-12-20,APAC|Africa|EMEA|EU|LATAM|US,Australia,35,84,22219.86906,3359.8122599999997,2011-09-27
THERESA_SWINT,Theresa Swint,Corporate,TS-11160|TS-21160,2,2011-02-03,2014-12-23,APAC|Africa|EMEA|EU|LATAM|US,United States,27,63,7936.012,1134.0224,2011-02-03
THOMAS_BOLAND,Thomas Boland,Corporate,TB-11175|TB-21175,2,2011-08-12,2014-11-22,APAC|Africa|EMEA|EU|LATAM|US,United States,31,69,17423.9244,2286.4019000000003,2011-08-12
THOMAS_BRUMLEY,Thomas Brumley,Home Office,TB-11190|TB-21190,2,2011-03-25,2014-11-12,APAC|Africa|EMEA|EU|LATAM|US,India,21,38,11801.84152,2052.3113200000003,2011-03-25
THOMAS_SEIO,Thomas Seio,Corporate,TS-11205|TS-21205,2,2011-01-12,2014-12-05,APAC|Africa|EMEA|EU|LATAM|US,United States,35,68,14530.27092,2349.54862,2011-01-12
THOMAS_THORNTON,Thomas Thornton,Consumer,TT-11220|TT-21220,2,2011-06-20,2014-12-26,APAC|Africa|EMEA|EU|LATAM|US,United States,31,63,15050.96416,1661.20726,2011-06-20
TIFFANY_HOUSE,Tiffany House,Corporate,TH-11235|TH-21235,2,2011-01-10,2014-12-23,APAC|Africa|EMEA|EU|LATAM|US,United States,36,67,16797.599,1656.2869999999998,2011-01-10
TIM_BROCKMAN,Tim Brockman,Consumer,TB-11250|TB-21250,2,2011-08-25,2014-12-30,APAC|Africa|EMEA|EU|LATAM|US,United States,43,89,19100.9267,3065.7062,2011-08-25
TIM_TASLIMI,Tim Taslimi,Corporate,TT-11265|TT-21265,2,2011-05-09,2014-12-30,APAC|Africa|EMEA|EU|LATAM|US,South Africa,29,55,9779.68,1284.8361999999997,2011-05-09
TOBY_BRAUNHARDT,Toby Braunhardt,Consumer,TB-11280|TB-21280,2,2011-01-01,2014-11-04,APAC|Africa|Canada|EMEA|EU|LATAM|US,United States,35,67,11701.33466,1247.4613599999998,2011-01-01
TOBY_CARLISLE,Toby Carlisle,Consumer,TC-11295|TC-21295,2,2011-02-14,2014-12-19,APAC|Africa|Canada|EMEA|EU|LATAM|US,United States,34,67,20122.806099999998,1497.4768000000004,2011-02-14
TOBY_GNADE,Toby Gnade,Consumer,TG-11310|TG-21310,2,2011-02-14,2014-12-17,APAC|Africa|Canada|EMEA|EU|LATAM|US,France,35,63,13019.6486,2986.457,2011-02-14
TOBY_RITTER,Toby Ritter,Consumer,TR-11325|TR-21325,2,2011-01-20,2014-12-30,APAC|Africa|EMEA|EU|LATAM|US,Morocco,26,65,12428.903059999999,2436.90546,2011-01-20
TOBY_SWINDELL,Toby Swindell,Consumer,TS-11340|TS-21340,2,2011-01-20,2014-12-23,APAC|Africa|Canada|EMEA|EU|LATAM|US,United States,36,76,18628.34548,2602.9645799999994,2011-01-20
TODD_BOYES,Todd Boyes,Corporate,TB-11355|TB-21355,2,2011-06-07,2014-12-17,APAC|Africa|EMEA|EU|LATAM|US,United States,28,67,9643.275,772.014,2011-06-07
TODD_SUMRALL,Todd Sumrall,Corporate,TS-11370|TS-21370,2,2011-01-27,2014-12-13,APAC|Africa|EMEA|EU|LATAM|US,United States,37,75,27775.262,5093.9654,2011-01-27
TOM_ASHBROOK,Tom Ashbrook,Home Office,TA-11385|TA-21385,2,2011-06-28,2014-12-23,APAC|Africa|EMEA|EU|LATAM|US,Mexico,30,80,40488.0708,6311.979099999999,2011-06-28
TOM_BOECKENHAUER,Tom Boeckenhauer,Consumer,TB-11400|TB-21400,2,2011-01-22,2014-12-06,APAC|Africa|EMEA|EU|LATAM|US,United States,35,93,24479.310999999998,4196.349899999999,2011-01-22
TOM_PRESCOTT,Tom Prescott,Consumer,TP-11415|TP-21415,2,2011-02-09,2014-11-13,APAC|Africa|Canada|EU|LATAM|US,United States,26,50,12877.67182,346.18721999999974,2011-02-09
TOM_STIVERS,Tom Stivers,Corporate,TS-11430|TS-21430,2,2011-02-04,2014-12-12,APAC|Africa|EMEA|EU|LATAM|US,Indonesia,29,69,15344.9966,2364.9883,2011-02-04
TOM_ZANDUSKY,Tom Zandusky,Corporate,TZ-11445|TZ-21445,2,2011-03-12,2014-12-23,APAC|Africa|Canada|EMEA|EU|LATAM,Australia,35,73,15346.8114,367.49140000000017,2011-03-12
TONJA_TURNELL,Tonja Turnell,Home Office,TT-11460|TT-21460,2,2011-03-10,2014-12-19,APAC|Africa|EMEA|EU|LATAM|US,United States,40,84,20081.79746,2230.7893599999998,2011-03-10
TONY_CHAPMAN,Tony Chapman,Home Office,TC-11475|TC-21475,2,2011-05-06,2014-12-30,APAC|Africa|Canada|EMEA|EU|LATAM|US,United States,38,67,12630.280560000001,1401.12856,2011-05-06
TONY_MOLINARI,Tony Molinari,Consumer,TM-11490|TM-21490,2,2011-04-02,2014-11-21,APAC|Africa|EMEA|EU|LATAM|US,France,35,80,15971.8783,1500.9712999999997,2011-04-02
TONY_SAYRE,Tony Sayre,Consumer,TS-11505|TS-21505,2,2011-03-23,2014-12-20,APAC|Africa|EMEA|EU|LATAM|US,United States,31,66,19737.362299999997,2149.3462,2011-03-23
TRACY_BLUMSTEIN,Tracy Blumstein,Consumer,TB-11520|TB-21520,2,2011-05-07,2014-12-13,APAC|Africa|EMEA|EU|LATAM|US,United States,45,91,20708.28272,257.3616199999994,2011-05-07
TRACY_COLLINS,Tracy Collins,Home Office,TC-11535|TC-21535,2,2011-09-08,2014-12-31,APAC|Africa|EMEA|EU|LATAM|US,United States,34,55,11103.0321,382.9971000000003,2011-09-08
TRACY_HOPKINS,Tracy Hopkins,Home Office,TH-11550|TH-21550,2,2011-02-25,2014-12-26,APAC|Africa|Canada|EMEA|EU|LATAM|US,United States,31,55,13092.7363,-733.7475000000007,2011-02-25
TRACY_PODDAR,Tracy Poddar,Corporate,TP-11565|TP-21565,2,2011-02-15,2014-12-17,APAC|Africa|EMEA|EU|LATAM|US,United States,35,68,13287.1713,1795.6599999999999,2011-02-15
TRACY_ZIC,Tracy Zic,Consumer,TZ-11580|TZ-21580,2,2011-02-16,2014-11-26,APAC|Africa|EMEA|EU|LATAM|US,Germany,24,48,10858.5418,-80.11550000000007,2011-02-16
TROY_BLACKWELL,Troy Blackwell,Consumer,TB-11595|TB-21595,2,2011-02-19,2014-12-03,APAC|Africa|EMEA|EU|LATAM|US,United States,30,46,9190.059,1438.6508999999999,2011-02-19
TROY_STAEBEL,Troy Staebel,Consumer,TS-11610|TS-21610,2,2011-01-31,2014-12-11,APAC|Africa|EMEA|EU|LATAM|US,United States,35,83,22577.09,1719.5678999999998,2011-01-31
TRUDY_BROWN,Trudy Brown,Consumer,TB-11625|TB-21625,2,2011-02-15,2014-12-01,APAC|Africa|EMEA|EU|LATAM|US,United States,36,69,15076.9491,1500.6631,2011-02-15
TRUDY_GLOCKE,Trudy Glocke,Consumer,TG-11640|TG-21640,2,2011-03-31,2014-12-26,APAC|Africa|Canada|EMEA|EU|LATAM|US,United States,42,75,18880.3103,3096.2398000000003,2011-03-31
TRUDY_SCHMIDT,Trudy Schmidt,Consumer,TS-11655|TS-21655,2,2011-08-25,2014-10-08,APAC|Africa|EMEA|EU|LATAM|US,United States,30,56,9978.3372,1025.6194999999998,2011-08-25
VALERIE_DOMINGUEZ,Valerie Dominguez,Consumer,VD-11670|VD-21670,2,2011-05-02,2014-12-31,APAC|Africa|EMEA|EU|LATAM|US,United States,30,67,15984.922400000001,2031.9158,2011-05-02
VALERIE_MITCHUM,Valerie Mitchum,Home Office,VM-11685|VM-21685,2,2011-03-25,2014-12-18,APAC|Africa|EMEA|EU|LATAM|US,United States,38,68,14567.10032,-1645.79878,2011-03-25
VALERIE_TAKAHITO,Valerie Takahito,Home Office,VT-11700|VT-21700,2,2011-06-06,2014-12-24,APAC|Africa|EMEA|EU|LATAM|US,United States,32,72,19370.7481,1090.7831999999996,2011-06-06
VICKY_FREYMANN,Vicky Freymann,Home Office,VF-11715|VF-21715,2,2011-03-01,2014-12-18,APAC|Africa|EMEA|EU|LATAM|US,United States,28,49,12602.485,26.11299999999992,2011-03-01
VICTORIA_BRENNAN,Victoria Brennan,Corporate,VB-11745|VB-21745,2,2011-06-27,2014-12-27,APAC|Africa|EMEA|EU|LATAM|US,United States,25,45,10744.68,908.5637999999998,2011-06-27
VICTORIA_PISTEKA,Victoria Pisteka,Corporate,VP-11760|VP-21760,2,2011-04-01,2014-10-17,APAC|Africa|EMEA|EU|LATAM|US,United States,31,60,18551.2255,2390.8626999999997,2011-04-01
VICTORIA_WILSON,Victoria Wilson,Corporate,VW-11775|VW-21775,2,2011-05-11,2014-12-25,APAC|Africa|EMEA|EU|LATAM|US,United States,35,66,17038.5434,294.38089999999977,2011-05-11
VICTOR_PREIS,Victor Preis,Home Office,VP-11730|VP-21730,2,2011-06-09,2014-12-03,APAC|Africa|EMEA|EU|LATAM|US,India,33,58,12061.269,2232.7958,2011-06-09
VIVEK_GONZALEZ,Vivek Gonzalez,Consumer,VG-11790|VG-21790,2,2011-01-18,2014-09-12,APAC|Africa|EMEA|EU|LATAM|US,United States,31,50,10294.778499999999,-364.42469999999975,2011-01-18
VIVEK_GRADY,Vivek Grady,Corporate,VG-11805|VG-21805,2,2011-06-16,2014-12-29,APAC|Africa|EMEA|EU|LATAM|US,Brazil,27,61,23763.59116,4046.90616,2011-06-16
VIVEK_SUNDARESAM,Vivek Sundaresam,Consumer,VS-11820|VS-21820,2,2011-01-08,2014-12-09,APAC|Africa|EMEA|EU|LATAM|US,Australia,22,40,11411.989,1586.6186999999998,2011-01-08
VIVIAN_MATHIS,Vivian Mathis,Consumer,VM-11835|VM-21835,2,2011-01-17,2014-12-23,APAC|Africa|Canada|EU|LATAM|US,United States,23,36,3892.2270000000003,656.9143,2011-01-17
WILLIAM_BROWN,William Brown,Consumer,WB-11850|WB-21850,2,2011-05-16,2014-12-11,APAC|Africa|EMEA|EU|LATAM|US,United States,40,84,16887.1932,2547.9022999999997,2011-05-16
XYLONA_PREIS,Xylona Preis,Consumer,XP-11865|XP-21865,2,2011-01-21,2014-11-18,APAC|Africa|EMEA|EU|LATAM|US,United States,30,61,12198.9506,1304.7225999999998,2011-01-21
YANA_SORENSEN,Yana Sorensen,Corporate,YS-11880|YS-21880,2,2011-03-03,2014-12-27,APAC|Africa|EMEA|EU|LATAM|US,United States,32,62,20032.438,3450.4063,2011-03-03
YOSEPH_CARROLL,Yoseph Carroll,Corporate,YC-11895|YC-21895,2,2011-02-09,2014-12-27,APAC|Africa|Canada|EU|LATAM|US,France,31,56,20164.3776,4347.1766,2011-02-09
ZUSCHUSS_CARROLL,Zuschuss Carroll,Consumer,ZC-11910|ZC-21910,2,2011-09-23,2014-12-28,APAC|Africa|EU|LATAM|US,United States,38,85,28479.99226,436.93625999999904,2011-09-23
ZUSCHUSS_DONATELLI,Zuschuss Donatelli,Consumer,ZD-11925|ZD-21925,2,2011-02-21,2014-12-30,APAC|Africa|EMEA|EU|LATAM|US,United States,29,54,12430.5704,201.73709999999994,2011-02-21
