customer_key,customer_segment,primary_market,primary_country,first_order_date,last_order_date,order_frequency,total_lines,total_quantity,lifetime_revenue,lifetime_cost,lifetime_profit,lifetime_discount,lifetime_shipping,returned_orders,measured_orders,clv_historical_revenue,clv_historical_profit,avg_order_value,avg_order_profit,profit_margin_pct,days_since_last_purchase,tenure_days_observed,is_repeat_customer,return_rate_pct,avg_days_between_orders,cohort_month,r_score,f_score,m_score,rfm_cell,rfm_sum,fm_score,days_since_first_purchase,segment,segment_action,label_caveat
AARON_BERGMAN,Consumer,EU,France,2011-02-19,2014-12-15,37,89,301,24644.6275,19961.4195,4683.208,3799.4525,3128.3,0,32,24644.6275,4683.208,666.0710135135135,126.57318918918918,19.002957135383763,16,1395,1,0.0,38.75,2011-02,3,4,5,345,12,4.5,1411,Loyal Customers,Grow basket size. Consistent buyers with room to move up. Cross-sell adjacent sub-categories and bundle the low-margin items they already buy.,Relative label: upper-middle recency and value within this panel.
AARON_HAWKINS,Corporate,EU,United States,2011-04-22,2014-12-19,34,56,231,20759.51384,18308.5848,2450.9290400000004,4293.566159999999,2289.41,0,27,20759.51384,2450.9290400000004,610.5739364705883,72.08614823529413,11.806293051417626,12,1337,1,0.0,40.51515151515152,2011-04,4,3,5,435,12,4.0,1349,Champions,Protect. Highest value and most recently active. Give early access to new ranges and priority fulfilment; do NOT spend discount here - they already buy at the best margins.,Relative label: top recency and value quintiles within this 795-customer panel.
AARON_SMAYLING,Corporate,EU,United States,2011-03-21,2014-12-08,31,60,211,14212.6284,13843.4666,369.1617999999999,3679.2316,1372.576,2,28,14212.6284,369.1617999999999,458.4718838709677,11.908445161290318,2.5974210371953426,23,1358,1,7.142857142857142,45.266666666666666,2011-03,2,2,3,223,7,2.5,1381,At Risk,"Reactivate now. Previously valuable, engagement slipping. Time-boxed win-back offer plus a service check - review whether returns or late shipments preceded the drop-off.","Relative label. Median dormancy is only ~28 days; this is the second-lowest recency quintile of a highly active panel, NOT evidence of churn."
ADAM_BELLAVANCE,Home Office,LATAM,United States,2011-01-07,2014-11-26,41,68,262,20186.7784,15206.8015,4979.9769,2783.2015999999994,2731.469,1,32,20186.7784,4979.9769,492.3604487804878,121.4628512195122,24.669498031444185,35,1419,1,3.125,35.475,2011-01,2,5,5,255,12,5.0,1454,At Risk,"Reactivate now. Previously valuable, engagement slipping. Time-boxed win-back offer plus a service check - review whether returns or late shipments preceded the drop-off.","Relative label. Median dormancy is only ~28 days; this is the second-lowest recency quintile of a highly active panel, NOT evidence of churn."
ADAM_HART,Corporate,US,United States,2011-06-10,2014-12-29,42,84,293,21718.20142,19816.168,1902.03342,3746.07858,2365.903,2,34,21718.20142,1902.03342,517.1000338095239,45.28650999999999,8.757785155489177,2,1298,1,5.88235294117647,31.65853658536585,2011-06,5,5,5,555,15,5.0,1300,Champions,Protect. Highest value and most recently active. Give early access to new ranges and priority fulfilment; do NOT spend discount here - they already buy at the best margins.,Relative label: top recency and value quintiles within this 795-customer panel.
ADAM_SHILLINGSBURG,Consumer,LATAM,United States,2011-04-06,2014-12-16,36,71,238,15444.67672,14023.4026,1421.2741199999998,4000.67328,1726.02,2,32,15444.67672,1421.2741199999998,429.0187977777778,39.47983666666666,9.202355904021797,15,1350,1,6.25,38.57142857142857,2011-04,3,4,3,343,10,3.5,1365,Loyal Customers,Grow basket size. Consistent buyers with room to move up. Cross-sell adjacent sub-categories and bundle the low-margin items they already buy.,Relative label: upper-middle recency and value within this panel.
ADRIAN_BARTON,Consumer,LATAM,United States,2011-05-18,2014-12-04,40,77,265,25123.18,18705.8955,6417.2845,3756.08,2638.284,5,33,25123.18,6417.2845,628.0795,160.4321125,25.543281145141652,27,1296,1,15.151515151515152,33.23076923076923,2011-05,2,5,5,255,12,5.0,1323,At Risk,"Reactivate now. Previously valuable, engagement slipping. Time-boxed win-back offer plus a service check - review whether returns or late shipments preceded the drop-off.","Relative label. Median dormancy is only ~28 days; this is the second-lowest recency quintile of a highly active panel, NOT evidence of churn."
ADRIAN_HANE,Home Office,US,United States,2011-07-18,2014-12-10,26,54,207,11405.91788,9324.5386,2081.37928,1456.2021199999997,984.642,2,22,11405.91788,2081.37928,438.6891492307692,80.05304923076923,18.24824009692064,21,1241,1,9.090909090909092,49.64,2011-07,3,1,1,311,5,1.0,1262,Potential Loyalists,Convert to loyal. Recently active but spending below their cohort. Targeted category offers and a second-order incentive are justified here.,Relative label: recent but below-panel-average value. Not 'new' - see New Customers.
ADRIAN_SHAMI,Home Office,APAC,China,2011-11-17,2014-11-20,24,44,144,11286.0542,9721.5604,1564.4937999999995,1927.8558,933.015,0,19,11286.0542,1564.4937999999995,470.2522583333334,65.18724166666665,13.862185776141317,41,1099,1,0.0,47.78260869565217,2011-11,1,1,1,111,3,1.0,1140,Lost Customers,Reactivate cheaply or release. Longest dormancy in the panel. Use low-cost channels only; do not fund deep discounts to chase them.,"Relative label, and the most easily misread. Dormancy runs 36-428 days with a median near 49 - only 1 customer in the whole panel exceeds 180 days. These customers are not lost in any real sense; they are simply the least recent quintile."
AIMEE_BIXBY,Consumer,LATAM,United States,2011-01-25,2014-11-26,28,55,208,16201.1746,13274.8203,2926.3543,1342.8354,1850.034,0,24,16201.1746,2926.3543,578.6133785714286,104.51265357142856,18.062605781682027,35,1401,1,0.0,51.888888888888886,2011-01,2,1,3,213,6,2.0,1436,At Risk,"Reactivate now. Previously valuable, engagement slipping. Time-boxed win-back offer plus a service check - review whether returns or late shipments preceded the drop-off.","Relative label. Median dormancy is only ~28 days; this is the second-lowest recency quintile of a highly active panel, NOT evidence of churn."
ALAN_BARNES,Consumer,EU,United States,2011-02-18,2014-12-18,35,60,232,13049.041,10612.975,2436.0660000000003,1382.169,1118.846,3,29,13049.041,2436.0660000000003,372.8297428571429,69.60188571428573,18.6685443014548,13,1399,1,10.344827586206897,41.14705882352941,2011-02,3,4,2,342,9,3.0,1412,Loyal Customers,Grow basket size. Consistent buyers with room to move up. Cross-sell adjacent sub-categories and bundle the low-margin items they already buy.,Relative label: upper-middle recency and value within this panel.
ALAN_DOMINGUEZ,Home Office,APAC,United States,2011-08-16,2014-12-26,30,55,167,18539.7928,16999.8006,1539.9922,5275.5572,1593.206,0,27,18539.7928,1539.9922,617.9930933333333,51.33307333333334,8.30641537698307,5,1228,1,0.0,42.3448275862069,2011-08,5,2,4,524,11,3.0,1233,Loyal Customers,Grow basket size. Consistent buyers with room to move up. Cross-sell adjacent sub-categories and bundle the low-margin items they already buy.,Relative label: upper-middle recency and value within this panel.
ALAN_HAINES,Corporate,EU,Italy,2011-01-17,2014-11-12,34,77,258,15279.75678,15872.0029,-592.2461199999998,5091.56322,1466.849,1,25,15279.75678,-592.2461199999998,449.40461117647055,-17.419003529411757,-3.876017979390898,49,1395,1,4.0,42.27272727272727,2011-01,1,3,3,133,7,3.0,1444,Lost Customers,Reactivate cheaply or release. Longest dormancy in the panel. Use low-cost channels only; do not fund deep discounts to chase them.,"Relative label, and the most easily misread. Dormancy runs 36-428 days with a median near 49 - only 1 customer in the whole panel exceeds 180 days. These customers are not lost in any real sense; they are simply the least recent quintile."
ALAN_HWANG,Consumer,LATAM,United States,2011-08-13,2014-12-25,38,74,292,23642.85018,19300.4794,4342.37078,2898.9098200000003,2365.203,0,34,23642.85018,4342.37078,622.1802678947369,114.2729152631579,18.366528345526238,6,1230,1,0.0,33.24324324324324,2011-08,4,5,5,455,14,5.0,1236,Champions,Protect. Highest value and most recently active. Give early access to new ranges and priority fulfilment; do NOT spend discount here - they already buy at the best margins.,Relative label: top recency and value quintiles within this 795-customer panel.
ALAN_SCHOENBERGER,Corporate,APAC,United States,2011-05-18,2014-12-29,35,73,231,21836.4137,19332.7789,2503.6348,1614.7863000000002,1945.791,2,28,21836.4137,2503.6348,623.8975342857143,71.53242285714285,11.465412014977533,2,1321,1,7.142857142857142,38.85294117647059,2011-05,5,4,5,545,14,4.5,1323,Champions,Protect. Highest value and most recently active. Give early access to new ranges and priority fulfilment; do NOT spend discount here - they already buy at the best margins.,Relative label: top recency and value quintiles within this 795-customer panel.
ALAN_SHONELY,Consumer,EU,United States,2011-01-26,2014-12-19,36,63,246,10693.17636,9517.7222,1175.45416,2191.66364,1026.991,1,31,10693.17636,1175.45416,297.03267666666665,32.65150444444444,10.992563111528067,12,1423,1,3.225806451612903,40.65714285714286,2011-01,4,4,1,441,9,2.5,1435,Potential Loyalists,Convert to loyal. Recently active but spending below their cohort. Targeted category offers and a second-order incentive are justified here.,Relative label: recent but below-panel-average value. Not 'new' - see New Customers.
ALEJANDRO_BALLENTINE,Home Office,LATAM,United States,2011-01-20,2014-12-26,39,68,207,15466.218400000002,14707.6045,758.6138999999998,3728.451599999999,1848.589,2,31,15466.218400000002,758.6138999999998,396.5697025641026,19.451638461538455,4.904973409660371,5,1436,1,6.451612903225806,37.78947368421053,2011-01,5,5,3,553,13,4.0,1441,Champions,Protect. Highest value and most recently active. Give early access to new ranges and priority fulfilment; do NOT spend discount here - they already buy at the best margins.,Relative label: top recency and value quintiles within this 795-customer panel.
ALEJANDRO_GROVE,Consumer,LATAM,United States,2011-01-09,2014-12-18,33,67,255,13417.21022,10814.6381,2602.57212,623.6997799999999,1526.076,3,25,13417.21022,2602.57212,406.58212787878784,78.86582181818181,19.397267221173493,13,1439,1,12.0,44.96875,2011-01,3,3,2,332,8,2.5,1452,Potential Loyalists,Convert to loyal. Recently active but spending below their cohort. Targeted category offers and a second-order incentive are justified here.,Relative label: recent but below-panel-average value. Not 'new' - see New Customers.
ALEJANDRO_SAVELY,Corporate,APAC,United States,2011-03-21,2014-12-13,43,77,273,21118.32446,18584.7584,2533.56606,1307.8955400000002,2379.881,5,30,21118.32446,2533.56606,491.1238246511628,58.92014093023256,11.99700319406874,18,1363,1,16.666666666666664,32.45238095238095,2011-03,3,5,5,355,13,5.0,1381,Loyal Customers,Grow basket size. Consistent buyers with room to move up. Cross-sell adjacent sub-categories and bundle the low-margin items they already buy.,Relative label: upper-middle recency and value within this panel.
ALEKSANDRA_GANNAWAY,Corporate,LATAM,United States,2011-01-19,2014-12-29,30,58,206,14717.1862,13944.0396,773.1466000000003,5277.3138,1290.271,1,24,14717.1862,773.1466000000003,490.57287333333335,25.77155333333334,5.253358824800356,2,1440,1,4.166666666666666,49.6551724137931,2011-01,5,2,3,523,10,2.5,1442,Potential Loyalists,Convert to loyal. Recently active but spending below their cohort. Targeted category offers and a second-order incentive are justified here.,Relative label: recent but below-panel-average value. Not 'new' - see New Customers.
ALEX_AVILA,Consumer,EU,United States,2011-03-31,2014-12-29,26,50,165,15990.669,15007.4125,983.2564999999996,2047.621,1451.942,2,19,15990.669,983.2564999999996,615.0257307692308,37.81755769230768,6.148939109426877,2,1369,1,10.526315789473683,54.76,2011-03,5,1,3,513,9,2.0,1371,Potential Loyalists,Convert to loyal. Recently active but spending below their cohort. Targeted category offers and a second-order incentive are justified here.,Relative label: recent but below-panel-average value. Not 'new' - see New Customers.
ALEX_GRAYSON,Consumer,LATAM,United States,2011-07-20,2014-12-29,36,77,250,15067.05118,14060.0791,1006.97208,4316.54882,1993.076,1,29,15067.05118,1006.97208,418.5291994444444,27.971446666666665,6.683272446413764,2,1258,1,3.4482758620689653,35.94285714285714,2011-07,5,4,3,543,12,3.5,1260,Loyal Customers,Grow basket size. Consistent buyers with room to move up. Cross-sell adjacent sub-categories and bundle the low-margin items they already buy.,Relative label: upper-middle recency and value within this panel.
ALEX_RUSSELL,Corporate,APAC,United States,2011-03-30,2014-12-02,35,64,209,16466.868199999997,14176.2084,2290.6598000000004,3261.9318,1829.273,2,26,16466.868199999997,2290.6598000000004,470.4819485714285,65.44742285714287,13.91071922225017,29,1343,1,7.6923076923076925,39.5,2011-03,2,4,4,244,10,4.0,1372,At Risk,"Reactivate now. Previously valuable, engagement slipping. Time-boxed win-back offer plus a service check - review whether returns or late shipments preceded the drop-off.","Relative label. Median dormancy is only ~28 days; this is the second-lowest recency quintile of a highly active panel, NOT evidence of churn."
ALICE_MCCARTHY,Corporate,EU,France,2011-02-21,2014-12-16,39,77,284,18766.1566,15788.3042,2977.8524,2187.0134,1876.712,3,33,18766.1566,2977.8524,481.1835025641026,76.35518974358973,15.868206066233078,15,1394,1,9.090909090909092,36.68421052631579,2011-02,3,5,4,354,12,4.5,1409,Loyal Customers,Grow basket size. Consistent buyers with room to move up. Cross-sell adjacent sub-categories and bundle the low-margin items they already buy.,Relative label: upper-middle recency and value within this panel.
ALLEN_ARMOLD,Consumer,US,United States,2011-04-21,2014-12-25,31,55,169,6538.687,5783.7676,754.9194,1395.1229999999998,1022.609,2,23,6538.687,754.9194,210.9253870967742,24.35223870967742,11.545428004123764,6,1344,1,8.695652173913043,44.8,2011-04,4,2,1,421,7,1.5,1350,Potential Loyalists,Convert to loyal. Recently active but spending below their cohort. Targeted category offers and a second-order incentive are justified here.,Relative label: recent but below-panel-average value. Not 'new' - see New Customers.
ALLEN_GOLDENEN,Consumer,LATAM,United States,2011-04-19,2014-09-10,23,53,178,8926.1216,8478.8566,447.2650000000001,1560.9983999999995,926.497,3,19,8926.1216,447.2650000000001,388.0922434782609,19.446304347826093,5.010742851632226,112,1240,1,15.789473684210526,56.36363636363637,2011-04,1,1,1,111,3,1.0,1352,Lost Customers,Reactivate cheaply or release. Longest dormancy in the panel. Use low-cost channels only; do not fund deep discounts to chase them.,"Relative label, and the most easily misread. Dormancy runs 36-428 days with a median near 49 - only 1 customer in the whole panel exceeds 180 days. These customers are not lost in any real sense; they are simply the least recent quintile."
ALLEN_ROSENBLATT,Corporate,EU,United States,2011-01-26,2014-11-07,28,50,168,9527.93078,10080.2126,-552.2818199999999,3215.18922,927.825,3,22,9527.93078,-552.2818199999999,340.28324214285715,-19.724350714285716,-5.796450800831698,54,1381,1,13.636363636363637,51.14814814814815,2011-01,1,1,1,111,3,1.0,1435,Lost Customers,Reactivate cheaply or release. Longest dormancy in the panel. Use low-cost channels only; do not fund deep discounts to chase them.,"Relative label, and the most easily misread. Dormancy runs 36-428 days with a median near 49 - only 1 customer in the whole panel exceeds 180 days. These customers are not lost in any real sense; they are simply the least recent quintile."
ALYSSA_CROUSE,Corporate,LATAM,Mexico,2011-01-07,2014-12-25,33,61,180,12297.3697,11853.3342,444.0355000000002,2063.2802999999994,869.881,1,24,12297.3697,444.0355000000002,372.6475666666667,13.455621212121216,3.610816872489409,6,1448,1,4.166666666666666,45.25,2011-01,4,3,2,432,9,2.5,1454,Potential Loyalists,Convert to loyal. Recently active but spending below their cohort. Targeted category offers and a second-order incentive are justified here.,Relative label: recent but below-panel-average value. Not 'new' - see New Customers.
ALYSSA_TATE,Home Office,EMEA,United States,2011-06-02,2014-12-19,36,65,185,14942.2985,12146.7672,2795.5313,2153.1715,1362.912,2,24,14942.2985,2795.5313,415.0638472222223,77.65364722222222,18.708843890382727,12,1296,1,8.333333333333332,37.02857142857143,2011-06,4,4,3,443,11,3.5,1308,Loyal Customers,Grow basket size. Consistent buyers with room to move up. Cross-sell adjacent sub-categories and bundle the low-margin items they already buy.,Relative label: upper-middle recency and value within this panel.
AMY_COX,Consumer,US,United States,2011-08-08,2014-12-26,26,39,143,17152.9874,13172.5762,3980.4112,1632.4426,1758.327,1,19,17152.9874,3980.4112,659.7302846153847,153.09273846153846,23.20535255567202,5,1236,1,5.263157894736842,49.44,2011-08,5,1,4,514,10,2.5,1241,Potential Loyalists,Convert to loyal. Recently active but spending below their cohort. Targeted category offers and a second-order incentive are justified here.,Relative label: recent but below-panel-average value. Not 'new' - see New Customers.
AMY_HUNT,Consumer,LATAM,United States,2011-04-06,2014-10-22,24,39,143,9198.65668,8480.3217,718.3349799999999,1219.56332,977.202,3,20,9198.65668,718.3349799999999,383.27736166666665,29.93062416666666,7.809129147757256,70,1295,1,15.0,56.30434782608695,2011-04,1,1,1,111,3,1.0,1365,Lost Customers,Reactivate cheaply or release. Longest dormancy in the panel. Use low-cost channels only; do not fund deep discounts to chase them.,"Relative label, and the most easily misread. Dormancy runs 36-428 days with a median near 49 - only 1 customer in the whole panel exceeds 180 days. These customers are not lost in any real sense; they are simply the least recent quintile."
ANDREW_ALLEN,Consumer,EU,United States,2011-05-04,2014-08-28,25,48,175,19759.08278,17687.9946,2071.08818,2072.70722,1815.271,0,20,19759.08278,2071.08818,790.3633112,82.84352719999998,10.481702025644328,125,1212,1,0.0,50.5,2011-05,1,1,4,114,6,2.5,1337,Lost Customers,Reactivate cheaply or release. Longest dormancy in the panel. Use low-cost channels only; do not fund deep discounts to chase them.,"Relative label, and the most easily misread. Dormancy runs 36-428 days with a median near 49 - only 1 customer in the whole panel exceeds 180 days. These customers are not lost in any real sense; they are simply the least recent quintile."
ANDREW_GJERTSEN,Corporate,EU,United States,2011-02-22,2014-11-13,40,78,302,16384.30206,13742.088200000002,2642.21386,2800.28794,1619.088,5,29,16384.30206,2642.21386,409.60755150000006,66.0553465,16.126496266512312,48,1360,1,17.24137931034483,34.87179487179487,2011-02,1,5,4,154,10,4.5,1408,Lost Customers,Reactivate cheaply or release. Longest dormancy in the panel. Use low-cost channels only; do not fund deep discounts to chase them.,"Relative label, and the most easily misread. Dormancy runs 36-428 days with a median near 49 - only 1 customer in the whole panel exceeds 180 days. These customers are not lost in any real sense; they are simply the least recent quintile."
ANDREW_ROBERTS,Consumer,APAC,United States,2011-02-21,2014-12-17,39,70,235,16916.52336,13354.7645,3561.7588600000004,1701.10664,1532.221,3,29,16916.52336,3561.7588600000004,433.7570092307692,91.32715025641026,21.05491054043625,14,1395,1,10.344827586206897,36.71052631578947,2011-02,3,5,4,354,12,4.5,1409,Loyal Customers,Grow basket size. Consistent buyers with room to move up. Cross-sell adjacent sub-categories and bundle the low-margin items they already buy.,Relative label: upper-middle recency and value within this panel.
ANDY_GERBODE,Corporate,EU,Italy,2011-06-23,2014-12-19,27,44,139,11339.639,11170.2493,169.3897000000001,2498.231,1217.149,0,20,11339.639,169.3897000000001,419.9866296296296,6.273692592592596,1.493783885007275,12,1275,1,0.0,49.03846153846154,2011-06,4,1,1,411,6,1.0,1287,Potential Loyalists,Convert to loyal. Recently active but spending below their cohort. Targeted category offers and a second-order incentive are justified here.,Relative label: recent but below-panel-average value. Not 'new' - see New Customers.
ANDY_REITER,Consumer,US,United States,2011-04-28,2014-12-25,23,35,89,8545.5505,5406.4672,3139.0833,536.0894999999999,1005.081,1,15,8545.5505,3139.0833,371.54567391304346,136.48188260869566,36.73354103986631,6,1337,1,6.666666666666667,60.77272727272727,2011-04,4,1,1,411,6,1.0,1343,Potential Loyalists,Convert to loyal. Recently active but spending below their cohort. Targeted category offers and a second-order incentive are justified here.,Relative label: recent but below-panel-average value. Not 'new' - see New Customers.
ANDY_YOTOV,Corporate,EMEA,United States,2011-04-06,2014-12-17,27,50,163,8543.03044,6252.0541,2290.97634,414.22956,850.417,2,16,8543.03044,2290.97634,316.40853481481486,84.85097555555556,26.816904798480383,14,1351,1,12.5,51.96153846153846,2011-04,3,1,1,311,5,1.0,1365,Potential Loyalists,Convert to loyal. Recently active but spending below their cohort. Targeted category offers and a second-order incentive are justified here.,Relative label: recent but below-panel-average value. Not 'new' - see New Customers.
ANEMONE_RATNER,Consumer,APAC,India,2011-04-21,2014-12-29,27,50,178,11489.92732,9495.277,1994.65032,1178.40268,1367.73,1,18,11489.92732,1994.65032,425.5528637037037,73.87593777777778,17.359990750576827,2,1348,1,5.555555555555555,51.84615384615385,2011-04,5,1,1,511,7,1.0,1350,Potential Loyalists,Convert to loyal. Recently active but spending below their cohort. Targeted category offers and a second-order incentive are justified here.,Relative label: recent but below-panel-average value. Not 'new' - see New Customers.
ANGELE_HOOD,Consumer,APAC,United States,2011-06-08,2014-12-10,31,49,170,11358.1131,9748.041,1610.0721,1963.1369,1541.881,0,22,11358.1131,1610.0721,366.3907451612904,51.93780967741936,14.175524453969384,21,1281,1,0.0,42.7,2011-06,3,2,1,321,6,1.5,1302,Potential Loyalists,Convert to loyal. Recently active but spending below their cohort. Targeted category offers and a second-order incentive are justified here.,Relative label: recent but below-panel-average value. Not 'new' - see New Customers.
ANNA_ANDREADI,Consumer,APAC,United States,2011-01-26,2014-12-03,47,91,302,17312.2147,14869.1217,2443.0930000000003,3339.1253,1961.26,1,36,17312.2147,2443.0930000000003,368.34499361702126,51.98070212765958,14.11196107682283,28,1407,1,2.7777777777777777,30.58695652173913,2011-01,2,5,4,254,11,4.5,1435,At Risk,"Reactivate now. Previously valuable, engagement slipping. Time-boxed win-back offer plus a service check - review whether returns or late shipments preceded the drop-off.","Relative label. Median dormancy is only ~28 days; this is the second-lowest recency quintile of a highly active panel, NOT evidence of churn."
ANNA_CHUNG,Consumer,EU,United States,2011-06-06,2014-12-29,25,43,152,8931.70908,9203.8364,-272.12731999999994,3766.52092,941.346,1,21,8931.70908,-272.12731999999994,357.2683632,-10.885092799999995,-3.0467553025137257,2,1302,1,4.761904761904762,54.25,2011-06,5,1,1,511,7,1.0,1304,Potential Loyalists,Convert to loyal. Recently active but spending below their cohort. Targeted category offers and a second-order incentive are justified here.,Relative label: recent but below-panel-average value. Not 'new' - see New Customers.
ANNA_GAYMAN,Consumer,EU,United States,2011-03-09,2014-11-14,31,77,249,15391.967,14468.9053,923.0617,4774.693,2002.839,2,21,15391.967,923.0617,496.515064516129,29.77618387096774,5.99703533667919,47,1346,1,9.523809523809524,44.86666666666667,2011-03,1,2,3,123,6,2.5,1393,Lost Customers,Reactivate cheaply or release. Longest dormancy in the panel. Use low-cost channels only; do not fund deep discounts to chase them.,"Relative label, and the most easily misread. Dormancy runs 36-428 days with a median near 49 - only 1 customer in the whole panel exceeds 180 days. These customers are not lost in any real sense; they are simply the least recent quintile."
ANNA_H_BERLIN,Corporate,US,United States,2011-02-11,2014-12-01,36,76,280,18094.05912,15628.0474,2466.0117199999995,2651.8608799999997,1461.644,4,31,18094.05912,2466.0117199999995,502.6127533333334,68.50032555555555,13.628847477757104,30,1389,1,12.903225806451612,39.68571428571428,2011-02,2,4,4,244,10,4.0,1419,At Risk,"Reactivate now. Previously valuable, engagement slipping. Time-boxed win-back offer plus a service check - review whether returns or late shipments preceded the drop-off.","Relative label. Median dormancy is only ~28 days; this is the second-lowest recency quintile of a highly active panel, NOT evidence of churn."
ANNE_MCFARLAND,Consumer,APAC,United States,2011-05-03,2014-12-06,36,79,303,25522.3345,22283.7494,3238.5851,3399.5155,3404.441,1,30,25522.3345,3238.5851,708.9537361111111,89.96069722222222,12.689219710681249,25,1313,1,3.333333333333333,37.51428571428571,2011-05,2,4,5,245,11,4.5,1338,At Risk,"Reactivate now. Previously valuable, engagement slipping. Time-boxed win-back offer plus a service check - review whether returns or late shipments preceded the drop-off.","Relative label. Median dormancy is only ~28 days; this is the second-lowest recency quintile of a highly active panel, NOT evidence of churn."
ANNE_PRYOR,Home Office,US,United States,2011-03-03,2014-11-24,26,63,244,16361.7603,13368.9952,2992.7651,1290.1797,1819.042,1,20,16361.7603,2992.7651,629.2984730769231,115.10635,18.29121711311221,37,1362,1,5.0,54.48,2011-03,1,1,3,113,5,2.0,1399,Lost Customers,Reactivate cheaply or release. Longest dormancy in the panel. Use low-cost channels only; do not fund deep discounts to chase them.,"Relative label, and the most easily misread. Dormancy runs 36-428 days with a median near 49 - only 1 customer in the whole panel exceeds 180 days. These customers are not lost in any real sense; they are simply the least recent quintile."
ANNIE_THURMAN,Consumer,US,United States,2011-01-01,2014-12-29,34,55,186,13387.7549,10727.977,2659.7779,1821.1951,1312.932,0,29,13387.7549,2659.7779,393.7574970588235,78.22876176470588,19.867243760191634,2,1458,1,0.0,44.18181818181818,2011-01,5,3,2,532,10,2.5,1460,Potential Loyalists,Convert to loyal. Recently active but spending below their cohort. Targeted category offers and a second-order incentive are justified here.,Relative label: recent but below-panel-average value. Not 'new' - see New Customers.
ANNIE_ZYPERN,Consumer,US,United States,2011-03-17,2014-12-05,28,68,215,11871.078,10946.7177,924.3603,2373.012,969.224,1,18,11871.078,924.3603,423.9670714285714,33.01286785714286,7.786658465221103,26,1359,1,5.555555555555555,50.333333333333336,2011-03,2,1,2,212,5,1.5,1385,At Risk,"Reactivate now. Previously valuable, engagement slipping. Time-boxed win-back offer plus a service check - review whether returns or late shipments preceded the drop-off.","Relative label. Median dormancy is only ~28 days; this is the second-lowest recency quintile of a highly active panel, NOT evidence of churn."
ANN_BLUME,Corporate,APAC,United States,2011-01-19,2014-12-24,27,64,238,18727.2131,16857.202400000002,1870.0107,3840.5969,2687.601,1,22,18727.2131,1870.0107,693.6004851851852,69.25965555555555,9.98552582284654,7,1435,1,4.545454545454546,55.19230769230769,2011-01,4,1,4,414,9,2.5,1442,Potential Loyalists,Convert to loyal. Recently active but spending below their cohort. Targeted category offers and a second-order incentive are justified here.,Relative label: recent but below-panel-average value. Not 'new' - see New Customers.
ANN_CHONG,Corporate,APAC,India,2011-04-30,2014-12-25,36,83,264,15028.15648,14148.0287,880.1277799999998,3957.23352,1540.02,4,29,15028.15648,880.1277799999998,417.4487911111112,24.447993888888885,5.856525257581026,6,1335,1,13.79310344827586,38.142857142857146,2011-04,4,4,3,443,11,3.5,1341,Loyal Customers,Grow basket size. Consistent buyers with room to move up. Cross-sell adjacent sub-categories and bundle the low-margin items they already buy.,Relative label: upper-middle recency and value within this panel.
ANN_STEELE,Home Office,Africa,United States,2011-02-04,2014-11-28,30,55,164,11815.9495,9724.8961,2091.0534,3087.7905,738.938,0,19,11815.9495,2091.0534,393.8649833333333,69.70178000000001,17.696871504063218,33,1393,1,0.0,48.03448275862069,2011-02,2,2,2,222,6,2.0,1426,At Risk,"Reactivate now. Previously valuable, engagement slipping. Time-boxed win-back offer plus a service check - review whether returns or late shipments preceded the drop-off.","Relative label. Median dormancy is only ~28 days; this is the second-lowest recency quintile of a highly active panel, NOT evidence of churn."
ANTHONY_GARVERICK,Home Office,LATAM,United States,2011-01-12,2014-12-03,35,58,227,11684.3115,11509.005,175.30650000000014,3928.7985,1079.019,2,27,11684.3115,175.30650000000014,333.8374714285714,5.008757142857147,1.5003579800144848,28,1421,1,7.4074074074074066,41.794117647058826,2011-01,2,4,2,242,8,3.0,1449,At Risk,"Reactivate now. Previously valuable, engagement slipping. Time-boxed win-back offer plus a service check - review whether returns or late shipments preceded the drop-off.","Relative label. Median dormancy is only ~28 days; this is the second-lowest recency quintile of a highly active panel, NOT evidence of churn."
ANTHONY_JACOBS,Corporate,Africa,United States,2011-01-11,2014-12-30,37,79,232,17757.0612,16584.821,1172.2401999999995,3861.1888,2332.266,3,25,17757.0612,1172.2401999999995,479.920572972973,31.68216756756756,6.601543953680802,1,1449,1,12.0,40.25,2011-01,5,4,4,544,13,4.0,1450,Champions,Protect. Highest value and most recently active. Give early access to new ranges and priority fulfilment; do NOT spend discount here - they already buy at the best margins.,Relative label: top recency and value quintiles within this 795-customer panel.
ANTHONY_JOHNSON,Corporate,US,United States,2011-05-03,2014-11-25,32,77,259,12282.657,9804.0746,2478.5824,1247.173,1154.432,3,22,12282.657,2478.5824,383.83303125,77.4557,20.17952955944304,36,1302,1,13.636363636363637,42.0,2011-05,2,3,2,232,7,2.5,1338,At Risk,"Reactivate now. Previously valuable, engagement slipping. Time-boxed win-back offer plus a service check - review whether returns or late shipments preceded the drop-off.","Relative label. Median dormancy is only ~28 days; this is the second-lowest recency quintile of a highly active panel, NOT evidence of churn."
ANTHONY_O_DONNELL,Corporate,APAC,Australia,2011-08-30,2014-12-24,32,60,228,15022.8036,13929.704,1093.0995999999998,2947.7664,1133.227,1,27,15022.8036,1093.0995999999998,469.4626125,34.15936249999999,7.276268991495035,7,1212,1,3.7037037037037033,39.096774193548384,2011-08,4,3,3,433,10,3.0,1219,Loyal Customers,Grow basket size. Consistent buyers with room to move up. Cross-sell adjacent sub-categories and bundle the low-margin items they already buy.,Relative label: upper-middle recency and value within this panel.
ANTHONY_RAWLES,Corporate,EU,United States,2011-04-26,2014-12-09,45,72,248,17339.9476,14222.3008,3117.6468,2327.3324,1822.837,1,38,17339.9476,3117.6468,385.3321688888889,69.28104,17.97956298322378,22,1323,1,2.631578947368421,30.068181818181817,2011-04,3,5,4,354,12,4.5,1345,Loyal Customers,Grow basket size. Consistent buyers with room to move up. Cross-sell adjacent sub-categories and bundle the low-margin items they already buy.,Relative label: upper-middle recency and value within this panel.
ANTHONY_WITT,Consumer,LATAM,China,2011-02-05,2014-12-15,32,78,244,15147.25552,13930.8435,1216.4120199999995,3098.03448,1695.118,4,25,15147.25552,1216.4120199999995,473.351735,38.01287562499999,8.030577013729543,16,1409,1,16.0,45.45161290322581,2011-02,3,3,3,333,9,3.0,1425,Loyal Customers,Grow basket size. Consistent buyers with room to move up. Cross-sell adjacent sub-categories and bundle the low-margin items they already buy.,Relative label: upper-middle recency and value within this panel.
ARIANNE_IRVING,Consumer,US,United States,2011-04-28,2014-12-18,26,50,176,9278.5763,7740.3989,1538.1774,1578.6736999999996,929.636,0,22,9278.5763,1538.1774,356.86831923076926,59.16066923076923,16.577730788289145,13,1330,1,0.0,53.2,2011-04,3,1,1,311,5,1.0,1343,Potential Loyalists,Convert to loyal. Recently active but spending below their cohort. Targeted category offers and a second-order incentive are justified here.,Relative label: recent but below-panel-average value. Not 'new' - see New Customers.
ARTHUR_GAINER,Consumer,US,United States,2011-01-30,2014-12-08,33,75,284,19873.64176,18140.3946,1733.2471599999997,2925.88824,2023.33,4,29,19873.64176,1733.2471599999997,602.2315684848485,52.5226412121212,8.721336436125835,23,1408,1,13.79310344827586,44.0,2011-01,2,3,4,234,9,3.5,1431,At Risk,"Reactivate now. Previously valuable, engagement slipping. Time-boxed win-back offer plus a service check - review whether returns or late shipments preceded the drop-off.","Relative label. Median dormancy is only ~28 days; this is the second-lowest recency quintile of a highly active panel, NOT evidence of churn."
ARTHUR_PRICHEP,Consumer,US,United States,2011-01-04,2014-10-16,37,87,284,18545.9403,15408.3247,3137.6156,1738.2297,2743.418,3,32,18545.9403,3137.6156,501.2416297297297,84.80042162162162,16.91807236109781,76,1381,1,9.375,38.36111111111112,2011-01,1,4,4,144,9,4.0,1457,Lost Customers,Reactivate cheaply or release. Longest dormancy in the panel. Use low-cost channels only; do not fund deep discounts to chase them.,"Relative label, and the most easily misread. Dormancy runs 36-428 days with a median near 49 - only 1 customer in the whole panel exceeds 180 days. These customers are not lost in any real sense; they are simply the least recent quintile."
ARTHUR_WIEDIGER,Home Office,US,United States,2011-01-04,2014-11-26,28,49,175,11013.01356,8332.0466,2680.96696,1119.4464400000002,865.03,2,22,11013.01356,2680.96696,393.3219128571428,95.74882,24.343627158850055,35,1422,1,9.090909090909092,52.66666666666666,2011-01,2,1,1,211,4,1.0,1457,At Risk,"Reactivate now. Previously valuable, engagement slipping. Time-boxed win-back offer plus a service check - review whether returns or late shipments preceded the drop-off.","Relative label. Median dormancy is only ~28 days; this is the second-lowest recency quintile of a highly active panel, NOT evidence of churn."
ART_FERGUSON,Consumer,APAC,United States,2011-03-30,2014-12-26,45,98,326,28187.3405,25909.0368,2278.3037,3707.8795,2887.289,1,36,28187.3405,2278.3037,626.3853444444445,50.62897111111111,8.082719616630735,5,1367,1,2.7777777777777777,31.068181818181817,2011-03,5,5,5,555,15,5.0,1372,Champions,Protect. Highest value and most recently active. Give early access to new ranges and priority fulfilment; do NOT spend discount here - they already buy at the best margins.,Relative label: top recency and value quintiles within this 795-customer panel.
ART_FOSTER,Consumer,EU,Italy,2011-03-28,2014-11-08,37,76,283,20066.15728,17094.9225,2971.23478,2048.7727199999995,2337.43,1,35,20066.15728,2971.23478,542.3285751351351,80.3036427027027,14.807193716962631,53,1321,1,2.857142857142857,36.69444444444444,2011-03,1,4,5,145,10,4.5,1374,Lost Customers,Reactivate cheaply or release. Longest dormancy in the panel. Use low-cost channels only; do not fund deep discounts to chase them.,"Relative label, and the most easily misread. Dormancy runs 36-428 days with a median near 49 - only 1 customer in the whole panel exceeds 180 days. These customers are not lost in any real sense; they are simply the least recent quintile."
ASHLEY_JARBOE,Consumer,APAC,United States,2011-03-03,2014-12-03,36,56,195,15947.948,12941.2448,3006.7032,2090.5419999999995,1145.641,2,29,15947.948,3006.7032,442.9985555555556,83.51953333333333,18.8532292681165,28,1371,1,6.896551724137931,39.17142857142857,2011-03,2,4,3,243,9,3.5,1399,At Risk,"Reactivate now. Previously valuable, engagement slipping. Time-boxed win-back offer plus a service check - review whether returns or late shipments preceded the drop-off.","Relative label. Median dormancy is only ~28 days; this is the second-lowest recency quintile of a highly active panel, NOT evidence of churn."
ASTREA_JONES,Consumer,Africa,Turkey,2011-03-03,2014-11-13,27,60,206,13262.74948,10731.3915,2531.35798,2018.03052,1443.812,0,17,13262.74948,2531.35798,491.2129437037037,93.75399925925927,19.08622328889832,48,1351,1,0.0,51.96153846153846,2011-03,1,1,2,112,4,1.5,1399,Lost Customers,Reactivate cheaply or release. Longest dormancy in the panel. Use low-cost channels only; do not fund deep discounts to chase them.,"Relative label, and the most easily misread. Dormancy runs 36-428 days with a median near 49 - only 1 customer in the whole panel exceeds 180 days. These customers are not lost in any real sense; they are simply the least recent quintile."
BARBARA_FISHER,Corporate,APAC,United States,2011-07-14,2014-12-09,30,62,193,9835.0112,8001.279600000001,1833.7316,1391.6188000000002,1264.938,1,22,9835.0112,1833.7316,327.83370666666667,61.124386666666666,18.64493657109409,22,1244,1,4.545454545454546,42.89655172413793,2011-07,3,2,1,321,6,1.5,1266,Potential Loyalists,Convert to loyal. Recently active but spending below their cohort. Targeted category offers and a second-order incentive are justified here.,Relative label: recent but below-panel-average value. Not 'new' - see New Customers.
BARRY_BLUMSTEIN,Corporate,APAC,United States,2011-04-05,2014-12-17,37,62,211,9886.8207,9587.3961,299.4245999999998,2266.6093,973.469,0,30,9886.8207,299.4245999999998,267.21137027027027,8.092556756756752,3.028522606867947,14,1352,1,0.0,37.55555555555556,2011-04,3,4,1,341,8,2.5,1366,Potential Loyalists,Convert to loyal. Recently active but spending below their cohort. Targeted category offers and a second-order incentive are justified here.,Relative label: recent but below-panel-average value. Not 'new' - see New Customers.
BARRY_FRANZ,Home Office,APAC,United States,2011-04-25,2014-12-23,27,69,228,24079.87166,22964.2011,1115.67056,5292.36834,2670.27,4,25,24079.87166,1115.67056,891.8470985185186,41.32113185185185,4.633208082471981,8,1338,1,16.0,51.46153846153846,2011-04,4,1,5,415,10,3.0,1346,Loyal Customers,Grow basket size. Consistent buyers with room to move up. Cross-sell adjacent sub-categories and bundle the low-margin items they already buy.,Relative label: upper-middle recency and value within this panel.
BARRY_FRANZ_SISCH,Corporate,EU,United States,2011-02-16,2014-12-16,31,62,191,13208.2773,12268.156,940.1213,2953.9227,1549.016,0,24,13208.2773,940.1213,426.0734612903226,30.326493548387106,7.117667797601435,15,1399,1,0.0,46.63333333333333,2011-02,3,2,2,322,7,2.0,1414,Potential Loyalists,Convert to loyal. Recently active but spending below their cohort. Targeted category offers and a second-order incentive are justified here.,Relative label: recent but below-panel-average value. Not 'new' - see New Customers.
BARRY_GONZALEZ,Consumer,LATAM,United States,2011-09-27,2014-12-03,34,67,250,20023.5634,18493.3854,1530.178,4726.4666,2045.3,1,33,20023.5634,1530.178,588.9283352941176,45.00523529411765,7.641886558513357,28,1163,1,3.0303030303030303,35.24242424242424,2011-09,2,3,5,235,10,4.0,1191,At Risk,"Reactivate now. Previously valuable, engagement slipping. Time-boxed win-back offer plus a service check - review whether returns or late shipments preceded the drop-off.","Relative label. Median dormancy is only ~28 days; this is the second-lowest recency quintile of a highly active panel, NOT evidence of churn."
BARRY_POND,Corporate,EU,United States,2011-03-05,2014-12-26,30,57,176,10385.32876,8294.367,2090.96176,834.6312399999999,972.271,1,21,10385.32876,2090.96176,346.17762533333337,69.69872533333333,20.133804218635053,5,1392,1,4.761904761904762,48.0,2011-03,5,2,1,521,8,1.5,1397,Potential Loyalists,Convert to loyal. Recently active but spending below their cohort. Targeted category offers and a second-order incentive are justified here.,Relative label: recent but below-panel-average value. Not 'new' - see New Customers.
BARRY_WEIRICH,Consumer,APAC,Australia,2011-01-27,2014-12-09,23,51,216,17436.5359,13741.1326,3695.4033,1040.4541,2106.513,0,18,17436.5359,3695.4033,758.1102565217391,160.66970869565216,21.193448751480503,22,1412,1,0.0,64.18181818181819,2011-01,2,1,4,214,7,2.5,1434,At Risk,"Reactivate now. Previously valuable, engagement slipping. Time-boxed win-back offer plus a service check - review whether returns or late shipments preceded the drop-off.","Relative label. Median dormancy is only ~28 days; this is the second-lowest recency quintile of a highly active panel, NOT evidence of churn."
BART_FOLK,Consumer,APAC,United States,2011-03-30,2014-12-06,27,55,208,13942.7317,11858.2228,2084.5089,3134.7283,1656.278,0,21,13942.7317,2084.5089,516.3974703703703,77.20403333333333,14.950505717613428,25,1347,1,0.0,51.80769230769231,2011-03,2,1,2,212,5,1.5,1372,At Risk,"Reactivate now. Previously valuable, engagement slipping. Time-boxed win-back offer plus a service check - review whether returns or late shipments preceded the drop-off.","Relative label. Median dormancy is only ~28 days; this is the second-lowest recency quintile of a highly active panel, NOT evidence of churn."
BART_PISTOLE,Corporate,US,United States,2011-01-14,2014-12-29,38,70,243,10087.5376,9103.2789,984.2586999999996,2434.6324,1196.207,1,32,10087.5376,984.2586999999996,265.46151578947365,25.901544736842094,9.757175031496288,2,1445,1,3.125,39.054054054054056,2011-01,5,5,1,551,11,3.0,1447,Loyal Customers,Grow basket size. Consistent buyers with room to move up. Cross-sell adjacent sub-categories and bundle the low-margin items they already buy.,Relative label: upper-middle recency and value within this panel.
BART_WATTERS,Corporate,APAC,United States,2011-02-16,2014-11-07,45,96,338,32310.4465,28714.5606,3595.8859,3530.8935,3307.601,4,35,32310.4465,3595.8859,718.0099222222223,79.90857555555554,11.1291742749516,54,1360,1,11.428571428571429,30.90909090909091,2011-02,1,5,5,155,11,5.0,1414,Lost Customers,Reactivate cheaply or release. Longest dormancy in the panel. Use low-cost channels only; do not fund deep discounts to chase them.,"Relative label, and the most easily misread. Dormancy runs 36-428 days with a median near 49 - only 1 customer in the whole panel exceeds 180 days. These customers are not lost in any real sense; they are simply the least recent quintile."
BECKY_CASTELL,Home Office,EU,United States,2011-03-10,2014-12-02,34,87,300,15185.489,12699.5286,2485.9604,2352.651,1646.396,0,28,15185.489,2485.9604,446.6320294117647,73.11648235294118,16.370631199298224,29,1363,1,0.0,41.30303030303031,2011-03,2,3,3,233,8,3.0,1392,At Risk,"Reactivate now. Previously valuable, engagement slipping. Time-boxed win-back offer plus a service check - review whether returns or late shipments preceded the drop-off.","Relative label. Median dormancy is only ~28 days; this is the second-lowest recency quintile of a highly active panel, NOT evidence of churn."
BECKY_MARTIN,Consumer,LATAM,Brazil,2011-06-02,2014-12-23,35,78,293,27169.9827,28266.9081,-1096.925400000002,10412.8173,2392.907,0,29,27169.9827,-1096.925400000002,776.2852199999999,-31.34072571428577,-4.037269409082113,8,1300,1,0.0,38.23529411764706,2011-06,4,4,5,445,13,4.5,1308,Champions,Protect. Highest value and most recently active. Give early access to new ranges and priority fulfilment; do NOT spend discount here - they already buy at the best margins.,Relative label: top recency and value quintiles within this 795-customer panel.
BECKY_PAK,Consumer,EU,United States,2011-06-08,2014-11-29,30,58,221,14806.92346,11230.7163,3576.2071599999995,1432.5165400000003,1452.156,1,24,14806.92346,3576.2071599999995,493.56411533333335,119.20690533333332,24.152263430420945,32,1270,1,4.166666666666666,43.793103448275865,2011-06,2,2,3,223,7,2.5,1302,At Risk,"Reactivate now. Previously valuable, engagement slipping. Time-boxed win-back offer plus a service check - review whether returns or late shipments preceded the drop-off.","Relative label. Median dormancy is only ~28 days; this is the second-lowest recency quintile of a highly active panel, NOT evidence of churn."
BENJAMIN_FARHAT,Home Office,APAC,Australia,2011-02-16,2014-12-05,32,62,228,13367.8575,12726.5387,641.3188,4608.9425,1291.072,3,27,13367.8575,641.3188,417.745546875,20.0412125,4.797468853928163,26,1388,1,11.11111111111111,44.774193548387096,2011-02,2,3,2,232,7,2.5,1414,At Risk,"Reactivate now. Previously valuable, engagement slipping. Time-boxed win-back offer plus a service check - review whether returns or late shipments preceded the drop-off.","Relative label. Median dormancy is only ~28 days; this is the second-lowest recency quintile of a highly active panel, NOT evidence of churn."
BENJAMIN_PATTERSON,Consumer,APAC,United States,2011-04-01,2014-11-22,31,67,207,18708.6016,17796.3895,912.2121,4443.4684,3262.521,4,23,18708.6016,912.2121,603.5032774193548,29.426196774193546,4.875896763978339,39,1331,1,17.391304347826086,44.36666666666667,2011-04,1,2,4,124,7,3.0,1370,Lost Customers,Reactivate cheaply or release. Longest dormancy in the panel. Use low-cost channels only; do not fund deep discounts to chase them.,"Relative label, and the most easily misread. Dormancy runs 36-428 days with a median near 49 - only 1 customer in the whole panel exceeds 180 days. These customers are not lost in any real sense; they are simply the least recent quintile."
BENJAMIN_VENIER,Corporate,EU,United States,2011-06-02,2014-11-17,25,61,200,21365.942000000003,18546.1916,2819.7504,3739.028,1853.694,4,22,21365.942000000003,2819.7504,854.6376800000002,112.790016,13.19740735044586,44,1264,1,18.181818181818183,52.66666666666666,2011-06,1,1,5,115,7,3.0,1308,Lost Customers,Reactivate cheaply or release. Longest dormancy in the panel. Use low-cost channels only; do not fund deep discounts to chase them.,"Relative label, and the most easily misread. Dormancy runs 36-428 days with a median near 49 - only 1 customer in the whole panel exceeds 180 days. These customers are not lost in any real sense; they are simply the least recent quintile."
BEN_FERRER,Home Office,US,United States,2011-04-13,2014-12-15,37,86,316,23219.76044,19084.6593,4135.10114,1704.87956,1962.726,1,31,23219.76044,4135.10114,627.561092972973,111.75949027027026,17.808543506230933,16,1342,1,3.225806451612903,37.27777777777778,2011-04,3,4,5,345,12,4.5,1358,Loyal Customers,Grow basket size. Consistent buyers with room to move up. Cross-sell adjacent sub-categories and bundle the low-margin items they already buy.,Relative label: upper-middle recency and value within this panel.
BEN_PETERMAN,Corporate,US,United States,2011-09-23,2014-12-30,38,74,246,16806.64772,15462.6919,1343.95582,4089.91228,2482.314,0,28,16806.64772,1343.95582,442.28020315789473,35.36725842105263,7.996572798992421,1,1194,1,0.0,32.270270270270274,2011-09,5,5,4,554,14,4.5,1195,Champions,Protect. Highest value and most recently active. Give early access to new ranges and priority fulfilment; do NOT spend discount here - they already buy at the best margins.,Relative label: top recency and value quintiles within this 795-customer panel.
BEN_WALLACE,Consumer,LATAM,United States,2011-01-13,2014-11-21,33,68,219,14968.18508,12615.9787,2352.20638,2496.31492,1603.48,2,29,14968.18508,2352.20638,453.58136606060606,71.27898121212121,15.714706675714089,40,1408,1,6.896551724137931,44.0,2011-01,1,3,3,133,7,3.0,1448,Lost Customers,Reactivate cheaply or release. Longest dormancy in the panel. Use low-cost channels only; do not fund deep discounts to chase them.,"Relative label, and the most easily misread. Dormancy runs 36-428 days with a median near 49 - only 1 customer in the whole panel exceeds 180 days. These customers are not lost in any real sense; they are simply the least recent quintile."
BERENIKE_KAMPE,Consumer,EU,United States,2011-04-11,2014-12-05,33,64,221,13586.25136,11138.5724,2447.67896,1979.15864,1825.879,3,27,13586.25136,2447.67896,411.7045866666666,74.17208969696969,18.015852166597924,26,1334,1,11.11111111111111,41.6875,2011-04,2,3,2,232,7,2.5,1360,At Risk,"Reactivate now. Previously valuable, engagement slipping. Time-boxed win-back offer plus a service check - review whether returns or late shipments preceded the drop-off.","Relative label. Median dormancy is only ~28 days; this is the second-lowest recency quintile of a highly active panel, NOT evidence of churn."
BETH_FRITZLER,Corporate,EU,France,2011-03-22,2014-12-25,30,58,196,10588.57264,9927.1198,661.4528400000003,2974.72736,1130.129,2,23,10588.57264,661.4528400000003,352.95242133333335,22.04842800000001,6.246855572405085,6,1374,1,8.695652173913043,47.37931034482759,2011-03,4,2,1,421,7,1.5,1380,Potential Loyalists,Convert to loyal. Recently active but spending below their cohort. Targeted category offers and a second-order incentive are justified here.,Relative label: recent but below-panel-average value. Not 'new' - see New Customers.
BETH_PAIGE,Consumer,LATAM,United States,2011-01-18,2014-12-19,33,55,186,12832.23978,10874.1407,1958.0990799999995,2732.18022,1238.283,2,29,12832.23978,1958.0990799999995,388.8557509090909,59.33633575757574,15.259215176541844,12,1431,1,6.896551724137931,44.71875,2011-01,4,3,2,432,9,2.5,1443,Potential Loyalists,Convert to loyal. Recently active but spending below their cohort. Targeted category offers and a second-order incentive are justified here.,Relative label: recent but below-panel-average value. Not 'new' - see New Customers.
BETH_THOMPSON,Home Office,EU,United States,2011-01-04,2014-12-03,34,70,234,11627.78,10763.8542,863.9258000000001,2421.2899999999995,1291.846,2,24,11627.78,863.9258000000001,341.9935294117647,25.40958235294118,7.429843013885712,28,1429,1,8.333333333333332,43.30303030303031,2011-01,2,3,2,232,7,2.5,1457,At Risk,"Reactivate now. Previously valuable, engagement slipping. Time-boxed win-back offer plus a service check - review whether returns or late shipments preceded the drop-off.","Relative label. Median dormancy is only ~28 days; this is the second-lowest recency quintile of a highly active panel, NOT evidence of churn."
BILL_DONATELLI,Consumer,US,United States,2011-04-22,2014-12-26,38,69,232,15275.317,13652.6373,1622.6797,2146.393,1279.808,3,32,15275.317,1622.6797,401.9820263157894,42.70209736842105,10.622887236971907,5,1344,1,9.375,36.32432432432432,2011-04,5,5,3,553,13,4.0,1349,Champions,Protect. Highest value and most recently active. Give early access to new ranges and priority fulfilment; do NOT spend discount here - they already buy at the best margins.,Relative label: top recency and value quintiles within this 795-customer panel.
BILL_EPLETT,Home Office,EU,United States,2011-04-13,2014-11-26,42,102,411,28479.1674,21069.1621,7410.0053,2131.7726,2695.774,4,37,28479.1674,7410.0053,678.0754142857144,176.42869761904765,26.01903769138981,35,1323,1,10.81081081081081,32.26829268292683,2011-04,2,5,5,255,12,5.0,1358,At Risk,"Reactivate now. Previously valuable, engagement slipping. Time-boxed win-back offer plus a service check - review whether returns or late shipments preceded the drop-off.","Relative label. Median dormancy is only ~28 days; this is the second-lowest recency quintile of a highly active panel, NOT evidence of churn."
BILL_OVERFELT,Corporate,APAC,United States,2011-10-13,2014-12-10,26,47,158,8092.4907,7677.271,415.21969999999993,1780.0193,557.746,1,20,8092.4907,415.21969999999993,311.24964230769234,15.96998846153846,5.1309258841656735,21,1154,1,5.0,46.16,2011-10,3,1,1,311,5,1.0,1175,Potential Loyalists,Convert to loyal. Recently active but spending below their cohort. Targeted category offers and a second-order incentive are justified here.,Relative label: recent but below-panel-average value. Not 'new' - see New Customers.
BILL_SHONELY,Corporate,LATAM,Brazil,2011-05-04,2014-12-31,31,68,254,23508.65596,17539.7486,5968.90736,1203.99404,2454.278,1,26,23508.65596,5968.90736,758.3437406451613,192.5453987096774,25.39025357364581,0,1337,1,3.8461538461538463,44.56666666666667,2011-05,5,2,5,525,12,3.5,1337,Loyal Customers,Grow basket size. Consistent buyers with room to move up. Cross-sell adjacent sub-categories and bundle the low-margin items they already buy.,Relative label: upper-middle recency and value within this panel.
BILL_STEWART,Corporate,LATAM,United States,2011-02-26,2014-12-03,28,66,266,18775.4363,16960.4062,1815.0301,3753.8037,1860.661,0,23,18775.4363,1815.0301,670.5512964285715,64.82250357142858,9.66704619268954,28,1376,1,0.0,50.96296296296296,2011-02,2,1,4,214,7,2.5,1404,At Risk,"Reactivate now. Previously valuable, engagement slipping. Time-boxed win-back offer plus a service check - review whether returns or late shipments preceded the drop-off.","Relative label. Median dormancy is only ~28 days; this is the second-lowest recency quintile of a highly active panel, NOT evidence of churn."
BILL_TYLER,Corporate,APAC,United States,2011-03-10,2014-12-03,28,50,183,11796.377,9251.4467,2544.9303,874.4629999999999,1310.589,1,24,11796.377,2544.9303,421.29917857142857,90.89036785714286,21.57382982927724,28,1364,1,4.166666666666666,50.51851851851852,2011-03,2,1,2,212,5,1.5,1392,At Risk,"Reactivate now. Previously valuable, engagement slipping. Time-boxed win-back offer plus a service check - review whether returns or late shipments preceded the drop-off.","Relative label. Median dormancy is only ~28 days; this is the second-lowest recency quintile of a highly active panel, NOT evidence of churn."
BOBBY_ELIAS,Consumer,APAC,United States,2011-04-08,2014-12-10,37,60,225,18411.92896,14622.7729,3789.15606,1804.47104,2369.421,0,30,18411.92896,3789.15606,497.6197016216216,102.40962324324325,20.579897240707147,21,1342,1,0.0,37.27777777777778,2011-04,3,4,4,344,11,4.0,1363,Loyal Customers,Grow basket size. Consistent buyers with room to move up. Cross-sell adjacent sub-categories and bundle the low-margin items they already buy.,Relative label: upper-middle recency and value within this panel.
BOBBY_ODEGARD,Consumer,EU,Netherlands,2011-02-26,2014-12-30,29,57,213,15027.84252,12471.0178,2556.82472,1507.3974799999996,1463.623,2,21,15027.84252,2556.82472,518.2014662068966,88.16636965517242,17.01391744421873,1,1403,1,9.523809523809524,50.10714285714285,2011-02,5,2,3,523,10,2.5,1404,Potential Loyalists,Convert to loyal. Recently active but spending below their cohort. Targeted category offers and a second-order incentive are justified here.,Relative label: recent but below-panel-average value. Not 'new' - see New Customers.
BOBBY_TRAFTON,Consumer,EMEA,United States,2011-04-04,2014-11-10,31,53,172,10396.5405,10866.3316,-469.7911,4625.5095,940.228,0,21,10396.5405,-469.7911,335.3722741935484,-15.154551612903225,-4.51872524326722,51,1316,1,0.0,43.86666666666667,2011-04,1,3,1,131,5,2.0,1367,Lost Customers,Reactivate cheaply or release. Longest dormancy in the panel. Use low-cost channels only; do not fund deep discounts to chase them.,"Relative label, and the most easily misread. Dormancy runs 36-428 days with a median near 49 - only 1 customer in the whole panel exceeds 180 days. These customers are not lost in any real sense; they are simply the least recent quintile."
BRADLEY_DRUCKER,Consumer,EU,United States,2011-01-04,2014-12-12,30,44,181,13141.896500000004,10760.830500000002,2381.066,1586.8235000000002,1385.115,0,27,13141.896500000004,2381.066,438.06321666666673,79.36886666666666,18.11813081924667,19,1438,1,0.0,49.58620689655172,2011-01,3,2,2,322,7,2.0,1457,Potential Loyalists,Convert to loyal. Recently active but spending below their cohort. Targeted category offers and a second-order incentive are justified here.,Relative label: recent but below-panel-average value. Not 'new' - see New Customers.
BRADLEY_NGUYEN,Consumer,LATAM,United States,2011-03-17,2014-12-22,31,65,244,12879.02752,10334.9586,2544.06892,629.08248,1112.64,3,23,12879.02752,2544.06892,415.4525006451613,82.06673935483872,19.75357934478581,9,1376,1,13.043478260869565,45.86666666666667,2011-03,4,3,2,432,9,2.5,1385,Potential Loyalists,Convert to loyal. Recently active but spending below their cohort. Targeted category offers and a second-order incentive are justified here.,Relative label: recent but below-panel-average value. Not 'new' - see New Customers.
BRADLEY_TALBOTT,Home Office,EU,United States,2011-01-26,2014-11-28,32,55,188,15344.099,13890.463699999998,1453.6353,2424.771,1296.049,1,25,15344.099,1453.6353,479.50309375,45.426103125,9.473578735382246,33,1402,1,4.0,45.2258064516129,2011-01,2,3,3,233,8,3.0,1435,At Risk,"Reactivate now. Previously valuable, engagement slipping. Time-boxed win-back offer plus a service check - review whether returns or late shipments preceded the drop-off.","Relative label. Median dormancy is only ~28 days; this is the second-lowest recency quintile of a highly active panel, NOT evidence of churn."
BRAD_EASON,Home Office,APAC,United States,2011-03-04,2014-12-28,29,69,243,18983.8353,18005.8112,978.0241,4270.4747,2105.487,2,27,18983.8353,978.0241,654.6150103448275,33.724968965517235,5.151878345678652,3,1395,1,7.4074074074074066,49.82142857142857,2011-03,5,2,4,524,11,3.0,1398,Loyal Customers,Grow basket size. Consistent buyers with room to move up. Cross-sell adjacent sub-categories and bundle the low-margin items they already buy.,Relative label: upper-middle recency and value within this panel.
BRAD_NORVELL,Corporate,APAC,United States,2011-09-12,2014-12-20,36,70,243,26201.95588,24077.9029,2124.05298,4410.49412,3001.359,1,29,26201.95588,2124.05298,727.8321077777778,59.00147166666667,8.10646727949532,11,1195,1,3.4482758620689653,34.142857142857146,2011-09,4,4,5,445,13,4.5,1206,Champions,Protect. Highest value and most recently active. Give early access to new ranges and priority fulfilment; do NOT spend discount here - they already buy at the best margins.,Relative label: top recency and value quintiles within this 795-customer panel.
BRAD_THOMAS,Home Office,LATAM,France,2011-01-25,2014-12-01,38,65,233,11682.02454,10742.3966,939.62794,2873.85546,1129.391,2,29,11682.02454,939.62794,307.42169842105267,24.727051052631577,8.04336557231714,30,1406,1,6.896551724137931,38.0,2011-01,2,5,2,252,9,3.5,1436,At Risk,"Reactivate now. Previously valuable, engagement slipping. Time-boxed win-back offer plus a service check - review whether returns or late shipments preceded the drop-off.","Relative label. Median dormancy is only ~28 days; this is the second-lowest recency quintile of a highly active panel, NOT evidence of churn."
BRENDAN_DODSON,Home Office,EU,Germany,2011-01-31,2014-12-24,24,36,148,10920.79974,8896.096,2024.70374,913.63026,1269.748,0,19,10920.79974,2024.70374,455.0333225,84.36265583333333,18.539885248367348,7,1423,1,0.0,61.869565217391305,2011-01,4,1,1,411,6,1.0,1430,Potential Loyalists,Convert to loyal. Recently active but spending below their cohort. Targeted category offers and a second-order incentive are justified here.,Relative label: recent but below-panel-average value. Not 'new' - see New Customers.
BRENDAN_MURRY,Corporate,APAC,United States,2011-01-22,2014-11-27,34,55,157,12055.31508,11773.1804,282.1346800000001,2580.4649200000003,1135.077,0,25,12055.31508,282.1346800000001,354.5680905882353,8.298078823529416,2.340334351509957,34,1405,1,0.0,42.57575757575758,2011-01,2,3,2,232,7,2.5,1439,At Risk,"Reactivate now. Previously valuable, engagement slipping. Time-boxed win-back offer plus a service check - review whether returns or late shipments preceded the drop-off.","Relative label. Median dormancy is only ~28 days; this is the second-lowest recency quintile of a highly active panel, NOT evidence of churn."
BRENDAN_SWEED,Corporate,APAC,United States,2011-01-15,2014-11-26,28,58,207,12178.03602,10132.3473,2045.68872,1371.97398,1731.534,1,23,12178.03602,2045.68872,434.9298578571429,73.06031142857144,16.79818253649738,35,1411,1,4.3478260869565215,52.25925925925926,2011-01,2,1,2,212,5,1.5,1446,At Risk,"Reactivate now. Previously valuable, engagement slipping. Time-boxed win-back offer plus a service check - review whether returns or late shipments preceded the drop-off.","Relative label. Median dormancy is only ~28 days; this is the second-lowest recency quintile of a highly active panel, NOT evidence of churn."
BRENDA_BOWMAN,Corporate,US,United States,2011-10-13,2014-12-03,31,63,238,16004.79988,14265.953,1738.8468799999996,2198.2001199999995,1626.659,1,26,16004.79988,1738.8468799999996,516.2838670967742,56.09183483870967,10.864533721367591,28,1147,1,3.8461538461538463,38.23333333333333,2011-10,2,3,3,233,8,3.0,1175,At Risk,"Reactivate now. Previously valuable, engagement slipping. Time-boxed win-back offer plus a service check - review whether returns or late shipments preceded the drop-off.","Relative label. Median dormancy is only ~28 days; this is the second-lowest recency quintile of a highly active panel, NOT evidence of churn."
BRIAN_DAHLEN,Consumer,US,United States,2011-01-10,2014-09-25,24,48,160,9892.30214,8466.634699999999,1425.66744,1066.7778599999997,1069.96,1,19,9892.30214,1425.66744,412.1792558333333,59.40281,14.411887342535213,97,1354,1,5.263157894736842,58.869565217391305,2011-01,1,1,1,111,3,1.0,1451,Lost Customers,Reactivate cheaply or release. Longest dormancy in the panel. Use low-cost channels only; do not fund deep discounts to chase them.,"Relative label, and the most easily misread. Dormancy runs 36-428 days with a median near 49 - only 1 customer in the whole panel exceeds 180 days. These customers are not lost in any real sense; they are simply the least recent quintile."
BRIAN_DECHERNEY,Consumer,APAC,United States,2011-03-01,2014-11-12,36,67,207,10768.59702,9784.1731,984.4239199999996,2628.11298,1070.114,0,25,10768.59702,984.4239199999996,299.127695,27.34510888888888,9.141617224339218,49,1352,1,0.0,38.62857142857143,2011-03,1,4,1,141,6,2.5,1401,Lost Customers,Reactivate cheaply or release. Longest dormancy in the panel. Use low-cost channels only; do not fund deep discounts to chase them.,"Relative label, and the most easily misread. Dormancy runs 36-428 days with a median near 49 - only 1 customer in the whole panel exceeds 180 days. These customers are not lost in any real sense; they are simply the least recent quintile."
BRIAN_DERR,Consumer,EU,Germany,2011-04-12,2014-12-22,34,68,242,16919.961300000003,14127.652000000002,2792.3093,2887.9687000000004,1696.163,2,25,16919.961300000003,2792.3093,497.64592058823536,82.12674411764705,16.50304779361404,9,1350,1,8.0,40.90909090909091,2011-04,4,3,4,434,11,3.5,1359,Loyal Customers,Grow basket size. Consistent buyers with room to move up. Cross-sell adjacent sub-categories and bundle the low-margin items they already buy.,Relative label: upper-middle recency and value within this panel.
BRIAN_MOSS,Corporate,US,United States,2011-07-09,2014-11-28,32,78,248,17458.10208,13072.2569,4385.84518,1238.7279199999998,2408.266,2,24,17458.10208,4385.84518,545.56569,137.057661875,25.122119001838257,33,1238,1,8.333333333333332,39.935483870967744,2011-07,2,3,4,234,9,3.5,1271,At Risk,"Reactivate now. Previously valuable, engagement slipping. Time-boxed win-back offer plus a service check - review whether returns or late shipments preceded the drop-off.","Relative label. Median dormancy is only ~28 days; this is the second-lowest recency quintile of a highly active panel, NOT evidence of churn."
BRIAN_STUGART,Consumer,EU,Spain,2011-05-14,2014-12-02,31,71,278,22570.789,18957.9132,3612.8758,2327.181,2534.131,1,24,22570.789,3612.8758,728.0899677419355,116.54438064516128,16.00686533377278,29,1298,1,4.166666666666666,43.266666666666666,2011-05,2,3,5,235,10,4.0,1327,At Risk,"Reactivate now. Previously valuable, engagement slipping. Time-boxed win-back offer plus a service check - review whether returns or late shipments preceded the drop-off.","Relative label. Median dormancy is only ~28 days; this is the second-lowest recency quintile of a highly active panel, NOT evidence of churn."
BRIAN_THOMPSON,Consumer,APAC,United States,2011-03-16,2014-12-13,26,58,218,14895.1231,13099.5736,1795.5495,2624.4769,1474.43,3,22,14895.1231,1795.5495,572.88935,69.05959615384616,12.054613365363862,18,1368,1,13.636363636363637,54.72,2011-03,3,1,3,313,7,2.0,1386,Potential Loyalists,Convert to loyal. Recently active but spending below their cohort. Targeted category offers and a second-order incentive are justified here.,Relative label: recent but below-panel-average value. Not 'new' - see New Customers.
BROOKE_GILLINGHAM,Corporate,APAC,United States,2011-04-30,2014-12-22,24,49,153,11212.17038,10794.8505,417.31987999999967,3561.62962,1315.735,2,19,11212.17038,417.31987999999967,467.1737658333333,17.38832833333332,3.722025850984256,9,1332,1,10.526315789473683,57.91304347826087,2011-04,4,1,1,411,6,1.0,1341,Potential Loyalists,Convert to loyal. Recently active but spending below their cohort. Targeted category offers and a second-order incentive are justified here.,Relative label: recent but below-panel-average value. Not 'new' - see New Customers.
BROSINA_HOFFMAN,Consumer,LATAM,United States,2011-01-06,2014-12-08,41,97,355,28120.621,23243.681200000003,4876.939799999999,4197.169,2243.007,3,31,28120.621,4876.939799999999,685.8688048780488,118.94975121951218,17.342930655763254,23,1432,1,9.67741935483871,35.8,2011-01,2,5,5,255,12,5.0,1455,At Risk,"Reactivate now. Previously valuable, engagement slipping. Time-boxed win-back offer plus a service check - review whether returns or late shipments preceded the drop-off.","Relative label. Median dormancy is only ~28 days; this is the second-lowest recency quintile of a highly active panel, NOT evidence of churn."
BRUCE_DEGENHARDT,Consumer,LATAM,United States,2011-01-14,2014-12-27,43,76,256,15956.227,13481.0709,2475.1561,2379.583,1725.718,2,30,15956.227,2475.1561,371.07504651162793,57.56176976744187,15.512163997165496,4,1443,1,6.666666666666667,34.357142857142854,2011-01,5,5,3,553,13,4.0,1447,Champions,Protect. Highest value and most recently active. Give early access to new ranges and priority fulfilment; do NOT spend discount here - they already buy at the best margins.,Relative label: top recency and value quintiles within this 795-customer panel.
BRUCE_GELD,Consumer,EU,United States,2011-03-23,2014-12-25,28,56,198,15381.7965,13955.1681,1426.6283999999998,2852.2435000000005,1801.105,0,24,15381.7965,1426.6283999999998,549.349875,50.95101428571428,9.274783995484531,6,1373,1,0.0,50.851851851851855,2011-03,4,1,3,413,8,2.0,1379,Potential Loyalists,Convert to loyal. Recently active but spending below their cohort. Targeted category offers and a second-order incentive are justified here.,Relative label: recent but below-panel-average value. Not 'new' - see New Customers.
BRUCE_STEWART,Consumer,LATAM,United States,2011-05-18,2014-12-30,34,83,252,19237.2195,18740.2604,496.9591000000002,4544.550499999999,1752.163,4,29,19237.2195,496.9591000000002,565.8005735294117,14.616444117647063,2.583320838024436,1,1322,1,13.79310344827586,40.06060606060606,2011-05,5,3,4,534,12,3.5,1323,Loyal Customers,Grow basket size. Consistent buyers with room to move up. Cross-sell adjacent sub-categories and bundle the low-margin items they already buy.,Relative label: upper-middle recency and value within this panel.
BRYAN_DAVIS,Consumer,LATAM,United States,2011-01-31,2014-11-26,31,64,228,13573.39126,12045.121,1528.2702600000002,3609.57874,1204.345,0,26,13573.39126,1528.2702600000002,437.85133096774194,49.2990406451613,11.259310445899578,35,1395,1,0.0,46.5,2011-01,2,3,2,232,7,2.5,1430,At Risk,"Reactivate now. Previously valuable, engagement slipping. Time-boxed win-back offer plus a service check - review whether returns or late shipments preceded the drop-off.","Relative label. Median dormancy is only ~28 days; this is the second-lowest recency quintile of a highly active panel, NOT evidence of churn."
BRYAN_MILLS,Consumer,APAC,United States,2011-03-10,2014-12-29,45,84,278,20691.1949,18178.5781,2512.6168,2421.3251,2510.951,3,36,20691.1949,2512.6168,459.8043311111111,55.83592888888889,12.143410818676305,2,1390,1,8.333333333333332,31.59090909090909,2011-03,5,5,5,555,15,5.0,1392,Champions,Protect. Highest value and most recently active. Give early access to new ranges and priority fulfilment; do NOT spend discount here - they already buy at the best margins.,Relative label: top recency and value quintiles within this 795-customer panel.
BRYAN_SPRUELL,Home Office,LATAM,France,2011-03-01,2014-12-22,30,69,214,17252.0658,14468.8584,2783.2074,1754.4342,1532.149,1,21,17252.0658,2783.2074,575.06886,92.77358,16.132603667672075,9,1392,1,4.761904761904762,48.0,2011-03,4,2,4,424,10,3.0,1401,Loyal Customers,Grow basket size. Consistent buyers with room to move up. Cross-sell adjacent sub-categories and bundle the low-margin items they already buy.,Relative label: upper-middle recency and value within this panel.
CANDACE_MCMAHON,Corporate,EU,United States,2011-03-14,2014-11-21,28,46,172,14794.6744,17593.465,-2798.7906,8884.205600000001,1465.61,2,23,14794.6744,-2798.7906,528.3812285714286,-99.95680714285712,-18.917554549223468,40,1348,1,8.695652173913043,49.92592592592592,2011-03,1,1,3,113,5,2.0,1388,Lost Customers,Reactivate cheaply or release. Longest dormancy in the panel. Use low-cost channels only; do not fund deep discounts to chase them.,"Relative label, and the most easily misread. Dormancy runs 36-428 days with a median near 49 - only 1 customer in the whole panel exceeds 180 days. These customers are not lost in any real sense; they are simply the least recent quintile."
CARI_MACINTYRE,Corporate,EU,China,2011-07-08,2014-12-25,37,77,266,21606.226,19121.54,2484.686,3646.504,2156.648,3,24,21606.226,2484.686,583.952054054054,67.15367567567567,11.499861197415964,6,1266,1,12.5,35.166666666666664,2011-07,4,4,5,445,13,4.5,1272,Champions,Protect. Highest value and most recently active. Give early access to new ranges and priority fulfilment; do NOT spend discount here - they already buy at the best margins.,Relative label: top recency and value quintiles within this 795-customer panel.
CARI_SAYRE,Corporate,APAC,United States,2011-01-13,2014-12-16,34,68,208,22064.3646,19149.0364,2915.3282,4438.1954000000005,2754.556,4,26,22064.3646,2915.3282,648.9519,85.74494705882353,13.212835505809217,15,1433,1,15.384615384615383,43.42424242424242,2011-01,3,4,5,345,12,4.5,1448,Loyal Customers,Grow basket size. Consistent buyers with room to move up. Cross-sell adjacent sub-categories and bundle the low-margin items they already buy.,Relative label: upper-middle recency and value within this panel.
CARI_SCHNELLING,Consumer,LATAM,United States,2011-03-03,2014-11-11,30,60,162,12174.59882,10854.704500000002,1319.89432,2245.32118,1550.483,0,21,12174.59882,1319.89432,405.81996066666665,43.99647733333333,10.841378344489875,50,1349,1,0.0,46.51724137931034,2011-03,1,2,2,122,5,2.0,1399,Lost Customers,Reactivate cheaply or release. Longest dormancy in the panel. Use low-cost channels only; do not fund deep discounts to chase them.,"Relative label, and the most easily misread. Dormancy runs 36-428 days with a median near 49 - only 1 customer in the whole panel exceeds 180 days. These customers are not lost in any real sense; they are simply the least recent quintile."
CARLOS_DALY,Consumer,EU,France,2011-03-12,2014-12-29,31,70,240,20117.9664,15089.057,5028.9094,2271.4636,2683.69,3,27,20117.9664,5028.9094,648.9666580645162,162.2228838709677,24.99710606932915,2,1388,1,11.11111111111111,46.266666666666666,2011-03,5,3,5,535,13,4.0,1390,Champions,Protect. Highest value and most recently active. Give early access to new ranges and priority fulfilment; do NOT spend discount here - they already buy at the best margins.,Relative label: top recency and value quintiles within this 795-customer panel.
CARLOS_MEADOR,Consumer,APAC,Nigeria,2011-02-23,2014-11-25,25,42,150,10148.3064,7941.944399999999,2206.362,810.0936,1513.366,0,18,10148.3064,2206.362,405.932256,88.25448,21.74118432214463,36,1371,1,0.0,57.125,2011-02,2,1,1,211,4,1.0,1407,At Risk,"Reactivate now. Previously valuable, engagement slipping. Time-boxed win-back offer plus a service check - review whether returns or late shipments preceded the drop-off.","Relative label. Median dormancy is only ~28 days; this is the second-lowest recency quintile of a highly active panel, NOT evidence of churn."
CARLOS_SOLTERO,Consumer,US,United States,2011-02-24,2014-12-06,36,68,221,14937.04334,15937.119299999998,-1000.0759599999998,6497.396659999999,1436.181,4,31,14937.04334,-1000.0759599999998,414.9178705555556,-27.779887777777773,-6.695273872051306,25,1381,1,12.903225806451612,39.457142857142856,2011-02,2,4,3,243,9,3.5,1406,At Risk,"Reactivate now. Previously valuable, engagement slipping. Time-boxed win-back offer plus a service check - review whether returns or late shipments preceded the drop-off.","Relative label. Median dormancy is only ~28 days; this is the second-lowest recency quintile of a highly active panel, NOT evidence of churn."
CARL_JACKSON,Corporate,APAC,Australia,2011-09-12,2014-12-18,29,56,168,13970.26496,12012.838,1957.42696,1852.34504,1437.5320000000002,2,23,13970.26496,1957.42696,481.7332744827586,67.49748137931036,14.011380353948566,13,1193,1,8.695652173913043,42.60714285714285,2011-09,3,2,3,323,8,2.5,1206,Potential Loyalists,Convert to loyal. Recently active but spending below their cohort. Targeted category offers and a second-order incentive are justified here.,Relative label: recent but below-panel-average value. Not 'new' - see New Customers.
CARL_LUDWIG,Consumer,LATAM,United States,2011-01-22,2014-12-18,40,60,215,18183.15636,18347.4193,-164.2629400000007,4541.18364,1286.426,2,31,18183.15636,-164.2629400000007,454.578909,-4.106573500000017,-0.903379681436126,13,1426,1,6.451612903225806,36.56410256410256,2011-01,3,5,4,354,12,4.5,1439,Loyal Customers,Grow basket size. Consistent buyers with room to move up. Cross-sell adjacent sub-categories and bundle the low-margin items they already buy.,Relative label: upper-middle recency and value within this panel.
CARL_WEISS,Home Office,EU,United States,2011-06-09,2014-12-23,29,55,218,14353.9416,11346.5422,3007.3994,1150.5784,1320.935,1,25,14353.9416,3007.3994,494.96350344827584,103.70342758620689,20.95173217090419,8,1293,1,4.0,46.17857142857143,2011-06,4,2,3,423,9,2.5,1301,Potential Loyalists,Convert to loyal. Recently active but spending below their cohort. Targeted category offers and a second-order incentive are justified here.,Relative label: recent but below-panel-average value. Not 'new' - see New Customers.
CAROLINE_JUMPER,Consumer,LATAM,United States,2011-06-02,2014-11-28,29,58,222,19579.5646,17161.9726,2417.592,3983.6754,2002.513,0,26,19579.5646,2417.592,675.1573999999999,83.36524137931033,12.347526869928457,33,1275,1,0.0,45.535714285714285,2011-06,2,2,4,224,8,3.0,1308,At Risk,"Reactivate now. Previously valuable, engagement slipping. Time-boxed win-back offer plus a service check - review whether returns or late shipments preceded the drop-off.","Relative label. Median dormancy is only ~28 days; this is the second-lowest recency quintile of a highly active panel, NOT evidence of churn."
CAROL_ADAMS,Corporate,EU,United States,2011-01-27,2014-12-13,34,57,200,23993.6624,20714.581100000003,3279.0812999999994,4948.7376,2125.111,2,26,23993.6624,3279.0812999999994,705.6959529411765,96.4435676470588,13.666447603263766,18,1416,1,7.6923076923076925,42.90909090909091,2011-01,3,4,5,345,12,4.5,1434,Loyal Customers,Grow basket size. Consistent buyers with room to move up. Cross-sell adjacent sub-categories and bundle the low-margin items they already buy.,Relative label: upper-middle recency and value within this panel.
CAROL_DARLEY,Consumer,EU,Australia,2011-03-22,2014-12-30,30,68,218,13228.39046,11348.033200000002,1880.35726,2615.80954,1320.559,2,23,13228.39046,1880.35726,440.94634866666667,62.678575333333335,14.214558193499228,1,1379,1,8.695652173913043,47.55172413793103,2011-03,5,2,2,522,9,2.0,1380,Potential Loyalists,Convert to loyal. Recently active but spending below their cohort. Targeted category offers and a second-order incentive are justified here.,Relative label: recent but below-panel-average value. Not 'new' - see New Customers.
CAROL_TRIGGS,Consumer,EU,United States,2011-04-29,2014-12-03,29,52,173,14138.57504,11700.7717,2437.80334,1678.32496,1540.832,1,27,14138.57504,2437.80334,487.5370703448276,84.06218413793103,17.24221382355092,28,1314,1,3.7037037037037033,46.92857142857143,2011-04,2,2,3,223,7,2.5,1342,At Risk,"Reactivate now. Previously valuable, engagement slipping. Time-boxed win-back offer plus a service check - review whether returns or late shipments preceded the drop-off.","Relative label. Median dormancy is only ~28 days; this is the second-lowest recency quintile of a highly active panel, NOT evidence of churn."
CASSANDRA_BRANDOW,Consumer,US,United States,2011-03-21,2014-12-22,30,59,227,13526.2086,13317.3801,208.82849999999945,2896.7214,1415.463,0,25,13526.2086,208.82849999999945,450.87362,6.960949999999982,1.5438805224399648,9,1372,1,0.0,47.310344827586206,2011-03,4,2,2,422,8,2.0,1381,Potential Loyalists,Convert to loyal. Recently active but spending below their cohort. Targeted category offers and a second-order incentive are justified here.,Relative label: recent but below-panel-average value. Not 'new' - see New Customers.
CATHERINE_GLOTZBACH,Home Office,APAC,United States,2011-07-15,2014-12-10,24,35,120,4115.2080000000005,4362.0474,-246.8394,1631.8819999999998,705.72,0,19,4115.2080000000005,-246.8394,171.467,-10.284975,-5.998224148086803,21,1244,1,0.0,54.08695652173913,2011-07,3,1,1,311,5,1.0,1265,Potential Loyalists,Convert to loyal. Recently active but spending below their cohort. Targeted category offers and a second-order incentive are justified here.,Relative label: recent but below-panel-average value. Not 'new' - see New Customers.
CATHY_ARMSTRONG,Home Office,EU,United States,2011-03-21,2014-12-18,25,56,207,12292.758,10422.9881,1869.7699,1500.302,1007.309,1,22,12292.758,1869.7699,491.71032,74.790796,15.210336850363444,13,1368,1,4.545454545454546,57.0,2011-03,3,1,2,312,6,1.5,1381,Potential Loyalists,Convert to loyal. Recently active but spending below their cohort. Targeted category offers and a second-order incentive are justified here.,Relative label: recent but below-panel-average value. Not 'new' - see New Customers.
CATHY_HWANG,Home Office,EU,France,2011-04-12,2014-10-03,29,70,225,15668.17456,12996.6649,2671.50966,1269.0954399999996,1379.569,2,21,15668.17456,2671.50966,540.2818813793103,92.12102275862068,17.0505482292763,89,1270,1,9.523809523809524,45.35714285714285,2011-04,1,2,3,123,6,2.5,1359,Lost Customers,Reactivate cheaply or release. Longest dormancy in the panel. Use low-cost channels only; do not fund deep discounts to chase them.,"Relative label, and the most easily misread. Dormancy runs 36-428 days with a median near 49 - only 1 customer in the whole panel exceeds 180 days. These customers are not lost in any real sense; they are simply the least recent quintile."
CATHY_PRESCOTT,Corporate,US,United States,2011-06-27,2014-10-23,33,65,253,19769.5819,18019.0082,1750.5737,2760.3781,2255.658,2,23,19769.5819,1750.5737,599.0782393939393,53.04768787878788,8.85488478641018,69,1214,1,8.695652173913043,37.9375,2011-06,1,3,4,134,8,3.5,1283,Lost Customers,Reactivate cheaply or release. Longest dormancy in the panel. Use low-cost channels only; do not fund deep discounts to chase them.,"Relative label, and the most easily misread. Dormancy runs 36-428 days with a median near 49 - only 1 customer in the whole panel exceeds 180 days. These customers are not lost in any real sense; they are simply the least recent quintile."
CHAD_CUNNINGHAM,Home Office,LATAM,United States,2011-11-15,2014-11-10,30,58,216,12520.17124,9897.5438,2622.62744,1146.8587599999998,1812.806,2,25,12520.17124,2622.62744,417.3390413333333,87.42091466666666,20.947217012664435,51,1091,1,8.0,37.62068965517241,2011-11,1,2,2,122,5,2.0,1142,Lost Customers,Reactivate cheaply or release. Longest dormancy in the panel. Use low-cost channels only; do not fund deep discounts to chase them.,"Relative label, and the most easily misread. Dormancy runs 36-428 days with a median near 49 - only 1 customer in the whole panel exceeds 180 days. These customers are not lost in any real sense; they are simply the least recent quintile."
CHAD_MCGUIRE,Consumer,APAC,United States,2011-02-10,2014-12-23,23,43,160,16565.3193,14122.9721,2442.3472,1744.9207,2268.972,1,20,16565.3193,2442.3472,720.2312739130434,106.18900869565218,14.743737538460852,8,1412,1,5.0,64.18181818181819,2011-02,4,1,4,414,9,2.5,1420,Potential Loyalists,Convert to loyal. Recently active but spending below their cohort. Targeted category offers and a second-order incentive are justified here.,Relative label: recent but below-panel-average value. Not 'new' - see New Customers.
CHAD_SIEVERT,Consumer,APAC,United States,2011-03-18,2014-12-20,26,48,185,12348.499,12352.5661,-4.067100000000039,2938.921,1384.548,1,22,12348.499,-4.067100000000039,474.9422692307692,-0.1564269230769245,-0.0329359867948326,11,1373,1,4.545454545454546,54.92,2011-03,4,1,2,412,7,1.5,1384,Potential Loyalists,Convert to loyal. Recently active but spending below their cohort. Targeted category offers and a second-order incentive are justified here.,Relative label: recent but below-panel-average value. Not 'new' - see New Customers.
CHARLES_CRESTANI,Consumer,APAC,United States,2011-06-17,2014-10-10,30,59,180,13348.8466,12041.0475,1307.7990999999995,3017.8934000000004,1476.886,1,24,13348.8466,1307.7990999999995,444.96155333333337,43.59330333333333,9.797094379674718,82,1211,1,4.166666666666666,41.75862068965517,2011-06,1,2,2,122,5,2.0,1293,Lost Customers,Reactivate cheaply or release. Longest dormancy in the panel. Use low-cost channels only; do not fund deep discounts to chase them.,"Relative label, and the most easily misread. Dormancy runs 36-428 days with a median near 49 - only 1 customer in the whole panel exceeds 180 days. These customers are not lost in any real sense; they are simply the least recent quintile."
CHARLES_MCCROSSIN,Consumer,APAC,United States,2011-01-31,2014-12-05,31,55,176,20155.95942,19409.2726,746.6868199999997,3535.41058,1566.823,0,26,20155.95942,746.6868199999997,650.1922393548386,24.086671612903213,3.704546156503424,26,1404,1,0.0,46.8,2011-01,2,3,5,235,10,4.0,1430,At Risk,"Reactivate now. Previously valuable, engagement slipping. Time-boxed win-back offer plus a service check - review whether returns or late shipments preceded the drop-off.","Relative label. Median dormancy is only ~28 days; this is the second-lowest recency quintile of a highly active panel, NOT evidence of churn."
CHARLES_SHELDON,Corporate,APAC,Australia,2011-01-18,2014-11-04,34,62,246,20046.1943,15717.6175,4328.5768,1899.0957,2250.862,3,29,20046.1943,4328.5768,589.59395,127.31108235294116,21.59301030021444,57,1386,1,10.344827586206897,42.0,2011-01,1,4,5,145,10,4.5,1443,Lost Customers,Reactivate cheaply or release. Longest dormancy in the panel. Use low-cost channels only; do not fund deep discounts to chase them.,"Relative label, and the most easily misread. Dormancy runs 36-428 days with a median near 49 - only 1 customer in the whole panel exceeds 180 days. These customers are not lost in any real sense; they are simply the least recent quintile."
CHARLOTTE_MELTON,Consumer,LATAM,United States,2011-06-06,2014-12-31,29,55,212,12826.54222,12708.7507,117.79152000000012,4128.557779999999,1254.119,2,25,12826.54222,117.79152000000012,442.2945593103448,4.061776551724143,0.9183419660548248,0,1304,1,8.0,46.57142857142857,2011-06,5,2,2,522,9,2.0,1304,Potential Loyalists,Convert to loyal. Recently active but spending below their cohort. Targeted category offers and a second-order incentive are justified here.,Relative label: recent but below-panel-average value. Not 'new' - see New Customers.
CHLORIS_KASTENSMIDT,Consumer,US,United States,2011-03-11,2014-12-27,43,96,327,14575.90484,13610.0919,965.8129399999998,3961.20516,1655.731,2,38,14575.90484,965.8129399999998,338.9745311627907,22.460766046511623,6.626092517766463,4,1387,1,5.263157894736842,33.023809523809526,2011-03,5,5,3,553,13,4.0,1391,Champions,Protect. Highest value and most recently active. Give early access to new ranges and priority fulfilment; do NOT spend discount here - they already buy at the best margins.,Relative label: top recency and value quintiles within this 795-customer panel.
CHRISTINA_ANDERSON,Consumer,APAC,United States,2011-01-26,2014-11-27,38,69,247,21837.3069,18175.1889,3662.118,1337.4231,2300.488,1,31,21837.3069,3662.118,574.6659710526316,96.37152631578948,16.770007477433037,34,1401,1,3.225806451612903,37.86486486486486,2011-01,2,5,5,255,12,5.0,1435,At Risk,"Reactivate now. Previously valuable, engagement slipping. Time-boxed win-back offer plus a service check - review whether returns or late shipments preceded the drop-off.","Relative label. Median dormancy is only ~28 days; this is the second-lowest recency quintile of a highly active panel, NOT evidence of churn."
CHRISTINA_DEMOSS,Consumer,LATAM,Brazil,2011-06-27,2014-12-19,31,82,265,17984.58838,15392.806600000002,2591.78178,2531.17162,1730.17,0,24,17984.58838,2591.78178,580.1480122580646,83.60586387096774,14.411126489179065,12,1271,1,0.0,42.36666666666667,2011-06,4,3,4,434,11,3.5,1283,Loyal Customers,Grow basket size. Consistent buyers with room to move up. Cross-sell adjacent sub-categories and bundle the low-margin items they already buy.,Relative label: upper-middle recency and value within this panel.
CHRISTINA_VANDERZANDEN,Consumer,LATAM,United States,2011-03-28,2014-11-22,29,60,185,10325.50918,9720.1719,605.33728,2661.39082,958.114,2,20,10325.50918,605.33728,356.0520406896552,20.873699310344826,5.86254168629774,39,1335,1,10.0,47.67857142857143,2011-03,1,2,1,121,4,1.5,1374,Lost Customers,Reactivate cheaply or release. Longest dormancy in the panel. Use low-cost channels only; do not fund deep discounts to chase them.,"Relative label, and the most easily misread. Dormancy runs 36-428 days with a median near 49 - only 1 customer in the whole panel exceeds 180 days. These customers are not lost in any real sense; they are simply the least recent quintile."
CHRISTINE_ABELMAN,Corporate,EU,France,2011-03-23,2014-12-18,26,43,113,7802.29086,6935.132200000001,867.15866,941.29914,1085.0929999999998,1,21,7802.29086,867.15866,300.08811000000003,33.35225615384616,11.114154490774778,13,1366,1,4.761904761904762,54.64,2011-03,3,1,1,311,5,1.0,1379,Potential Loyalists,Convert to loyal. Recently active but spending below their cohort. Targeted category offers and a second-order incentive are justified here.,Relative label: recent but below-panel-average value. Not 'new' - see New Customers.
CHRISTINE_KARGATIS,Home Office,LATAM,United States,2011-03-14,2014-12-31,35,67,245,13053.19332,11672.4801,1380.71322,2362.51668,1185.368,2,27,13053.19332,1380.71322,372.9483805714286,39.44894914285714,10.577589607015794,0,1388,1,7.4074074074074066,40.8235294117647,2011-03,5,4,2,542,11,3.0,1388,Loyal Customers,Grow basket size. Consistent buyers with room to move up. Cross-sell adjacent sub-categories and bundle the low-margin items they already buy.,Relative label: upper-middle recency and value within this panel.
CHRISTINE_PHAN,Corporate,LATAM,United States,2011-01-24,2014-12-23,34,82,278,25154.11928,23405.8379,1748.28138,7014.540719999999,2433.552,2,30,25154.11928,1748.28138,739.8270376470588,51.42004058823529,6.950278642393398,8,1429,1,6.666666666666667,43.30303030303031,2011-01,4,4,5,445,13,4.5,1437,Champions,Protect. Highest value and most recently active. Give early access to new ranges and priority fulfilment; do NOT spend discount here - they already buy at the best margins.,Relative label: top recency and value quintiles within this 795-customer panel.
CHRISTINE_SUNDARESAM,Consumer,LATAM,United States,2011-04-02,2014-12-25,40,66,188,10548.057,10549.2088,-1.1517999999999091,2575.253,1140.11,1,31,10548.057,-1.1517999999999091,263.701425,-0.0287949999999977,-0.0109195466046486,6,1363,1,3.225806451612903,34.94871794871795,2011-04,4,5,1,451,10,3.0,1369,Loyal Customers,Grow basket size. Consistent buyers with room to move up. Cross-sell adjacent sub-categories and bundle the low-margin items they already buy.,Relative label: upper-middle recency and value within this panel.
CHRISTOPHER_CONANT,Consumer,APAC,United States,2011-02-04,2014-12-25,39,73,287,35187.0764,29583.7427,5603.333699999999,8086.833600000001,3252.51636,2,30,35187.0764,5603.333699999999,902.2327282051282,143.67522307692306,15.92440825802737,6,1420,1,6.666666666666667,37.36842105263158,2011-02,4,5,5,455,14,5.0,1426,Champions,Protect. Highest value and most recently active. Give early access to new ranges and priority fulfilment; do NOT spend discount here - they already buy at the best margins.,Relative label: top recency and value quintiles within this 795-customer panel.
CHRISTOPHER_MARTINEZ,Consumer,APAC,Australia,2011-01-08,2014-11-24,29,56,198,22463.58392,19453.5496,3010.03432,4426.36608,2343.053,2,25,22463.58392,3010.03432,774.6063420689655,103.79428689655172,13.39961749077838,37,1416,1,8.0,50.57142857142857,2011-01,1,2,5,125,8,3.5,1453,Lost Customers,Reactivate cheaply or release. Longest dormancy in the panel. Use low-cost channels only; do not fund deep discounts to chase them.,"Relative label, and the most easily misread. Dormancy runs 36-428 days with a median near 49 - only 1 customer in the whole panel exceeds 180 days. These customers are not lost in any real sense; they are simply the least recent quintile."
CHRISTOPHER_SCHILD,Home Office,US,United States,2011-06-24,2014-12-30,28,53,197,12514.53436,10434.4918,2080.04256,1891.61564,1244.12,2,23,12514.53436,2080.04256,446.9476557142857,74.28723428571428,16.62101441543367,1,1285,1,8.695652173913043,47.5925925925926,2011-06,5,1,2,512,8,1.5,1286,Potential Loyalists,Convert to loyal. Recently active but spending below their cohort. Targeted category offers and a second-order incentive are justified here.,Relative label: recent but below-panel-average value. Not 'new' - see New Customers.
CHRISTY_BRITTAIN,Consumer,LATAM,United States,2011-02-24,2014-12-05,27,49,194,13938.11536,11851.0317,2087.08366,3055.6946400000006,1895.029,1,23,13938.11536,2087.08366,516.2264948148148,77.2993948148148,14.97393016267875,26,1380,1,4.3478260869565215,53.07692307692308,2011-02,2,1,2,212,5,1.5,1406,At Risk,"Reactivate now. Previously valuable, engagement slipping. Time-boxed win-back offer plus a service check - review whether returns or late shipments preceded the drop-off.","Relative label. Median dormancy is only ~28 days; this is the second-lowest recency quintile of a highly active panel, NOT evidence of churn."
CHRIS_CORTES,Consumer,US,United States,2011-03-03,2014-12-11,44,87,268,11482.9148,8977.0262,2505.8886,1684.5351999999998,1101.804,2,32,11482.9148,2505.8886,260.9753363636364,56.95201363636364,21.822757058164363,20,1379,1,6.25,32.06976744186046,2011-03,3,5,1,351,9,3.0,1399,Loyal Customers,Grow basket size. Consistent buyers with room to move up. Cross-sell adjacent sub-categories and bundle the low-margin items they already buy.,Relative label: upper-middle recency and value within this panel.
CHRIS_MCAFEE,Consumer,APAC,United States,2011-01-03,2014-11-19,27,44,139,11620.621,9732.9233,1887.6977,1399.1189999999997,1386.288,2,22,11620.621,1887.6977,430.3933703703704,69.91472962962963,16.244378850321336,42,1416,1,9.090909090909092,54.46153846153846,2011-01,1,1,2,112,4,1.5,1458,Lost Customers,Reactivate cheaply or release. Longest dormancy in the panel. Use low-cost channels only; do not fund deep discounts to chase them.,"Relative label, and the most easily misread. Dormancy runs 36-428 days with a median near 49 - only 1 customer in the whole panel exceeds 180 days. These customers are not lost in any real sense; they are simply the least recent quintile."
CHRIS_SELESNICK,Corporate,US,United States,2011-01-14,2014-12-29,34,81,304,14413.7293,11811.2234,2602.5059,1090.3107,1640.692,0,30,14413.7293,2602.5059,423.9332147058824,76.5442911764706,18.055742867323037,2,1445,1,0.0,43.78787878787879,2011-01,5,4,3,543,12,3.5,1447,Loyal Customers,Grow basket size. Consistent buyers with room to move up. Cross-sell adjacent sub-categories and bundle the low-margin items they already buy.,Relative label: upper-middle recency and value within this panel.
CHUCK_CLARK,Home Office,US,United States,2011-01-24,2014-12-31,31,60,229,15039.16256,12098.6517,2940.5108599999994,1589.1874399999997,1317.489,3,29,15039.16256,2940.5108599999994,485.1342761290323,94.85518903225804,19.55235770787492,0,1437,1,10.344827586206897,47.9,2011-01,5,3,3,533,11,3.0,1437,Loyal Customers,Grow basket size. Consistent buyers with room to move up. Cross-sell adjacent sub-categories and bundle the low-margin items they already buy.,Relative label: upper-middle recency and value within this panel.
CHUCK_MAGEE,Consumer,LATAM,Mexico,2011-04-25,2014-12-16,29,58,224,13713.28608,12236.6304,1476.6556799999998,1801.1839200000002,1243.752,1,25,13713.28608,1476.6556799999998,472.8719337931034,50.91916137931034,10.768065884322308,15,1331,1,4.0,47.535714285714285,2011-04,3,2,2,322,7,2.0,1346,Potential Loyalists,Convert to loyal. Recently active but spending below their cohort. Targeted category offers and a second-order incentive are justified here.,Relative label: recent but below-panel-average value. Not 'new' - see New Customers.
CHUCK_SACHS,Consumer,APAC,Germany,2011-01-11,2014-12-25,31,70,236,22755.44428,19812.3347,2943.10958,1894.70572,2892.8830000000003,2,23,22755.44428,2943.10958,734.0465896774193,94.9390187096774,12.933650267539404,6,1444,1,8.695652173913043,48.13333333333333,2011-01,4,3,5,435,12,4.0,1450,Champions,Protect. Highest value and most recently active. Give early access to new ranges and priority fulfilment; do NOT spend discount here - they already buy at the best margins.,Relative label: top recency and value quintiles within this 795-customer panel.
CINDY_CHAPMAN,Consumer,APAC,United States,2011-05-03,2014-12-15,37,74,246,20869.68146,16834.827,4034.85446,2157.77854,2217.061,2,30,20869.68146,4034.85446,564.0454448648649,109.05012054054056,19.333569933654367,16,1322,1,6.666666666666667,36.72222222222222,2011-05,3,4,5,345,12,4.5,1338,Loyal Customers,Grow basket size. Consistent buyers with room to move up. Cross-sell adjacent sub-categories and bundle the low-margin items they already buy.,Relative label: upper-middle recency and value within this panel.
CINDY_SCHNELLING,Corporate,LATAM,Mexico,2011-04-09,2014-12-29,33,62,197,12774.6265,12585.7546,188.87189999999987,3511.8935,1521.678,1,30,12774.6265,188.87189999999987,387.10989393939394,5.723390909090905,1.4784925414453398,2,1360,1,3.333333333333333,42.5,2011-04,5,3,2,532,10,2.5,1362,Potential Loyalists,Convert to loyal. Recently active but spending below their cohort. Targeted category offers and a second-order incentive are justified here.,Relative label: recent but below-panel-average value. Not 'new' - see New Customers.
CINDY_STEWART,Consumer,LATAM,United States,2011-03-26,2014-12-04,23,42,153,13429.746400000002,19581.3045,-6151.558100000001,13009.803599999996,1244.427,1,16,13429.746400000002,-6151.558100000001,583.9020173913044,-267.459047826087,-45.80546733183287,27,1349,1,6.25,61.31818181818182,2011-03,2,1,2,212,5,1.5,1376,At Risk,"Reactivate now. Previously valuable, engagement slipping. Time-boxed win-back offer plus a service check - review whether returns or late shipments preceded the drop-off.","Relative label. Median dormancy is only ~28 days; this is the second-lowest recency quintile of a highly active panel, NOT evidence of churn."
CLAIRE_GUTE,Consumer,APAC,United Kingdom,2011-07-06,2014-12-03,25,52,184,14661.67402,12095.0956,2566.57842,1492.21598,1864.333,0,18,14661.67402,2566.57842,586.4669608,102.6631368,17.505357277067603,28,1246,1,0.0,51.91666666666666,2011-07,2,1,3,213,6,2.0,1274,At Risk,"Reactivate now. Previously valuable, engagement slipping. Time-boxed win-back offer plus a service check - review whether returns or late shipments preceded the drop-off.","Relative label. Median dormancy is only ~28 days; this is the second-lowest recency quintile of a highly active panel, NOT evidence of churn."
CLAUDIA_BERGMANN,Corporate,EU,United States,2011-01-22,2014-12-24,29,72,241,18255.79284,16088.5754,2167.2174399999994,2928.71716,1302.176,2,27,18255.79284,2167.2174399999994,629.5100979310345,74.73163586206894,11.87139588509923,7,1432,1,7.4074074074074066,51.142857142857146,2011-01,4,2,4,424,10,3.0,1439,Loyal Customers,Grow basket size. Consistent buyers with room to move up. Cross-sell adjacent sub-categories and bundle the low-margin items they already buy.,Relative label: upper-middle recency and value within this panel.
CLAY_CHEATHAM,Consumer,EU,Australia,2011-03-17,2014-12-04,30,60,191,9342.05034,7817.5014,1524.54894,1583.34966,1389.7,3,25,9342.05034,1524.54894,311.401678,50.818298,16.319211356337007,27,1358,1,12.0,46.82758620689656,2011-03,2,2,1,221,5,1.5,1385,At Risk,"Reactivate now. Previously valuable, engagement slipping. Time-boxed win-back offer plus a service check - review whether returns or late shipments preceded the drop-off.","Relative label. Median dormancy is only ~28 days; this is the second-lowest recency quintile of a highly active panel, NOT evidence of churn."
CLAY_LUDTKE,Consumer,US,United States,2011-02-09,2014-12-26,36,79,284,19783.77188,18460.3429,1323.42898,5026.75812,2161.233,2,30,19783.77188,1323.42898,549.5492188888888,36.76191611111111,6.689467448509621,5,1416,1,6.666666666666667,40.457142857142856,2011-02,5,4,4,544,13,4.0,1421,Champions,Protect. Highest value and most recently active. Give early access to new ranges and priority fulfilment; do NOT spend discount here - they already buy at the best margins.,Relative label: top recency and value quintiles within this 795-customer panel.
CLAY_ROZENDAL,Home Office,APAC,United States,2011-08-12,2014-12-09,25,41,164,11757.5765,9811.5807,1945.9958,1979.3234999999995,1231.239,0,20,11757.5765,1945.9958,470.30306,77.839832,16.550994161084134,22,1215,1,0.0,50.625,2011-08,2,1,2,212,5,1.5,1237,At Risk,"Reactivate now. Previously valuable, engagement slipping. Time-boxed win-back offer plus a service check - review whether returns or late shipments preceded the drop-off.","Relative label. Median dormancy is only ~28 days; this is the second-lowest recency quintile of a highly active panel, NOT evidence of churn."
CLYTIE_KELTY,Consumer,US,United States,2011-07-29,2014-11-18,36,79,289,17143.14618,14769.5102,2373.63598,2610.82382,1883.876,2,33,17143.14618,2373.63598,476.198505,65.93433277777778,13.845976433247682,43,1208,1,6.0606060606060606,34.51428571428571,2011-07,1,4,4,144,9,4.0,1251,Lost Customers,Reactivate cheaply or release. Longest dormancy in the panel. Use low-cost channels only; do not fund deep discounts to chase them.,"Relative label, and the most easily misread. Dormancy runs 36-428 days with a median near 49 - only 1 customer in the whole panel exceeds 180 days. These customers are not lost in any real sense; they are simply the least recent quintile."
COREY_CATLETT,Corporate,APAC,United States,2011-07-16,2014-12-15,32,61,212,17605.028,14602.017,3003.011,1530.632,2016.706,2,29,17605.028,3003.011,550.157125,93.84409375,17.057689428270155,16,1248,1,6.896551724137931,40.25806451612903,2011-07,3,3,4,334,10,3.5,1264,Loyal Customers,Grow basket size. Consistent buyers with room to move up. Cross-sell adjacent sub-categories and bundle the low-margin items they already buy.,Relative label: upper-middle recency and value within this panel.
COREY_LOCK,Consumer,APAC,United States,2011-04-14,2014-12-27,30,68,238,13046.86776,11850.8278,1196.0399599999998,2215.8822400000004,1458.695,1,25,13046.86776,1196.0399599999998,434.895592,39.86799866666666,9.16725747513823,4,1353,1,4.0,46.6551724137931,2011-04,5,2,2,522,9,2.0,1357,Potential Loyalists,Convert to loyal. Recently active but spending below their cohort. Targeted category offers and a second-order incentive are justified here.,Relative label: recent but below-panel-average value. Not 'new' - see New Customers.
COREY_ROPER,Home Office,APAC,Australia,2011-01-23,2014-11-18,37,77,262,22351.10268,20005.980600000003,2345.12208,4444.02732,2641.942,4,28,22351.10268,2345.12208,604.0838562162162,63.38167783783783,10.49219858892438,43,1395,1,14.285714285714285,38.75,2011-01,1,4,5,145,10,4.5,1438,Lost Customers,Reactivate cheaply or release. Longest dormancy in the panel. Use low-cost channels only; do not fund deep discounts to chase them.,"Relative label, and the most easily misread. Dormancy runs 36-428 days with a median near 49 - only 1 customer in the whole panel exceeds 180 days. These customers are not lost in any real sense; they are simply the least recent quintile."
CORINNA_MITCHELL,Home Office,EMEA,United States,2011-08-06,2014-12-04,30,54,174,15578.556680000002,16533.6191,-955.06242,6437.093320000001,2067.155,0,18,15578.556680000002,-955.06242,519.2852226666668,-31.835414,-6.130621980058808,27,1216,1,0.0,41.93103448275862,2011-08,2,2,3,223,7,2.5,1243,At Risk,"Reactivate now. Previously valuable, engagement slipping. Time-boxed win-back offer plus a service check - review whether returns or late shipments preceded the drop-off.","Relative label. Median dormancy is only ~28 days; this is the second-lowest recency quintile of a highly active panel, NOT evidence of churn."
CRAIG_CARREIRA,Consumer,APAC,United States,2011-04-13,2014-12-15,34,67,210,11496.6099,11777.591600000002,-280.9817000000003,4043.6101,1485.205,2,28,11496.6099,-280.9817000000003,338.1355852941176,-8.264167647058832,-2.444039612059902,16,1342,1,7.142857142857142,40.66666666666666,2011-04,3,4,1,341,8,2.5,1358,Potential Loyalists,Convert to loyal. Recently active but spending below their cohort. Targeted category offers and a second-order incentive are justified here.,Relative label: recent but below-panel-average value. Not 'new' - see New Customers.
CRAIG_CARROLL,Consumer,EU,United States,2011-03-22,2014-11-07,25,55,210,16817.9562,14568.0959,2249.8603,2855.1538,1482.403,2,20,16817.9562,2249.8603,672.718248,89.994412,13.377727193747832,54,1326,1,10.0,55.25,2011-03,1,1,4,114,6,2.5,1380,Lost Customers,Reactivate cheaply or release. Longest dormancy in the panel. Use low-cost channels only; do not fund deep discounts to chase them.,"Relative label, and the most easily misread. Dormancy runs 36-428 days with a median near 49 - only 1 customer in the whole panel exceeds 180 days. These customers are not lost in any real sense; they are simply the least recent quintile."
CRAIG_LESLIE,Home Office,APAC,United States,2011-01-15,2014-12-23,35,69,248,19376.0248,16705.6961,2670.3287,2936.945199999999,1814.754,0,31,19376.0248,2670.3287,553.6007085714285,76.29510571428571,13.78161272791104,8,1438,1,0.0,42.294117647058826,2011-01,4,4,4,444,12,4.0,1446,Champions,Protect. Highest value and most recently active. Give early access to new ranges and priority fulfilment; do NOT spend discount here - they already buy at the best margins.,Relative label: top recency and value quintiles within this 795-customer panel.
CRAIG_MOLINARI,Corporate,EU,United States,2011-03-07,2014-11-20,26,54,179,11230.8429,10020.5016,1210.3412999999998,2051.7971,1373.024,0,19,11230.8429,1210.3412999999998,431.9554961538461,46.55158846153846,10.77694088303915,41,1354,1,0.0,54.16,2011-03,1,1,1,111,3,1.0,1395,Lost Customers,Reactivate cheaply or release. Longest dormancy in the panel. Use low-cost channels only; do not fund deep discounts to chase them.,"Relative label, and the most easily misread. Dormancy runs 36-428 days with a median near 49 - only 1 customer in the whole panel exceeds 180 days. These customers are not lost in any real sense; they are simply the least recent quintile."
CRAIG_REITER,Consumer,APAC,India,2011-07-15,2014-12-26,35,77,224,20847.539760000003,19412.102400000003,1435.4373599999997,6288.69024,3154.0950000000003,0,24,20847.539760000003,1435.4373599999997,595.6439931428572,41.01249599999999,6.885404112547425,5,1260,1,0.0,37.05882352941177,2011-07,5,4,5,545,14,4.5,1265,Champions,Protect. Highest value and most recently active. Give early access to new ranges and priority fulfilment; do NOT spend discount here - they already buy at the best margins.,Relative label: top recency and value quintiles within this 795-customer panel.
CRAIG_YEDWAB,Corporate,APAC,United States,2011-05-06,2014-11-01,35,60,200,14221.5023,12679.259300000002,1542.2429999999997,2809.3776999999995,1656.323,3,31,14221.5023,1542.2429999999997,406.32863714285713,44.0640857142857,10.84444503447431,60,1275,1,9.67741935483871,37.5,2011-05,1,4,3,143,8,3.5,1335,Lost Customers,Reactivate cheaply or release. Longest dormancy in the panel. Use low-cost channels only; do not fund deep discounts to chase them.,"Relative label, and the most easily misread. Dormancy runs 36-428 days with a median near 49 - only 1 customer in the whole panel exceeds 180 days. These customers are not lost in any real sense; they are simply the least recent quintile."
CYMA_KINNEY,Corporate,US,United States,2011-02-08,2014-11-24,38,69,211,10590.7544,10065.3701,525.3842999999998,1910.6456,1181.894,0,26,10590.7544,525.3842999999998,278.7040631578947,13.825902631578945,4.960782585988396,37,1385,1,0.0,37.43243243243244,2011-02,1,5,1,151,7,3.0,1422,Lost Customers,Reactivate cheaply or release. Longest dormancy in the panel. Use low-cost channels only; do not fund deep discounts to chase them.,"Relative label, and the most easily misread. Dormancy runs 36-428 days with a median near 49 - only 1 customer in the whole panel exceeds 180 days. These customers are not lost in any real sense; they are simply the least recent quintile."
CYNTHIA_ARNTZEN,Consumer,LATAM,United States,2011-06-07,2014-09-29,30,61,213,19836.361,15945.0965,3891.2645,3436.149,1813.49,1,26,19836.361,3891.2645,661.2120333333334,129.70881666666665,19.616826392703786,93,1210,1,3.8461538461538463,41.72413793103448,2011-06,1,2,4,124,7,3.0,1303,Lost Customers,Reactivate cheaply or release. Longest dormancy in the panel. Use low-cost channels only; do not fund deep discounts to chase them.,"Relative label, and the most easily misread. Dormancy runs 36-428 days with a median near 49 - only 1 customer in the whole panel exceeds 180 days. These customers are not lost in any real sense; they are simply the least recent quintile."
CYNTHIA_DELANEY,Home Office,EU,France,2011-02-03,2014-10-16,32,68,228,14498.9025,12344.599800000002,2154.3027,1779.9575,1507.387,0,25,14498.9025,2154.3027,453.090703125,67.32195937499999,14.85838462600876,76,1351,1,0.0,43.58064516129032,2011-02,1,3,3,133,7,3.0,1427,Lost Customers,Reactivate cheaply or release. Longest dormancy in the panel. Use low-cost channels only; do not fund deep discounts to chase them.,"Relative label, and the most easily misread. Dormancy runs 36-428 days with a median near 49 - only 1 customer in the whole panel exceeds 180 days. These customers are not lost in any real sense; they are simply the least recent quintile."
CYNTHIA_VOLTZ,Corporate,US,United States,2011-04-27,2014-12-27,27,54,181,14852.9826,12942.8761,1910.1065,3384.6273999999994,2129.442,3,20,14852.9826,1910.1065,550.1104666666668,70.74468518518518,12.86008710466004,4,1340,1,15.0,51.53846153846154,2011-04,5,1,3,513,9,2.0,1344,Potential Loyalists,Convert to loyal. Recently active but spending below their cohort. Targeted category offers and a second-order incentive are justified here.,Relative label: recent but below-panel-average value. Not 'new' - see New Customers.
CYRA_REITEN,Home Office,LATAM,Austria,2011-06-11,2014-11-06,32,54,188,15658.562560000002,12345.8421,3312.72046,1570.46744,1499.255,1,24,15658.562560000002,3312.72046,489.33008000000007,103.522514375,21.155967843832528,55,1244,1,4.166666666666666,40.12903225806452,2011-06,1,3,3,133,7,3.0,1299,Lost Customers,Reactivate cheaply or release. Longest dormancy in the panel. Use low-cost channels only; do not fund deep discounts to chase them.,"Relative label, and the most easily misread. Dormancy runs 36-428 days with a median near 49 - only 1 customer in the whole panel exceeds 180 days. These customers are not lost in any real sense; they are simply the least recent quintile."
DAMALA_KOTSONIS,Corporate,US,United States,2011-01-31,2014-12-10,43,86,274,20963.6977,18045.8472,2917.8505,4319.9723,2146.376,0,32,20963.6977,2917.8505,487.5278534883721,67.85698837209301,13.918586986684126,21,1409,1,0.0,33.54761904761905,2011-01,3,5,5,355,13,5.0,1430,Loyal Customers,Grow basket size. Consistent buyers with room to move up. Cross-sell adjacent sub-categories and bundle the low-margin items they already buy.,Relative label: upper-middle recency and value within this panel.
DANA_KAYDOS,Consumer,LATAM,United States,2011-05-17,2014-11-16,28,70,242,19632.75916,18269.1964,1363.5627599999998,2972.93084,1889.716,1,22,19632.75916,1363.5627599999998,701.1699699999999,48.69866999999999,6.945344507552141,45,1279,1,4.545454545454546,47.37037037037037,2011-05,1,1,4,114,6,2.5,1324,Lost Customers,Reactivate cheaply or release. Longest dormancy in the panel. Use low-cost channels only; do not fund deep discounts to chase them.,"Relative label, and the most easily misread. Dormancy runs 36-428 days with a median near 49 - only 1 customer in the whole panel exceeds 180 days. These customers are not lost in any real sense; they are simply the least recent quintile."
DANIEL_BYRD,Home Office,LATAM,United States,2011-04-07,2014-12-29,35,65,209,15389.4637,13732.5242,1656.9395,3004.0363,1518.447,0,27,15389.4637,1656.9395,439.6989628571429,47.34112857142857,10.766713722454147,2,1362,1,0.0,40.05882352941177,2011-04,5,4,3,543,12,3.5,1364,Loyal Customers,Grow basket size. Consistent buyers with room to move up. Cross-sell adjacent sub-categories and bundle the low-margin items they already buy.,Relative label: upper-middle recency and value within this panel.
DANIEL_LACY,Consumer,LATAM,United States,2011-02-18,2014-11-24,28,72,219,12196.6768,11088.2368,1108.44,3328.8832,1245.091,0,21,12196.6768,1108.44,435.5956,39.58714285714286,9.088049295526138,37,1375,1,0.0,50.92592592592592,2011-02,1,1,2,112,4,1.5,1412,Lost Customers,Reactivate cheaply or release. Longest dormancy in the panel. Use low-cost channels only; do not fund deep discounts to chase them.,"Relative label, and the most easily misread. Dormancy runs 36-428 days with a median near 49 - only 1 customer in the whole panel exceeds 180 days. These customers are not lost in any real sense; they are simply the least recent quintile."
DANIEL_RAGLIN,Home Office,APAC,United States,2011-02-09,2014-12-04,41,85,289,27929.86492,21825.892,6103.97292,4111.295080000001,2590.362,1,33,27929.86492,6103.97292,681.2162175609756,148.87738829268292,21.8546453320978,27,1394,1,3.0303030303030303,34.85,2011-02,2,5,5,255,12,5.0,1421,At Risk,"Reactivate now. Previously valuable, engagement slipping. Time-boxed win-back offer plus a service check - review whether returns or late shipments preceded the drop-off.","Relative label. Median dormancy is only ~28 days; this is the second-lowest recency quintile of a highly active panel, NOT evidence of churn."
DAN_CAMPBELL,Consumer,LATAM,United States,2011-07-05,2014-11-27,38,77,231,13438.5095,13508.9993,-70.48979999999963,5747.9005,987.528,2,29,13438.5095,-70.48979999999963,353.64498684210525,-1.854994736842096,-0.5245358497532753,34,1241,1,6.896551724137931,33.54054054054054,2011-07,2,5,2,252,9,3.5,1275,At Risk,"Reactivate now. Previously valuable, engagement slipping. Time-boxed win-back offer plus a service check - review whether returns or late shipments preceded the drop-off.","Relative label. Median dormancy is only ~28 days; this is the second-lowest recency quintile of a highly active panel, NOT evidence of churn."
DAN_LAWERA,Consumer,EU,United States,2011-01-10,2014-11-04,41,68,270,12688.682100000002,12262.647100000002,426.0349999999996,3648.0079,1736.054,2,34,12688.682100000002,426.0349999999996,309.48005121951223,10.3910975609756,3.3575985011083187,57,1394,1,5.88235294117647,34.85,2011-01,1,5,2,152,8,3.5,1451,Lost Customers,Reactivate cheaply or release. Longest dormancy in the panel. Use low-cost channels only; do not fund deep discounts to chase them.,"Relative label, and the most easily misread. Dormancy runs 36-428 days with a median near 49 - only 1 customer in the whole panel exceeds 180 days. These customers are not lost in any real sense; they are simply the least recent quintile."
DAN_REICHENBACH,Corporate,LATAM,United States,2011-04-18,2014-12-28,40,84,309,16706.8013,14722.4027,1984.3986,3658.5487,1331.661,3,32,16706.8013,1984.3986,417.6700325,49.609965,11.877788957722268,3,1350,1,9.375,34.61538461538461,2011-04,5,5,4,554,14,4.5,1353,Champions,Protect. Highest value and most recently active. Give early access to new ranges and priority fulfilment; do NOT spend discount here - they already buy at the best margins.,Relative label: top recency and value quintiles within this 795-customer panel.
DARIO_MEDINA,Corporate,EU,United States,2011-07-11,2014-12-19,41,76,266,22299.98292,19993.0557,2306.92722,4400.49708,2711.007,2,32,22299.98292,2306.92722,543.9020224390243,56.26651756097561,10.34497303552195,12,1257,1,6.25,31.425,2011-07,4,5,5,455,14,5.0,1269,Champions,Protect. Highest value and most recently active. Give early access to new ranges and priority fulfilment; do NOT spend discount here - they already buy at the best margins.,Relative label: top recency and value quintiles within this 795-customer panel.
DARREN_BUDD,Corporate,US,United States,2011-03-14,2014-11-04,15,31,98,9679.2392,9092.2743,586.9648999999994,2603.3408000000004,787.76,1,11,9679.2392,586.9648999999994,645.2826133333333,39.13099333333329,6.064163596659532,57,1331,1,9.090909090909092,95.07142857142856,2011-03,1,1,1,111,3,1.0,1388,Lost Customers,Reactivate cheaply or release. Longest dormancy in the panel. Use low-cost channels only; do not fund deep discounts to chase them.,"Relative label, and the most easily misread. Dormancy runs 36-428 days with a median near 49 - only 1 customer in the whole panel exceeds 180 days. These customers are not lost in any real sense; they are simply the least recent quintile."
DARREN_KOUTRAS,Consumer,APAC,United States,2011-01-20,2014-12-30,36,64,226,14905.4005,13617.4838,1287.9167000000002,1986.0395,1852.605,0,35,14905.4005,1287.9167000000002,414.03890277777776,35.77546388888889,8.640604457424677,1,1440,1,0.0,41.142857142857146,2011-01,5,4,3,543,12,3.5,1441,Loyal Customers,Grow basket size. Consistent buyers with room to move up. Cross-sell adjacent sub-categories and bundle the low-margin items they already buy.,Relative label: upper-middle recency and value within this panel.
DARREN_POWERS,Consumer,EU,United States,2011-01-04,2014-12-17,41,82,275,15976.372399999998,16493.8236,-517.4511999999997,5952.1976,1384.657,1,31,15976.372399999998,-517.4511999999997,389.6676195121951,-12.62076097560975,-3.238852895041429,14,1443,1,3.225806451612903,36.075,2011-01,3,5,3,353,11,4.0,1457,Loyal Customers,Grow basket size. Consistent buyers with room to move up. Cross-sell adjacent sub-categories and bundle the low-margin items they already buy.,Relative label: upper-middle recency and value within this panel.
DARRIN_MARTIN,Consumer,APAC,United States,2011-03-04,2014-12-29,36,66,268,17732.3218,15740.5699,1991.7519,3297.2282,2566.559,2,30,17732.3218,1991.7519,492.5644944444445,55.32644166666666,11.23232435359931,2,1396,1,6.666666666666667,39.885714285714286,2011-03,5,4,4,544,13,4.0,1398,Champions,Protect. Highest value and most recently active. Give early access to new ranges and priority fulfilment; do NOT spend discount here - they already buy at the best margins.,Relative label: top recency and value quintiles within this 795-customer panel.
DARRIN_SAYRE,Home Office,LATAM,Brazil,2011-04-19,2014-11-13,32,68,252,13280.8085,11793.1411,1487.6673999999998,2950.6715,1134.432,1,26,13280.8085,1487.6673999999998,415.025265625,46.48960625,11.201632792160206,48,1304,1,3.8461538461538463,42.064516129032256,2011-04,1,3,2,132,6,2.5,1352,Lost Customers,Reactivate cheaply or release. Longest dormancy in the panel. Use low-cost channels only; do not fund deep discounts to chase them.,"Relative label, and the most easily misread. Dormancy runs 36-428 days with a median near 49 - only 1 customer in the whole panel exceeds 180 days. These customers are not lost in any real sense; they are simply the least recent quintile."
DARRIN_VAN_HUFF,Corporate,EMEA,United States,2011-01-21,2014-12-12,37,94,298,22746.33192,22130.007,616.3249199999998,5001.44808,2379.437,2,24,22746.33192,616.3249199999998,614.7657275675676,16.657430270270265,2.7095574010246826,19,1421,1,8.333333333333332,39.47222222222222,2011-01,3,4,5,345,12,4.5,1440,Loyal Customers,Grow basket size. Consistent buyers with room to move up. Cross-sell adjacent sub-categories and bundle the low-margin items they already buy.,Relative label: upper-middle recency and value within this panel.
DAVE_BROOKS,Consumer,EU,United States,2011-03-01,2014-12-23,34,70,255,25547.16966,21894.808800000003,3652.36086,2941.1803399999994,3371.913,3,26,25547.16966,3652.36086,751.3873429411765,107.42237823529412,14.296538162967678,8,1393,1,11.538461538461538,42.21212121212121,2011-03,4,4,5,445,13,4.5,1401,Champions,Protect. Highest value and most recently active. Give early access to new ranges and priority fulfilment; do NOT spend discount here - they already buy at the best margins.,Relative label: top recency and value quintiles within this 795-customer panel.
DAVE_HALLSTEN,Corporate,LATAM,United States,2011-02-01,2014-10-17,35,83,270,16192.3601,14510.4916,1681.8684999999998,2612.9199000000003,1659.389,3,25,16192.3601,1681.8684999999998,462.63886,48.05338571428571,10.386802724329232,75,1354,1,12.0,39.8235294117647,2011-02,1,4,3,143,8,3.5,1429,Lost Customers,Reactivate cheaply or release. Longest dormancy in the panel. Use low-cost channels only; do not fund deep discounts to chase them.,"Relative label, and the most easily misread. Dormancy runs 36-428 days with a median near 49 - only 1 customer in the whole panel exceeds 180 days. These customers are not lost in any real sense; they are simply the least recent quintile."
DAVE_KIPP,Consumer,APAC,United States,2011-03-15,2014-12-23,39,64,214,19452.4072,15371.8435,4080.5637,2575.9128,2367.661,2,36,19452.4072,4080.5637,498.77967179487183,104.62983846153844,20.977165746355546,8,1379,1,5.555555555555555,36.28947368421053,2011-03,4,5,4,454,13,4.5,1387,Champions,Protect. Highest value and most recently active. Give early access to new ranges and priority fulfilment; do NOT spend discount here - they already buy at the best margins.,Relative label: top recency and value quintiles within this 795-customer panel.
DAVE_POIRIER,Corporate,LATAM,United States,2011-01-07,2014-12-25,31,62,247,25900.7482,21300.6159,4600.132300000001,4734.9118,2828.362,0,25,25900.7482,4600.132300000001,835.5080064516128,148.39136451612907,17.76061550221936,6,1448,1,0.0,48.266666666666666,2011-01,4,3,5,435,12,4.0,1454,Champions,Protect. Highest value and most recently active. Give early access to new ranges and priority fulfilment; do NOT spend discount here - they already buy at the best margins.,Relative label: top recency and value quintiles within this 795-customer panel.
DAVID_BREMER,Corporate,US,United States,2011-09-30,2014-12-26,20,34,116,6273.82662,8544.5232,-2270.69658,5770.54338,583.61,1,16,6273.82662,-2270.69658,313.691331,-113.534829,-36.19316754405304,5,1183,1,6.25,62.26315789473684,2011-09,5,1,1,511,7,1.0,1188,Potential Loyalists,Convert to loyal. Recently active but spending below their cohort. Targeted category offers and a second-order incentive are justified here.,Relative label: recent but below-panel-average value. Not 'new' - see New Customers.
DAVID_FLASHING,Consumer,APAC,Indonesia,2011-01-11,2014-12-22,22,52,169,11542.0359,11178.9637,363.0722000000001,2932.5641,952.691,0,18,11542.0359,363.0722000000001,524.6379954545454,16.503281818181822,3.1456512797711897,9,1441,1,0.0,68.61904761904762,2011-01,4,1,1,411,6,1.0,1450,Potential Loyalists,Convert to loyal. Recently active but spending below their cohort. Targeted category offers and a second-order incentive are justified here.,Relative label: recent but below-panel-average value. Not 'new' - see New Customers.
DAVID_KENDRICK,Corporate,EMEA,Turkey,2011-02-01,2014-12-21,36,58,206,17561.585,15382.447300000002,2179.1377,1940.085,1542.941,2,22,17561.585,2179.1377,487.8218055555556,60.53160277777777,12.408547975595596,10,1419,1,9.090909090909092,40.54285714285714,2011-02,4,4,4,444,12,4.0,1429,Champions,Protect. Highest value and most recently active. Give early access to new ranges and priority fulfilment; do NOT spend discount here - they already buy at the best margins.,Relative label: top recency and value quintiles within this 795-customer panel.
DAVID_PHILIPPE,Consumer,EU,Germany,2011-01-30,2014-12-24,31,68,260,23729.23412,22894.7036,834.5305200000003,5329.785879999999,1945.92,2,25,23729.23412,834.5305200000003,765.4591651612903,26.92033935483872,3.5168877165598142,7,1424,1,8.0,47.46666666666667,2011-01,4,3,5,435,12,4.0,1431,Champions,Protect. Highest value and most recently active. Give early access to new ranges and priority fulfilment; do NOT spend discount here - they already buy at the best margins.,Relative label: top recency and value quintiles within this 795-customer panel.
DAVID_SMITH,Corporate,LATAM,United States,2011-04-25,2014-12-17,33,63,219,13632.548,11919.1335,1713.4145,1461.552,1250.153,1,31,13632.548,1713.4145,413.1075151515152,51.92165151515152,12.5685565163607,14,1332,1,3.225806451612903,41.625,2011-04,3,3,2,332,8,2.5,1346,Potential Loyalists,Convert to loyal. Recently active but spending below their cohort. Targeted category offers and a second-order incentive are justified here.,Relative label: recent but below-panel-average value. Not 'new' - see New Customers.
DAVID_WIENER,Corporate,APAC,United States,2011-01-19,2014-12-25,30,56,187,10930.5431,9191.4448,1739.0983,1398.7069,1057.848,0,26,10930.5431,1739.0983,364.3514366666667,57.96994333333334,15.910447304306407,6,1436,1,0.0,49.51724137931034,2011-01,4,2,1,421,7,1.5,1442,Potential Loyalists,Convert to loyal. Recently active but spending below their cohort. Targeted category offers and a second-order incentive are justified here.,Relative label: recent but below-panel-average value. Not 'new' - see New Customers.
DEANRA_ENO,Home Office,LATAM,United States,2011-06-23,2014-12-12,30,55,179,12800.28,11064.7826,1735.4974000000002,1803.49,1160.62,5,22,12800.28,1735.4974000000002,426.676,57.84991333333334,13.558276850193904,19,1268,1,22.727272727272727,43.72413793103448,2011-06,3,2,2,322,7,2.0,1287,Potential Loyalists,Convert to loyal. Recently active but spending below their cohort. Targeted category offers and a second-order incentive are justified here.,Relative label: recent but below-panel-average value. Not 'new' - see New Customers.
DEAN_BRADEN,Consumer,US,United States,2011-02-03,2014-12-24,34,73,250,14130.6169,12704.8091,1425.8077999999998,3191.1031,1951.556,3,27,14130.6169,1425.8077999999998,415.6063794117648,41.93552352941176,10.09020207744787,7,1420,1,11.11111111111111,43.03030303030303,2011-02,4,4,3,443,11,3.5,1427,Loyal Customers,Grow basket size. Consistent buyers with room to move up. Cross-sell adjacent sub-categories and bundle the low-margin items they already buy.,Relative label: upper-middle recency and value within this panel.
DEAN_KATZ,Corporate,US,United States,2011-03-14,2014-12-30,37,56,202,10654.4526,9647.3546,1007.098,2315.7474,912.419,2,29,10654.4526,1007.098,287.9581783783784,27.218864864864862,9.452367360478004,1,1387,1,6.896551724137931,38.52777777777778,2011-03,5,4,1,541,10,2.5,1388,Potential Loyalists,Convert to loyal. Recently active but spending below their cohort. Targeted category offers and a second-order incentive are justified here.,Relative label: recent but below-panel-average value. Not 'new' - see New Customers.
DEAN_PERCER,Home Office,US,United States,2011-05-26,2014-12-13,35,81,260,22834.91032,18875.7462,3959.16412,2475.10968,1902.016,1,28,22834.91032,3959.16412,652.4260091428571,113.11897485714285,17.338207439914306,18,1297,1,3.571428571428571,38.14705882352941,2011-05,3,4,5,345,12,4.5,1315,Loyal Customers,Grow basket size. Consistent buyers with room to move up. Cross-sell adjacent sub-categories and bundle the low-margin items they already buy.,Relative label: upper-middle recency and value within this panel.
DEBORAH_BRUMFIELD,Home Office,APAC,United States,2011-02-05,2014-12-22,27,58,193,12576.5995,10936.3606,1640.2389,1921.4305,1134.723,2,25,12576.5995,1640.2389,465.7999814814815,60.749588888888894,13.041990404480956,9,1416,1,8.0,54.46153846153846,2011-02,4,1,2,412,7,1.5,1425,Potential Loyalists,Convert to loyal. Recently active but spending below their cohort. Targeted category offers and a second-order incentive are justified here.,Relative label: recent but below-panel-average value. Not 'new' - see New Customers.
DEBRA_CATINI,Consumer,LATAM,United States,2011-04-28,2014-12-13,27,54,213,16964.653899999998,16099.3198,865.3340999999999,2348.796099999999,1455.518,1,23,16964.653899999998,865.3340999999999,628.3205148148147,32.049411111111105,5.100806094252238,18,1325,1,4.3478260869565215,50.96153846153846,2011-04,3,1,4,314,8,2.5,1343,Potential Loyalists,Convert to loyal. Recently active but spending below their cohort. Targeted category offers and a second-order incentive are justified here.,Relative label: recent but below-panel-average value. Not 'new' - see New Customers.
DEIRDRE_GREER,Corporate,APAC,China,2011-07-09,2014-12-17,35,64,240,16713.74,14339.4219,2374.3181,1757.9899999999998,2123.577,0,29,16713.74,2374.3181,477.5354285714286,67.83766,14.205785778646788,14,1257,1,0.0,36.97058823529412,2011-07,3,4,4,344,11,4.0,1271,Loyal Customers,Grow basket size. Consistent buyers with room to move up. Cross-sell adjacent sub-categories and bundle the low-margin items they already buy.,Relative label: upper-middle recency and value within this panel.
DELFINA_LATCHFORD,Consumer,EU,United States,2011-01-17,2014-12-13,33,76,304,20252.4705,17453.9348,2798.5357,3884.2295,1860.153,1,27,20252.4705,2798.5357,613.7112272727272,84.80411212121211,13.818243557002091,18,1426,1,3.7037037037037033,44.5625,2011-01,3,3,5,335,11,4.0,1444,Loyal Customers,Grow basket size. Consistent buyers with room to move up. Cross-sell adjacent sub-categories and bundle the low-margin items they already buy.,Relative label: upper-middle recency and value within this panel.
DENISE_LEINENBACH,Consumer,LATAM,Australia,2011-03-14,2014-12-19,37,75,281,17940.981,15193.4888,2747.4922,1862.769,2203.638,3,34,17940.981,2747.4922,484.8913783783784,74.25654594594594,15.31405779873464,12,1376,1,8.823529411764707,38.22222222222222,2011-03,4,4,4,444,12,4.0,1388,Champions,Protect. Highest value and most recently active. Give early access to new ranges and priority fulfilment; do NOT spend discount here - they already buy at the best margins.,Relative label: top recency and value quintiles within this 795-customer panel.
DENISE_MONTON,Corporate,EU,United States,2011-08-24,2014-12-29,33,59,240,22053.3105,24651.1134,-2597.802899999999,11608.6895,1929.308,1,27,22053.3105,-2597.802899999999,668.2821363636364,-78.72129999999997,-11.779650497370902,2,1223,1,3.7037037037037033,38.21875,2011-08,5,3,5,535,13,4.0,1225,Champions,Protect. Highest value and most recently active. Give early access to new ranges and priority fulfilment; do NOT spend discount here - they already buy at the best margins.,Relative label: top recency and value quintiles within this 795-customer panel.
DENNIS_BOLTON,Home Office,APAC,France,2011-01-27,2014-11-14,30,52,196,10611.34436,8688.6275,1922.71686,956.69564,1402.302,2,28,10611.34436,1922.71686,353.7114786666667,64.09056199999999,18.119446460033643,47,1387,1,7.142857142857142,47.82758620689656,2011-01,1,2,1,121,4,1.5,1434,Lost Customers,Reactivate cheaply or release. Longest dormancy in the panel. Use low-cost channels only; do not fund deep discounts to chase them.,"Relative label, and the most easily misread. Dormancy runs 36-428 days with a median near 49 - only 1 customer in the whole panel exceeds 180 days. These customers are not lost in any real sense; they are simply the least recent quintile."
DENNIS_KANE,Consumer,US,United States,2011-02-27,2014-12-27,36,76,287,20105.314,17139.8061,2965.5079000000005,2701.7960000000003,2118.413,1,26,20105.314,2965.5079000000005,558.4809444444444,82.37521944444445,14.7498711037291,4,1399,1,3.8461538461538463,39.97142857142857,2011-02,5,4,5,545,14,4.5,1403,Champions,Protect. Highest value and most recently active. Give early access to new ranges and priority fulfilment; do NOT spend discount here - they already buy at the best margins.,Relative label: top recency and value quintiles within this 795-customer panel.
DENNIS_PARDUE,Home Office,US,United States,2011-01-03,2014-12-31,33,57,170,11658.9212,8970.7322,2688.1890000000003,2319.2288,1170.555,2,27,11658.9212,2688.1890000000003,353.3006424242424,81.46027272727274,23.05692742824268,0,1458,1,7.4074074074074066,45.5625,2011-01,5,3,2,532,10,2.5,1458,Potential Loyalists,Convert to loyal. Recently active but spending below their cohort. Targeted category offers and a second-order incentive are justified here.,Relative label: recent but below-panel-average value. Not 'new' - see New Customers.
DENNY_BLANTON,Consumer,APAC,United States,2011-05-22,2014-12-03,28,51,199,16632.63866,14674.082799999998,1958.55586,1613.3013400000002,1912.122,0,26,16632.63866,1958.55586,594.0228092857143,69.94842357142856,11.775376715843352,28,1291,1,0.0,47.81481481481482,2011-05,2,1,4,214,7,2.5,1319,At Risk,"Reactivate now. Previously valuable, engagement slipping. Time-boxed win-back offer plus a service check - review whether returns or late shipments preceded the drop-off.","Relative label. Median dormancy is only ~28 days; this is the second-lowest recency quintile of a highly active panel, NOT evidence of churn."
DENNY_JOY,Corporate,EU,Germany,2011-03-21,2014-12-30,32,63,232,22562.07114,19306.675,3255.39614,4622.518860000001,2443.425,2,28,22562.07114,3255.39614,705.064723125,101.731129375,14.428622797082449,1,1380,1,7.142857142857142,44.516129032258064,2011-03,5,3,5,535,13,4.0,1381,Champions,Protect. Highest value and most recently active. Give early access to new ranges and priority fulfilment; do NOT spend discount here - they already buy at the best margins.,Relative label: top recency and value quintiles within this 795-customer panel.
DENNY_ORDWAY,Consumer,LATAM,United States,2011-06-23,2014-11-25,42,83,252,18796.6155,14658.9801,4137.6354,2321.2645,1584.774,4,32,18796.6155,4137.6354,447.5384642857143,98.51512857142858,22.01266180073748,36,1251,1,12.5,30.51219512195122,2011-06,2,5,4,254,11,4.5,1287,At Risk,"Reactivate now. Previously valuable, engagement slipping. Time-boxed win-back offer plus a service check - review whether returns or late shipments preceded the drop-off.","Relative label. Median dormancy is only ~28 days; this is the second-lowest recency quintile of a highly active panel, NOT evidence of churn."
DIANNA_ARNETT,Home Office,LATAM,United States,2011-04-04,2014-12-18,29,60,241,15247.41826,15545.2496,-297.83134000000007,4983.11174,1579.597,1,25,15247.41826,-297.83134000000007,525.7730434482759,-10.270046206896554,-1.9533230801527184,13,1354,1,4.0,48.35714285714285,2011-04,3,2,3,323,8,2.5,1367,Potential Loyalists,Convert to loyal. Recently active but spending below their cohort. Targeted category offers and a second-order incentive are justified here.,Relative label: recent but below-panel-average value. Not 'new' - see New Customers.
DIANNA_VITTORINI,Consumer,LATAM,United States,2011-01-11,2014-12-18,25,63,218,16948.69688,13605.974300000002,3342.72258,620.9031199999998,1865.221,2,20,16948.69688,3342.72258,677.9478752,133.70890319999998,19.72259344578,13,1437,1,10.0,59.875,2011-01,3,1,4,314,8,2.5,1450,Potential Loyalists,Convert to loyal. Recently active but spending below their cohort. Targeted category offers and a second-order incentive are justified here.,Relative label: recent but below-panel-average value. Not 'new' - see New Customers.
DIANNA_WILSON,Home Office,APAC,United States,2011-04-02,2014-11-06,35,88,312,23454.9616,18425.8724,5029.089199999999,2907.5284,2864.883,0,23,23454.9616,5029.089199999999,670.1417600000001,143.68826285714283,21.44147275005557,55,1314,1,0.0,38.64705882352941,2011-04,1,4,5,145,10,4.5,1369,Lost Customers,Reactivate cheaply or release. Longest dormancy in the panel. Use low-cost channels only; do not fund deep discounts to chase them.,"Relative label, and the most easily misread. Dormancy runs 36-428 days with a median near 49 - only 1 customer in the whole panel exceeds 180 days. These customers are not lost in any real sense; they are simply the least recent quintile."
DIONIS_LLOYD,Corporate,EU,United States,2011-06-29,2014-12-09,32,56,206,16645.788,15084.92,1560.868,2734.9919999999997,2073.852,1,27,16645.788,1560.868,520.180875,48.777125,9.376954698690144,22,1259,1,3.7037037037037033,40.61290322580645,2011-06,2,3,4,234,9,3.5,1281,At Risk,"Reactivate now. Previously valuable, engagement slipping. Time-boxed win-back offer plus a service check - review whether returns or late shipments preceded the drop-off.","Relative label. Median dormancy is only ~28 days; this is the second-lowest recency quintile of a highly active panel, NOT evidence of churn."
DON_JONES,Corporate,LATAM,United States,2011-01-15,2014-12-25,38,78,276,21396.9779,17086.5159,4310.462,1514.8820999999998,2334.266,2,31,21396.9779,4310.462,563.0783657894738,113.4332105263158,20.14519069069095,6,1440,1,6.451612903225806,38.91891891891892,2011-01,4,5,5,455,14,5.0,1446,Champions,Protect. Highest value and most recently active. Give early access to new ranges and priority fulfilment; do NOT spend discount here - they already buy at the best margins.,Relative label: top recency and value quintiles within this 795-customer panel.
DON_MILLER,Corporate,APAC,Mexico,2011-07-05,2014-11-26,25,52,196,11831.64768,12105.0632,-273.41552000000024,3909.01232,1790.867,0,19,11831.64768,-273.41552000000024,473.2659072,-10.936620800000007,-2.31088287442988,35,1240,1,0.0,51.66666666666666,2011-07,2,1,2,212,5,1.5,1275,At Risk,"Reactivate now. Previously valuable, engagement slipping. Time-boxed win-back offer plus a service check - review whether returns or late shipments preceded the drop-off.","Relative label. Median dormancy is only ~28 days; this is the second-lowest recency quintile of a highly active panel, NOT evidence of churn."
DON_WEISS,Consumer,LATAM,United States,2011-03-28,2014-12-19,24,62,212,14383.002,13957.2928,425.7091999999999,4040.638,1796.945,1,20,14383.002,425.7091999999999,599.29175,17.73788333333333,2.959807695222457,12,1362,1,5.0,59.21739130434783,2011-03,4,1,3,413,8,2.0,1374,Potential Loyalists,Convert to loyal. Recently active but spending below their cohort. Targeted category offers and a second-order incentive are justified here.,Relative label: recent but below-panel-average value. Not 'new' - see New Customers.
DOROTHY_BADDERS,Corporate,APAC,United States,2011-04-21,2014-12-26,25,49,177,10386.3324,9144.0558,1242.2766,1834.5076,1192.567,1,22,10386.3324,1242.2766,415.453296,49.691064,11.96068594916142,5,1345,1,4.545454545454546,56.04166666666666,2011-04,5,1,1,511,7,1.0,1350,Potential Loyalists,Convert to loyal. Recently active but spending below their cohort. Targeted category offers and a second-order incentive are justified here.,Relative label: recent but below-panel-average value. Not 'new' - see New Customers.
DOROTHY_DICKINSON,Consumer,EU,United States,2011-01-03,2014-11-20,32,66,234,11072.8788,9673.2276,1399.6511999999998,2134.8812,1002.037,3,24,11072.8788,1399.6511999999998,346.0274625,43.73909999999999,12.640355098982928,41,1417,1,12.5,45.70967741935484,2011-01,1,3,1,131,5,2.0,1458,Lost Customers,Reactivate cheaply or release. Longest dormancy in the panel. Use low-cost channels only; do not fund deep discounts to chase them.,"Relative label, and the most easily misread. Dormancy runs 36-428 days with a median near 49 - only 1 customer in the whole panel exceeds 180 days. These customers are not lost in any real sense; they are simply the least recent quintile."
DOROTHY_WARDLE,Corporate,APAC,United States,2011-06-02,2014-12-26,41,74,289,12604.9176,11734.3606,870.5570000000001,3031.0624,1064.687,3,37,12604.9176,870.5570000000001,307.43701463414635,21.23309756097561,6.906487036456312,5,1303,1,8.108108108108109,32.575,2011-06,5,5,2,552,12,3.5,1308,Loyal Customers,Grow basket size. Consistent buyers with room to move up. Cross-sell adjacent sub-categories and bundle the low-margin items they already buy.,Relative label: upper-middle recency and value within this panel.
DORRIS_LIEBE,Corporate,APAC,United States,2011-03-16,2014-12-26,30,58,162,14721.8194,12870.1132,1851.7062,3108.7506,1418.702,2,20,14721.8194,1851.7062,490.72731333333337,61.72354,12.577971171144783,5,1381,1,10.0,47.62068965517241,2011-03,5,2,3,523,10,2.5,1386,Potential Loyalists,Convert to loyal. Recently active but spending below their cohort. Targeted category offers and a second-order incentive are justified here.,Relative label: recent but below-panel-average value. Not 'new' - see New Customers.
DOUG_BICKFORD,Consumer,EU,Germany,2011-07-18,2014-12-04,32,58,209,12855.6088,9887.9288,2967.6800000000003,1132.7312,1387.867,1,28,12855.6088,2967.6800000000003,401.737775,92.74,23.084709920544565,27,1235,1,3.571428571428571,39.83870967741935,2011-07,2,3,2,232,7,2.5,1262,At Risk,"Reactivate now. Previously valuable, engagement slipping. Time-boxed win-back offer plus a service check - review whether returns or late shipments preceded the drop-off.","Relative label. Median dormancy is only ~28 days; this is the second-lowest recency quintile of a highly active panel, NOT evidence of churn."
DOUG_JACOBS,Consumer,APAC,France,2011-09-15,2014-12-19,33,54,198,13854.078,11178.323600000002,2675.7544,1621.792,1258.826,1,27,13854.078,2675.7544,419.8205454545455,81.08346666666667,19.31383957849811,12,1191,1,3.7037037037037033,37.21875,2011-09,4,3,2,432,9,2.5,1203,Potential Loyalists,Convert to loyal. Recently active but spending below their cohort. Targeted category offers and a second-order incentive are justified here.,Relative label: recent but below-panel-average value. Not 'new' - see New Customers.
DOUG_O_CONNELL,Consumer,US,United States,2011-05-24,2014-12-05,30,68,222,13772.73292,11955.9984,1816.73452,3113.87708,1300.605,2,25,13772.73292,1816.73452,459.0910973333333,60.55781733333333,13.19080628770372,26,1291,1,8.0,44.51724137931034,2011-05,2,2,2,222,6,2.0,1317,At Risk,"Reactivate now. Previously valuable, engagement slipping. Time-boxed win-back offer plus a service check - review whether returns or late shipments preceded the drop-off.","Relative label. Median dormancy is only ~28 days; this is the second-lowest recency quintile of a highly active panel, NOT evidence of churn."
DUANE_BENOIT,Consumer,US,United States,2011-02-07,2014-12-19,23,42,147,13604.77684,12186.9785,1417.7983399999998,3448.50316,1437.612,3,20,13604.77684,1417.7983399999998,591.5120365217391,61.64340608695652,10.421327425463303,12,1411,1,15.0,64.13636363636364,2011-02,4,1,2,412,7,1.5,1423,Potential Loyalists,Convert to loyal. Recently active but spending below their cohort. Targeted category offers and a second-order incentive are justified here.,Relative label: recent but below-panel-average value. Not 'new' - see New Customers.
DUANE_HUFFMAN,Home Office,LATAM,United States,2011-04-13,2014-12-11,29,54,177,12479.1525,10328.009,2151.1435,1157.0475,1433.545,0,17,12479.1525,2151.1435,430.3156034482759,74.17736206896552,17.237897365225724,20,1338,1,0.0,47.785714285714285,2011-04,3,2,2,322,7,2.0,1358,Potential Loyalists,Convert to loyal. Recently active but spending below their cohort. Targeted category offers and a second-order incentive are justified here.,Relative label: recent but below-panel-average value. Not 'new' - see New Customers.
DUANE_NOONAN,Consumer,US,United States,2011-02-02,2014-12-19,29,60,187,14914.292,14680.7495,233.54250000000047,4348.878,1050.29,3,24,14914.292,233.54250000000047,514.2859310344828,8.05318965517243,1.565897328549022,12,1416,1,12.5,50.57142857142857,2011-02,4,2,3,423,9,2.5,1428,Potential Loyalists,Convert to loyal. Recently active but spending below their cohort. Targeted category offers and a second-order incentive are justified here.,Relative label: recent but below-panel-average value. Not 'new' - see New Customers.
EDWARD_BECKER,Corporate,US,United States,2011-02-08,2014-11-29,26,49,188,9429.144,7941.99,1487.1539999999998,1172.966,977.11,1,20,9429.144,1487.1539999999998,362.6593846153846,57.19823076923076,15.77188767082144,32,1390,1,5.0,55.6,2011-02,2,1,1,211,4,1.0,1422,At Risk,"Reactivate now. Previously valuable, engagement slipping. Time-boxed win-back offer plus a service check - review whether returns or late shipments preceded the drop-off.","Relative label. Median dormancy is only ~28 days; this is the second-lowest recency quintile of a highly active panel, NOT evidence of churn."
EDWARD_HOOKS,Corporate,US,United States,2011-01-17,2014-12-29,38,84,307,21270.298,20599.1046,671.1933999999997,4721.121999999999,1741.779,4,29,21270.298,671.1933999999997,559.7446842105263,17.662984210526307,3.155543001795272,2,1442,1,13.79310344827586,38.972972972972975,2011-01,5,5,5,555,15,5.0,1444,Champions,Protect. Highest value and most recently active. Give early access to new ranges and priority fulfilment; do NOT spend discount here - they already buy at the best margins.,Relative label: top recency and value quintiles within this 795-customer panel.
EDWARD_NAZZAL,Consumer,LATAM,France,2011-03-18,2014-12-17,28,46,147,7068.7724,6831.0729,237.69949999999972,1752.3476,917.894,2,20,7068.7724,237.69949999999972,252.45615714285717,8.489267857142847,3.362670157550974,14,1370,1,10.0,50.74074074074074,2011-03,3,2,1,321,6,1.5,1384,Potential Loyalists,Convert to loyal. Recently active but spending below their cohort. Targeted category offers and a second-order incentive are justified here.,Relative label: recent but below-panel-average value. Not 'new' - see New Customers.
ED_BRAXTON,Corporate,US,United States,2011-01-09,2014-11-13,33,65,230,15523.9141,14035.3065,1488.6075999999998,2660.3659,1415.966,1,30,15523.9141,1488.6075999999998,470.4216393939394,45.10932121212121,9.589125464176588,48,1404,1,3.333333333333333,43.875,2011-01,1,3,3,133,7,3.0,1452,Lost Customers,Reactivate cheaply or release. Longest dormancy in the panel. Use low-cost channels only; do not fund deep discounts to chase them.,"Relative label, and the most easily misread. Dormancy runs 36-428 days with a median near 49 - only 1 customer in the whole panel exceeds 180 days. These customers are not lost in any real sense; they are simply the least recent quintile."
ED_JACOBS,Consumer,LATAM,Brazil,2011-01-28,2014-11-12,30,45,143,10697.404,9487.4564,1209.9476,1164.896,1216.599,1,22,10697.404,1209.9476,356.5801333333333,40.33158666666667,11.31066565308742,49,1384,1,4.545454545454546,47.72413793103448,2011-01,1,2,1,121,4,1.5,1433,Lost Customers,Reactivate cheaply or release. Longest dormancy in the panel. Use low-cost channels only; do not fund deep discounts to chase them.,"Relative label, and the most easily misread. Dormancy runs 36-428 days with a median near 49 - only 1 customer in the whole panel exceeds 180 days. These customers are not lost in any real sense; they are simply the least recent quintile."
ED_LUDWIG,Home Office,LATAM,Iran,2011-03-01,2014-12-05,34,71,260,14207.254,13051.7146,1155.5394000000003,1878.956,1755.724,2,23,14207.254,1155.5394000000003,417.86041176470593,33.98645294117648,8.133446477412175,26,1375,1,8.695652173913043,41.66666666666666,2011-03,2,4,3,243,9,3.5,1401,At Risk,"Reactivate now. Previously valuable, engagement slipping. Time-boxed win-back offer plus a service check - review whether returns or late shipments preceded the drop-off.","Relative label. Median dormancy is only ~28 days; this is the second-lowest recency quintile of a highly active panel, NOT evidence of churn."
EILEEN_KIEFER,Home Office,APAC,United States,2011-03-18,2014-11-17,23,36,127,7128.4292,6362.9514,765.4778000000001,1256.5608,781.367,1,17,7128.4292,765.4778000000001,309.93170434782604,33.281643478260875,10.73837978218259,44,1340,1,5.88235294117647,60.90909090909091,2011-03,1,1,1,111,3,1.0,1384,Lost Customers,Reactivate cheaply or release. Longest dormancy in the panel. Use low-cost channels only; do not fund deep discounts to chase them.,"Relative label, and the most easily misread. Dormancy runs 36-428 days with a median near 49 - only 1 customer in the whole panel exceeds 180 days. These customers are not lost in any real sense; they are simply the least recent quintile."
ELENI_MCCRARY,Corporate,LATAM,United States,2011-06-08,2014-11-03,29,54,166,14582.60704,12685.2375,1897.36954,1525.51296,1698.187,2,23,14582.60704,1897.36954,502.8485186206897,65.42653586206896,13.011181984096032,58,1244,1,8.695652173913043,44.42857142857143,2011-06,1,2,3,123,6,2.5,1302,Lost Customers,Reactivate cheaply or release. Longest dormancy in the panel. Use low-cost channels only; do not fund deep discounts to chase them.,"Relative label, and the most easily misread. Dormancy runs 36-428 days with a median near 49 - only 1 customer in the whole panel exceeds 180 days. These customers are not lost in any real sense; they are simply the least recent quintile."
ELIZABETH_MOFFITT,Corporate,US,United States,2011-08-10,2014-11-06,32,64,194,14506.33616,12518.2638,1988.07236,1599.96384,1793.13,2,26,14506.33616,1988.07236,453.323005,62.12726125,13.704855161718518,55,1184,1,7.6923076923076925,38.193548387096776,2011-08,1,3,3,133,7,3.0,1239,Lost Customers,Reactivate cheaply or release. Longest dormancy in the panel. Use low-cost channels only; do not fund deep discounts to chase them.,"Relative label, and the most easily misread. Dormancy runs 36-428 days with a median near 49 - only 1 customer in the whole panel exceeds 180 days. These customers are not lost in any real sense; they are simply the least recent quintile."
ELLIS_BALLARD,Corporate,EU,United States,2011-02-02,2014-12-29,31,57,174,21985.89694,16137.1492,5848.74774,1678.9330599999998,2949.3250000000003,1,25,21985.89694,5848.74774,709.2224819354839,188.66928193548387,26.60227033703179,2,1426,1,4.0,47.53333333333333,2011-02,5,3,5,535,13,4.0,1428,Champions,Protect. Highest value and most recently active. Give early access to new ranges and priority fulfilment; do NOT spend discount here - they already buy at the best margins.,Relative label: top recency and value quintiles within this 795-customer panel.
ELPIDA_RITTENBACH,Corporate,LATAM,United States,2011-01-10,2014-11-08,26,53,187,17132.296,14546.5778,2585.7182,3719.744,1591.508,0,19,17132.296,2585.7182,658.9344615384615,99.45069999999996,15.092654247860295,53,1398,1,0.0,55.92,2011-01,1,1,4,114,6,2.5,1451,Lost Customers,Reactivate cheaply or release. Longest dormancy in the panel. Use low-cost channels only; do not fund deep discounts to chase them.,"Relative label, and the most easily misread. Dormancy runs 36-428 days with a median near 49 - only 1 customer in the whole panel exceeds 180 days. These customers are not lost in any real sense; they are simply the least recent quintile."
EMILY_BURNS,Consumer,US,United States,2011-04-02,2014-12-16,24,35,108,7035.8557,7015.297500000001,20.558199999999964,1585.5243,671.907,3,19,7035.8557,20.558199999999964,293.1606541666667,0.8565916666666652,0.292191893588721,15,1354,1,15.789473684210526,58.869565217391305,2011-04,3,1,1,311,5,1.0,1369,Potential Loyalists,Convert to loyal. Recently active but spending below their cohort. Targeted category offers and a second-order incentive are justified here.,Relative label: recent but below-panel-average value. Not 'new' - see New Customers.
EMILY_DUCICH,Home Office,EU,United States,2011-02-17,2014-12-16,39,76,259,18544.353,15971.9065,2572.4465,3048.4369999999994,2137.321,4,31,18544.353,2572.4465,475.4962307692308,65.96016666666667,13.871858996644423,15,1398,1,12.903225806451612,36.78947368421053,2011-02,3,5,4,354,12,4.5,1413,Loyal Customers,Grow basket size. Consistent buyers with room to move up. Cross-sell adjacent sub-categories and bundle the low-margin items they already buy.,Relative label: upper-middle recency and value within this panel.
EMILY_GRADY,Consumer,EU,United States,2011-02-25,2014-12-09,32,63,226,23112.30168,20508.0644,2604.2372800000007,4241.22832,2214.931,1,21,23112.30168,2604.2372800000007,722.2594275,81.38241500000002,11.267753926271876,22,1383,1,4.761904761904762,44.61290322580645,2011-02,2,3,5,235,10,4.0,1405,At Risk,"Reactivate now. Previously valuable, engagement slipping. Time-boxed win-back offer plus a service check - review whether returns or late shipments preceded the drop-off.","Relative label. Median dormancy is only ~28 days; this is the second-lowest recency quintile of a highly active panel, NOT evidence of churn."
EMILY_PHAN,Consumer,US,United States,2011-05-21,2014-12-19,36,72,254,16771.30774,14667.343,2103.96474,3562.8322600000006,1608.915,1,33,16771.30774,2103.96474,465.8696594444445,58.443465,12.545024947470196,12,1308,1,3.0303030303030303,37.371428571428574,2011-05,4,4,4,444,12,4.0,1320,Champions,Protect. Highest value and most recently active. Give early access to new ranges and priority fulfilment; do NOT spend discount here - they already buy at the best margins.,Relative label: top recency and value quintiles within this 795-customer panel.
ERICA_BERN,Corporate,LATAM,Brazil,2011-06-07,2014-12-31,41,77,250,16119.2213,13088.4869,3030.7344000000003,2193.2887,1878.927,3,32,16119.2213,3030.7344000000003,393.1517390243902,73.9203512195122,18.801990143283163,0,1303,1,9.375,32.575,2011-06,5,5,3,553,13,4.0,1303,Champions,Protect. Highest value and most recently active. Give early access to new ranges and priority fulfilment; do NOT spend discount here - they already buy at the best margins.,Relative label: top recency and value quintiles within this 795-customer panel.
ERICA_HACKNEY,Consumer,APAC,United States,2011-01-16,2014-11-28,32,51,171,9479.5736,7922.6541,1556.9195,1024.5264,962.246,1,26,9479.5736,1556.9195,296.236675,48.653734375,16.423940207605963,33,1412,1,3.8461538461538463,45.54838709677419,2011-01,2,3,1,231,6,2.0,1445,At Risk,"Reactivate now. Previously valuable, engagement slipping. Time-boxed win-back offer plus a service check - review whether returns or late shipments preceded the drop-off.","Relative label. Median dormancy is only ~28 days; this is the second-lowest recency quintile of a highly active panel, NOT evidence of churn."
ERICA_HERNANDEZ,Home Office,APAC,United States,2011-02-09,2014-12-29,35,57,199,13004.6121,12209.9608,794.6512999999999,3407.4079,1812.159,2,28,13004.6121,794.6512999999999,371.56034571428575,22.70432285714285,6.11053443108849,2,1419,1,7.142857142857142,41.73529411764706,2011-02,5,4,2,542,11,3.0,1421,Loyal Customers,Grow basket size. Consistent buyers with room to move up. Cross-sell adjacent sub-categories and bundle the low-margin items they already buy.,Relative label: upper-middle recency and value within this panel.
ERICA_SMITH,Consumer,EU,China,2011-05-19,2014-12-31,39,67,220,14720.05094,11592.6745,3127.37644,2209.5090599999994,1485.686,2,32,14720.05094,3127.37644,377.4372035897436,80.18913948717949,21.245690335905863,0,1322,1,6.25,34.78947368421053,2011-05,5,5,3,553,13,4.0,1322,Champions,Protect. Highest value and most recently active. Give early access to new ranges and priority fulfilment; do NOT spend discount here - they already buy at the best margins.,Relative label: top recency and value quintiles within this 795-customer panel.
ERIC_BARRETO,Consumer,APAC,United States,2011-02-03,2014-12-24,27,48,150,11967.4679,9875.7258,2091.7421000000004,1795.8421,1157.277,0,18,11967.4679,2091.7421000000004,443.23955185185184,77.47192962962964,17.47856871209991,7,1420,1,0.0,54.61538461538461,2011-02,4,1,2,412,7,1.5,1427,Potential Loyalists,Convert to loyal. Recently active but spending below their cohort. Targeted category offers and a second-order incentive are justified here.,Relative label: recent but below-panel-average value. Not 'new' - see New Customers.
ERIC_HOFFMANN,Consumer,LATAM,United States,2011-04-21,2014-11-04,36,71,229,10351.42602,8101.3712,2250.05482,1031.55398,1254.898,3,27,10351.42602,2250.05482,287.5396116666667,62.50152277777777,21.736665225184108,57,1293,1,11.11111111111111,36.94285714285714,2011-04,1,4,1,141,6,2.5,1350,Lost Customers,Reactivate cheaply or release. Longest dormancy in the panel. Use low-cost channels only; do not fund deep discounts to chase them.,"Relative label, and the most easily misread. Dormancy runs 36-428 days with a median near 49 - only 1 customer in the whole panel exceeds 180 days. These customers are not lost in any real sense; they are simply the least recent quintile."
ERIC_MURDOCK,Consumer,APAC,Australia,2011-01-11,2014-12-29,45,100,392,28084.40348,24778.388000000003,3306.01548,4773.48652,3127.888,4,37,28084.40348,3306.01548,624.0978551111111,73.46701066666667,11.771713372350396,2,1448,1,10.81081081081081,32.90909090909091,2011-01,5,5,5,555,15,5.0,1450,Champions,Protect. Highest value and most recently active. Give early access to new ranges and priority fulfilment; do NOT spend discount here - they already buy at the best margins.,Relative label: top recency and value quintiles within this 795-customer panel.
ERIN_ASHBROOK,Corporate,US,United States,2011-02-21,2014-09-29,34,72,246,11518.87572,10650.8156,868.0601199999999,3123.62428,1226.011,2,31,11518.87572,868.0601199999999,338.7904623529412,25.53118,7.535979561727574,93,1316,1,6.451612903225806,39.87878787878788,2011-02,1,4,1,141,6,2.5,1409,Lost Customers,Reactivate cheaply or release. Longest dormancy in the panel. Use low-cost channels only; do not fund deep discounts to chase them.,"Relative label, and the most easily misread. Dormancy runs 36-428 days with a median near 49 - only 1 customer in the whole panel exceeds 180 days. These customers are not lost in any real sense; they are simply the least recent quintile."
ERIN_CREIGHTON,Consumer,APAC,United States,2011-04-11,2014-11-08,26,58,177,6731.551100000001,5899.7784,831.7727,1028.8989,708.6949999999999,0,19,6731.551100000001,831.7727,258.90581153846153,31.99125769230769,12.356330474858906,53,1307,1,0.0,52.28,2011-04,1,1,1,111,3,1.0,1360,Lost Customers,Reactivate cheaply or release. Longest dormancy in the panel. Use low-cost channels only; do not fund deep discounts to chase them.,"Relative label, and the most easily misread. Dormancy runs 36-428 days with a median near 49 - only 1 customer in the whole panel exceeds 180 days. These customers are not lost in any real sense; they are simply the least recent quintile."
ERIN_MULL,Consumer,LATAM,United States,2011-07-22,2014-12-15,26,62,216,15321.55558,11382.0954,3939.46018,981.47442,2013.564,2,17,15321.55558,3939.46018,589.2905992307692,151.51769923076924,25.711881273611517,16,1242,1,11.76470588235294,49.68,2011-07,3,1,3,313,7,2.0,1258,Potential Loyalists,Convert to loyal. Recently active but spending below their cohort. Targeted category offers and a second-order incentive are justified here.,Relative label: recent but below-panel-average value. Not 'new' - see New Customers.
ERIN_SMITH,Corporate,US,United States,2011-02-02,2014-12-03,33,74,232,18161.5498,15986.2579,2175.2919,3663.7602,1886.639,3,24,18161.5498,2175.2919,550.3499939393939,65.91793636363636,11.977457452447144,28,1400,1,12.5,43.75,2011-02,2,3,4,234,9,3.5,1428,At Risk,"Reactivate now. Previously valuable, engagement slipping. Time-boxed win-back offer plus a service check - review whether returns or late shipments preceded the drop-off.","Relative label. Median dormancy is only ~28 days; this is the second-lowest recency quintile of a highly active panel, NOT evidence of churn."
EUDOKIA_MARTIN,Corporate,EU,United States,2011-04-29,2014-12-23,26,61,191,13723.2597,11958.4758,1764.7839,2333.6103,1313.218,2,17,13723.2597,1764.7839,527.8176807692308,67.87630384615385,12.859801086472189,8,1334,1,11.76470588235294,53.36,2011-04,4,1,2,412,7,1.5,1342,Potential Loyalists,Convert to loyal. Recently active but spending below their cohort. Targeted category offers and a second-order incentive are justified here.,Relative label: recent but below-panel-average value. Not 'new' - see New Customers.
EUGENE_BARCHAS,Consumer,EU,United States,2011-03-14,2014-12-11,34,64,196,16083.2243,13189.5604,2893.6639,3775.7557,2064.324,2,24,16083.2243,2893.6639,473.0360088235294,85.10776176470587,17.99181461393907,20,1368,1,8.333333333333332,41.45454545454545,2011-03,3,4,3,343,10,3.5,1388,Loyal Customers,Grow basket size. Consistent buyers with room to move up. Cross-sell adjacent sub-categories and bundle the low-margin items they already buy.,Relative label: upper-middle recency and value within this panel.
EUGENE_HILDEBRAND,Home Office,US,United States,2011-05-13,2014-12-09,44,86,287,22420.53362,20760.2028,1660.3308200000004,5717.86638,2641.065,4,31,22420.53362,1660.3308200000004,509.5575822727273,37.73479136363637,7.40540278006104,22,1306,1,12.903225806451612,30.37209302325581,2011-05,2,5,5,255,12,5.0,1328,At Risk,"Reactivate now. Previously valuable, engagement slipping. Time-boxed win-back offer plus a service check - review whether returns or late shipments preceded the drop-off.","Relative label. Median dormancy is only ~28 days; this is the second-lowest recency quintile of a highly active panel, NOT evidence of churn."
EUGENE_MOREN,Home Office,APAC,United States,2011-01-01,2014-12-07,36,94,346,23408.08226,19783.8305,3624.25176,3203.59774,2360.452,3,30,23408.08226,3624.25176,650.2245072222222,100.67366,15.4829076544778,24,1436,1,10.0,41.02857142857143,2011-01,2,4,5,245,11,4.5,1460,At Risk,"Reactivate now. Previously valuable, engagement slipping. Time-boxed win-back offer plus a service check - review whether returns or late shipments preceded the drop-off.","Relative label. Median dormancy is only ~28 days; this is the second-lowest recency quintile of a highly active panel, NOT evidence of churn."
EVAN_BAILLIET,Consumer,LATAM,United States,2011-04-20,2014-12-12,29,47,176,8004.0591,7438.4359,565.6232,1144.7109,706.448,3,23,8004.0591,565.6232,276.0020379310345,19.504248275862068,7.066704442499681,19,1332,1,13.043478260869565,47.57142857142857,2011-04,3,2,1,321,6,1.5,1351,Potential Loyalists,Convert to loyal. Recently active but spending below their cohort. Targeted category offers and a second-order incentive are justified here.,Relative label: recent but below-panel-average value. Not 'new' - see New Customers.
EVAN_HENRY,Consumer,APAC,United States,2011-02-02,2014-10-25,37,61,193,16378.28382,14096.7733,2281.51052,3367.97618,1676.131,2,29,16378.28382,2281.51052,442.6563194594595,61.66244648648648,13.930095149615006,67,1361,1,6.896551724137931,37.80555555555556,2011-02,1,4,3,143,8,3.5,1428,Lost Customers,Reactivate cheaply or release. Longest dormancy in the panel. Use low-cost channels only; do not fund deep discounts to chase them.,"Relative label, and the most easily misread. Dormancy runs 36-428 days with a median near 49 - only 1 customer in the whole panel exceeds 180 days. These customers are not lost in any real sense; they are simply the least recent quintile."
EVAN_MINNOTTE,Home Office,LATAM,United States,2011-05-04,2014-11-20,27,66,232,19673.67566,16026.2199,3647.45576,2692.424340000001,2850.947,1,23,19673.67566,3647.45576,728.6546540740741,135.09095407407406,18.539777838342182,41,1296,1,4.3478260869565215,49.84615384615385,2011-05,1,1,4,114,6,2.5,1337,Lost Customers,Reactivate cheaply or release. Longest dormancy in the panel. Use low-cost channels only; do not fund deep discounts to chase them.,"Relative label, and the most easily misread. Dormancy runs 36-428 days with a median near 49 - only 1 customer in the whole panel exceeds 180 days. These customers are not lost in any real sense; they are simply the least recent quintile."
EVA_JACOBS,Consumer,APAC,United States,2011-03-03,2014-12-09,28,49,174,14956.8346,12162.2655,2794.5691,2097.4254,1139.528,0,23,14956.8346,2794.5691,534.1726642857143,99.80603928571428,18.684228145439278,22,1377,1,0.0,51.0,2011-03,2,2,3,223,7,2.5,1399,At Risk,"Reactivate now. Previously valuable, engagement slipping. Time-boxed win-back offer plus a service check - review whether returns or late shipments preceded the drop-off.","Relative label. Median dormancy is only ~28 days; this is the second-lowest recency quintile of a highly active panel, NOT evidence of churn."
FILIA_MCADAMS,Corporate,US,United States,2011-01-25,2014-12-24,37,69,237,17289.0118,15894.9872,1394.0245999999995,3681.7582,2070.307,2,31,17289.0118,1394.0245999999995,467.2705891891892,37.67634054054053,8.06306697066399,7,1429,1,6.451612903225806,39.69444444444444,2011-01,4,4,4,444,12,4.0,1436,Champions,Protect. Highest value and most recently active. Give early access to new ranges and priority fulfilment; do NOT spend discount here - they already buy at the best margins.,Relative label: top recency and value quintiles within this 795-customer panel.
FRANK_ATKINSON,Corporate,EU,United States,2011-05-25,2014-12-09,35,62,229,14349.6348,12853.4411,1496.1936999999998,3570.9052,1266.547,1,29,14349.6348,1496.1936999999998,409.9895657142857,42.74839142857142,10.42670228792164,22,1294,1,3.4482758620689653,38.05882352941177,2011-05,2,4,3,243,9,3.5,1316,At Risk,"Reactivate now. Previously valuable, engagement slipping. Time-boxed win-back offer plus a service check - review whether returns or late shipments preceded the drop-off.","Relative label. Median dormancy is only ~28 days; this is the second-lowest recency quintile of a highly active panel, NOT evidence of churn."
FRANK_CARLISLE,Home Office,APAC,United States,2011-04-20,2014-11-19,29,51,177,12408.4468,9627.6558,2780.791,1125.6432,1494.196,1,23,12408.4468,2780.791,427.8774758620689,95.8893448275862,22.410468004746576,42,1309,1,4.3478260869565215,46.75,2011-04,1,2,2,122,5,2.0,1351,Lost Customers,Reactivate cheaply or release. Longest dormancy in the panel. Use low-cost channels only; do not fund deep discounts to chase them.,"Relative label, and the most easily misread. Dormancy runs 36-428 days with a median near 49 - only 1 customer in the whole panel exceeds 180 days. These customers are not lost in any real sense; they are simply the least recent quintile."
FRANK_GASTINEAU,Home Office,US,United States,2011-05-21,2014-11-27,27,44,156,9704.7165,8670.6043,1034.1122,1518.0735,1253.152,0,18,9704.7165,1034.1122,359.4339444444445,38.300451851851854,10.655769284965718,34,1286,1,0.0,49.46153846153846,2011-05,2,1,1,211,4,1.0,1320,At Risk,"Reactivate now. Previously valuable, engagement slipping. Time-boxed win-back offer plus a service check - review whether returns or late shipments preceded the drop-off.","Relative label. Median dormancy is only ~28 days; this is the second-lowest recency quintile of a highly active panel, NOT evidence of churn."
FRANK_HAWLEY,Corporate,US,United States,2011-03-02,2014-12-27,28,48,160,13682.63,10135.0544,3547.5756,1515.11,1517.124,0,23,13682.63,3547.5756,488.6653571428571,126.69912857142856,25.92758555920901,4,1396,1,0.0,51.7037037037037,2011-03,5,2,2,522,9,2.0,1400,Potential Loyalists,Convert to loyal. Recently active but spending below their cohort. Targeted category offers and a second-order incentive are justified here.,Relative label: recent but below-panel-average value. Not 'new' - see New Customers.
FRANK_MERWIN,Home Office,LATAM,United States,2011-08-26,2014-12-29,38,77,272,16385.02922,13783.7385,2601.29072,2262.99078,1501.537,3,30,16385.02922,2601.29072,431.1849794736842,68.45501894736842,15.876021245203493,2,1221,1,10.0,33.0,2011-08,5,5,4,554,14,4.5,1223,Champions,Protect. Highest value and most recently active. Give early access to new ranges and priority fulfilment; do NOT spend discount here - they already buy at the best margins.,Relative label: top recency and value quintiles within this 795-customer panel.
FRANK_OLSEN,Consumer,EU,United States,2011-01-25,2014-12-09,47,85,296,17772.661500000002,14748.9111,3023.7503999999994,2236.1685,2074.225,2,37,17772.661500000002,3023.7503999999994,378.14173404255325,64.335114893617,17.013492323589233,22,1414,1,5.405405405405405,30.73913043478261,2011-01,2,5,4,254,11,4.5,1436,At Risk,"Reactivate now. Previously valuable, engagement slipping. Time-boxed win-back offer plus a service check - review whether returns or late shipments preceded the drop-off.","Relative label. Median dormancy is only ~28 days; this is the second-lowest recency quintile of a highly active panel, NOT evidence of churn."
FRANK_PREIS,Consumer,APAC,United States,2011-06-29,2014-12-08,34,55,211,10755.6322,9818.4387,937.1934999999996,3200.4578,738.892,1,29,10755.6322,937.1934999999996,316.34212352941177,27.564514705882345,8.713513836964411,23,1258,1,3.4482758620689653,38.121212121212125,2011-06,2,4,1,241,7,2.5,1281,At Risk,"Reactivate now. Previously valuable, engagement slipping. Time-boxed win-back offer plus a service check - review whether returns or late shipments preceded the drop-off.","Relative label. Median dormancy is only ~28 days; this is the second-lowest recency quintile of a highly active panel, NOT evidence of churn."
FRED_CHUNG,Corporate,US,United States,2011-03-15,2014-09-15,27,51,156,9321.68964,7824.9934,1496.6962399999998,1272.32036,940.012,0,23,9321.68964,1496.6962399999998,345.24776444444444,55.43319407407407,16.056061699132044,107,1280,1,0.0,49.23076923076923,2011-03,1,1,1,111,3,1.0,1387,Lost Customers,Reactivate cheaply or release. Longest dormancy in the panel. Use low-cost channels only; do not fund deep discounts to chase them.,"Relative label, and the most easily misread. Dormancy runs 36-428 days with a median near 49 - only 1 customer in the whole panel exceeds 180 days. These customers are not lost in any real sense; they are simply the least recent quintile."
FRED_HARTON,Consumer,EU,United States,2011-09-16,2014-12-30,23,42,138,10765.00982,7876.975,2888.03482,601.9001800000001,866.626,0,20,10765.00982,2888.03482,468.0439052173913,125.56673130434784,26.82798128650477,1,1201,1,0.0,54.59090909090909,2011-09,5,1,1,511,7,1.0,1202,Potential Loyalists,Convert to loyal. Recently active but spending below their cohort. Targeted category offers and a second-order incentive are justified here.,Relative label: recent but below-panel-average value. Not 'new' - see New Customers.
FRED_HOPKINS,Corporate,EMEA,United States,2011-05-30,2014-12-30,39,82,290,30400.67452,25791.3834,4609.29112,3068.19548,3537.07,4,30,30400.67452,4609.29112,779.5044748717949,118.1869517948718,15.161805429572423,1,1310,1,13.333333333333334,34.473684210526315,2011-05,5,5,5,555,15,5.0,1311,Champions,Protect. Highest value and most recently active. Give early access to new ranges and priority fulfilment; do NOT spend discount here - they already buy at the best margins.,Relative label: top recency and value quintiles within this 795-customer panel.
FRED_MCMATH,Consumer,US,United States,2011-02-25,2014-12-30,27,46,142,7441.9377,6426.4262,1015.5115000000004,1976.4123,857.1759999999999,2,21,7441.9377,1015.5115000000004,275.62732222222223,37.611537037037046,13.645794159228185,1,1404,1,9.523809523809524,54.0,2011-02,5,1,1,511,7,1.0,1405,Potential Loyalists,Convert to loyal. Recently active but spending below their cohort. Targeted category offers and a second-order incentive are justified here.,Relative label: recent but below-panel-average value. Not 'new' - see New Customers.
FRED_WASSERMAN,Corporate,LATAM,Brazil,2011-04-25,2014-12-31,34,72,234,18193.5591,16509.7687,1683.7904,4412.900900000001,1702.042,1,26,18193.5591,1683.7904,535.1046794117648,49.52324705882353,9.254870862513096,0,1346,1,3.8461538461538463,40.78787878787879,2011-04,5,4,4,544,13,4.0,1346,Champions,Protect. Highest value and most recently active. Give early access to new ranges and priority fulfilment; do NOT spend discount here - they already buy at the best margins.,Relative label: top recency and value quintiles within this 795-customer panel.
GARY_HANSEN,Home Office,EU,United States,2011-04-22,2014-12-11,45,76,270,15269.81598,14656.0105,613.8054799999998,4428.55402,1657.25,2,36,15269.81598,613.8054799999998,339.329244,13.640121777777772,4.019730694881627,20,1329,1,5.555555555555555,30.204545454545453,2011-04,3,5,3,353,11,4.0,1349,Loyal Customers,Grow basket size. Consistent buyers with room to move up. Cross-sell adjacent sub-categories and bundle the low-margin items they already buy.,Relative label: upper-middle recency and value within this panel.
GARY_HWANG,Consumer,EU,France,2011-01-25,2014-12-13,41,102,377,24625.593,20717.4779,3908.1151,3790.397,2458.017,4,31,24625.593,3908.1151,600.6242195121952,95.31988048780488,15.870136000379768,18,1418,1,12.903225806451612,35.45,2011-01,3,5,5,355,13,5.0,1436,Loyal Customers,Grow basket size. Consistent buyers with room to move up. Cross-sell adjacent sub-categories and bundle the low-margin items they already buy.,Relative label: upper-middle recency and value within this panel.
GARY_MCGARR,Consumer,APAC,United States,2011-03-21,2014-12-30,34,58,189,16517.67788,14852.664,1665.0138799999995,3140.4321199999995,2306.217,1,26,16517.67788,1665.0138799999995,485.8140552941176,48.97099647058822,10.080193427285794,1,1380,1,3.8461538461538463,41.81818181818182,2011-03,5,4,4,544,13,4.0,1381,Champions,Protect. Highest value and most recently active. Give early access to new ranges and priority fulfilment; do NOT spend discount here - they already buy at the best margins.,Relative label: top recency and value quintiles within this 795-customer panel.
GARY_MITCHUM,Home Office,APAC,United States,2011-04-11,2014-12-15,21,43,148,11012.079,8139.972600000001,2872.1064,1349.4309999999998,1206.921,1,17,11012.079,2872.1064,524.3847142857143,136.76697142857142,26.08141841336227,16,1344,1,5.88235294117647,67.2,2011-04,3,1,1,311,5,1.0,1360,Potential Loyalists,Convert to loyal. Recently active but spending below their cohort. Targeted category offers and a second-order incentive are justified here.,Relative label: recent but below-panel-average value. Not 'new' - see New Customers.
GARY_ZANDUSKY,Consumer,LATAM,United States,2011-02-15,2014-12-24,43,78,255,24705.325,20962.8861,3742.4389,4486.085,2130.388,1,35,24705.325,3742.4389,574.5424418604651,87.03346279069767,15.1483087148216,7,1408,1,2.857142857142857,33.523809523809526,2011-02,4,5,5,455,14,5.0,1415,Champions,Protect. Highest value and most recently active. Give early access to new ranges and priority fulfilment; do NOT spend discount here - they already buy at the best margins.,Relative label: top recency and value quintiles within this 795-customer panel.
GENE_HALE,Corporate,EU,France,2011-02-01,2014-11-10,25,50,208,15487.2962,13191.3438,2295.9524,1852.7138,1182.669,0,21,15487.2962,2295.9524,619.491848,91.838096,14.82474649125649,51,1378,1,0.0,57.41666666666666,2011-02,1,1,3,113,5,2.0,1429,Lost Customers,Reactivate cheaply or release. Longest dormancy in the panel. Use low-cost channels only; do not fund deep discounts to chase them.,"Relative label, and the most easily misread. Dormancy runs 36-428 days with a median near 49 - only 1 customer in the whole panel exceeds 180 days. These customers are not lost in any real sense; they are simply the least recent quintile."
GENE_MCCLURE,Consumer,US,United States,2011-07-23,2014-09-18,28,47,175,11002.55562,9449.3035,1553.25212,1483.0343799999998,1177.205,1,23,11002.55562,1553.25212,392.948415,55.47329,14.11719398333748,104,1153,1,4.3478260869565215,42.7037037037037,2011-07,1,2,1,121,4,1.5,1257,Lost Customers,Reactivate cheaply or release. Longest dormancy in the panel. Use low-cost channels only; do not fund deep discounts to chase them.,"Relative label, and the most easily misread. Dormancy runs 36-428 days with a median near 49 - only 1 customer in the whole panel exceeds 180 days. These customers are not lost in any real sense; they are simply the least recent quintile."
GEORGE_ASHBROOK,Consumer,LATAM,United States,2011-05-02,2014-12-09,31,58,216,13807.06132,13014.717,792.3443199999999,4194.63868,1474.978,0,24,13807.06132,792.3443199999999,445.3890748387097,25.559494193548385,5.738689078263613,22,1317,1,0.0,43.9,2011-05,2,3,2,232,7,2.5,1339,At Risk,"Reactivate now. Previously valuable, engagement slipping. Time-boxed win-back offer plus a service check - review whether returns or late shipments preceded the drop-off.","Relative label. Median dormancy is only ~28 days; this is the second-lowest recency quintile of a highly active panel, NOT evidence of churn."
GEORGE_BELL,Corporate,US,United States,2011-02-07,2014-11-28,30,56,185,12183.653,11527.3629,656.2901000000004,2275.047,938.353,1,25,12183.653,656.2901000000004,406.1217666666667,21.87633666666668,5.386644711565574,33,1390,1,4.0,47.93103448275862,2011-02,2,2,2,222,6,2.0,1423,At Risk,"Reactivate now. Previously valuable, engagement slipping. Time-boxed win-back offer plus a service check - review whether returns or late shipments preceded the drop-off.","Relative label. Median dormancy is only ~28 days; this is the second-lowest recency quintile of a highly active panel, NOT evidence of churn."
GEORGE_ZREBASSA,Corporate,APAC,Mexico,2011-06-29,2014-12-01,30,52,200,15292.1188,11186.521,4105.5978000000005,1490.7412,1218.158,1,24,15292.1188,4105.5978000000005,509.73729333333335,136.85326,26.8478021502161,30,1251,1,4.166666666666666,43.13793103448276,2011-06,2,2,3,223,7,2.5,1281,At Risk,"Reactivate now. Previously valuable, engagement slipping. Time-boxed win-back offer plus a service check - review whether returns or late shipments preceded the drop-off.","Relative label. Median dormancy is only ~28 days; this is the second-lowest recency quintile of a highly active panel, NOT evidence of churn."
GEORGIA_ROSENBERG,Corporate,APAC,Mexico,2011-03-08,2014-11-12,30,62,212,13850.58654,13354.3068,496.2797400000003,2723.33346,1816.204,1,24,13850.58654,496.2797400000003,461.686218,16.54265800000001,3.583095478063417,49,1345,1,4.166666666666666,46.37931034482759,2011-03,1,2,2,122,5,2.0,1394,Lost Customers,Reactivate cheaply or release. Longest dormancy in the panel. Use low-cost channels only; do not fund deep discounts to chase them.,"Relative label, and the most easily misread. Dormancy runs 36-428 days with a median near 49 - only 1 customer in the whole panel exceeds 180 days. These customers are not lost in any real sense; they are simply the least recent quintile."
GIULIETTA_BAPTIST,Consumer,EU,United States,2011-12-08,2014-12-18,30,66,234,12570.90438,10937.6387,1633.26568,1426.07562,1200.943,0,24,12570.90438,1633.26568,419.030146,54.44218933333333,12.992427836763165,13,1106,1,0.0,38.13793103448276,2011-12,3,2,2,322,7,2.0,1119,Potential Loyalists,Convert to loyal. Recently active but spending below their cohort. Targeted category offers and a second-order incentive are justified here.,Relative label: recent but below-panel-average value. Not 'new' - see New Customers.
GIULIETTA_DORTCH,Corporate,APAC,Australia,2011-02-02,2014-12-26,33,56,218,18705.6926,16817.5427,1888.1499,3976.3274,1498.517,1,29,18705.6926,1888.1499,566.8391696969697,57.21666363636363,10.093985506850462,5,1423,1,3.4482758620689653,44.46875,2011-02,5,3,4,534,12,3.5,1428,Loyal Customers,Grow basket size. Consistent buyers with room to move up. Cross-sell adjacent sub-categories and bundle the low-margin items they already buy.,Relative label: upper-middle recency and value within this panel.
GIULIETTA_WEIMER,Consumer,APAC,United States,2011-03-01,2014-12-17,33,57,215,18070.2805,16871.2213,1199.0592,3499.6095,1921.072,1,25,18070.2805,1199.0592,547.5842575757576,36.33512727272727,6.635531750600107,14,1387,1,4.0,43.34375,2011-03,3,3,4,334,10,3.5,1401,Loyal Customers,Grow basket size. Consistent buyers with room to move up. Cross-sell adjacent sub-categories and bundle the low-margin items they already buy.,Relative label: upper-middle recency and value within this panel.
GRACE_KELLY,Corporate,US,United States,2011-01-06,2014-12-19,28,65,236,19980.3709,16485.0775,3495.2934000000005,2537.1291,1972.351,1,24,19980.3709,3495.2934000000005,713.5846750000001,124.83190714285716,17.493636216733094,12,1443,1,4.166666666666666,53.44444444444444,2011-01,4,2,5,425,11,3.5,1455,Loyal Customers,Grow basket size. Consistent buyers with room to move up. Cross-sell adjacent sub-categories and bundle the low-margin items they already buy.,Relative label: upper-middle recency and value within this panel.
GRANT_THORNTON,Corporate,EU,United Kingdom,2011-01-04,2014-12-22,27,48,182,20225.35784,23803.2809,-3577.92306,11404.41216,1704.601,1,20,20225.35784,-3577.92306,749.0873274074073,-132.51566888888888,-17.690283100573314,9,1448,1,5.0,55.69230769230769,2011-01,4,1,5,415,10,3.0,1457,Loyal Customers,Grow basket size. Consistent buyers with room to move up. Cross-sell adjacent sub-categories and bundle the low-margin items they already buy.,Relative label: upper-middle recency and value within this panel.
GREG_GUTHRIE,Corporate,EU,United States,2011-01-10,2014-11-28,33,75,279,13903.38476,12379.8615,1523.5232599999997,1975.57524,1644.544,2,28,13903.38476,1523.5232599999997,421.3146896969697,46.16737151515151,10.957930649975047,33,1418,1,7.142857142857142,44.3125,2011-01,2,3,2,232,7,2.5,1451,At Risk,"Reactivate now. Previously valuable, engagement slipping. Time-boxed win-back offer plus a service check - review whether returns or late shipments preceded the drop-off.","Relative label. Median dormancy is only ~28 days; this is the second-lowest recency quintile of a highly active panel, NOT evidence of churn."
GREG_HANSEN,Consumer,APAC,Australia,2011-01-24,2014-12-30,38,65,240,13998.52062,12413.851,1584.66962,2930.31938,1666.398,2,29,13998.52062,1584.66962,368.3821215789474,41.70183210526316,11.320264926680515,1,1436,1,6.896551724137931,38.810810810810814,2011-01,5,5,3,553,13,4.0,1437,Champions,Protect. Highest value and most recently active. Give early access to new ranges and priority fulfilment; do NOT spend discount here - they already buy at the best margins.,Relative label: top recency and value quintiles within this 795-customer panel.
GREG_MATTHIAS,Consumer,APAC,Australia,2011-01-13,2014-12-30,37,74,235,13601.01144,14938.9315,-1337.92006,5315.99856,1733.823,1,31,13601.01144,-1337.92006,367.59490378378376,-36.16000162162162,-9.836915922776402,1,1447,1,3.225806451612903,40.19444444444444,2011-01,5,4,2,542,11,3.0,1448,Loyal Customers,Grow basket size. Consistent buyers with room to move up. Cross-sell adjacent sub-categories and bundle the low-margin items they already buy.,Relative label: upper-middle recency and value within this panel.
GREG_MAXWELL,Corporate,LATAM,United States,2011-04-05,2014-11-14,26,64,203,15356.444,15367.8025,-11.358499999999168,4393.046,1822.515,0,19,15356.444,-11.358499999999168,590.6324615384615,-0.4368653846153526,-0.0739656915363945,47,1319,1,0.0,52.76,2011-04,1,1,3,113,5,2.0,1366,Lost Customers,Reactivate cheaply or release. Longest dormancy in the panel. Use low-cost channels only; do not fund deep discounts to chase them.,"Relative label, and the most easily misread. Dormancy runs 36-428 days with a median near 49 - only 1 customer in the whole panel exceeds 180 days. These customers are not lost in any real sense; they are simply the least recent quintile."
GREG_TRAN,Consumer,US,United States,2011-03-08,2014-12-23,34,87,310,35550.95428,30336.8231,5214.131179999999,4398.405719999999,2993.288,1,30,35550.95428,5214.131179999999,1045.6163023529411,153.35679941176468,14.666641966720222,8,1386,1,3.333333333333333,42.0,2011-03,4,4,5,445,13,4.5,1394,Champions,Protect. Highest value and most recently active. Give early access to new ranges and priority fulfilment; do NOT spend discount here - they already buy at the best margins.,Relative label: top recency and value quintiles within this 795-customer panel.
GUY_ARMSTRONG,Consumer,US,United States,2011-02-12,2014-12-29,28,64,208,10278.3415,9506.3641,771.9774,2532.0585,965.944,3,24,10278.3415,771.9774,367.083625,27.570621428571428,7.510719506644141,2,1416,1,12.5,52.44444444444444,2011-02,5,2,1,521,8,1.5,1418,Potential Loyalists,Convert to loyal. Recently active but spending below their cohort. Targeted category offers and a second-order incentive are justified here.,Relative label: recent but below-panel-average value. Not 'new' - see New Customers.
GUY_PHONELY,Corporate,EU,France,2011-04-06,2014-12-30,33,74,256,15403.832,14153.7224,1250.1095999999998,2354.508,2590.366,0,25,15403.832,1250.1095999999998,466.7827878787879,37.88210909090908,8.11557539708301,1,1364,1,0.0,42.625,2011-04,5,3,3,533,11,3.0,1365,Loyal Customers,Grow basket size. Consistent buyers with room to move up. Cross-sell adjacent sub-categories and bundle the low-margin items they already buy.,Relative label: upper-middle recency and value within this panel.
GUY_THORNTON,Consumer,EU,United States,2011-03-30,2014-12-31,31,62,195,9059.28452,8275.1052,784.17932,1195.14548,1249.974,2,23,9059.28452,784.17932,292.2349845161291,25.296107096774197,8.656084465266357,0,1372,1,8.695652173913043,45.73333333333333,2011-03,5,3,1,531,9,2.0,1372,Potential Loyalists,Convert to loyal. Recently active but spending below their cohort. Targeted category offers and a second-order incentive are justified here.,Relative label: recent but below-panel-average value. Not 'new' - see New Customers.
HALLIE_REDMOND,Home Office,EU,United States,2011-02-09,2014-12-18,26,61,206,15677.251,13971.9786,1705.2724,2209.019,1337.534,0,18,15677.251,1705.2724,602.9711923076923,65.5874,10.87736874277257,13,1408,1,0.0,56.32,2011-02,3,1,3,313,7,2.0,1421,Potential Loyalists,Convert to loyal. Recently active but spending below their cohort. Targeted category offers and a second-order incentive are justified here.,Relative label: recent but below-panel-average value. Not 'new' - see New Customers.
HAROLD_DAHLEN,Home Office,LATAM,China,2011-05-11,2014-11-19,36,81,249,20074.7482,17443.556,2631.1922000000004,4100.2718,2047.086,1,29,20074.7482,2631.1922000000004,557.6318944444445,73.08867222222223,13.106974861084437,42,1288,1,3.4482758620689653,36.8,2011-05,1,4,5,145,10,4.5,1330,Lost Customers,Reactivate cheaply or release. Longest dormancy in the panel. Use low-cost channels only; do not fund deep discounts to chase them.,"Relative label, and the most easily misread. Dormancy runs 36-428 days with a median near 49 - only 1 customer in the whole panel exceeds 180 days. These customers are not lost in any real sense; they are simply the least recent quintile."
HAROLD_ENGLE,Corporate,LATAM,Brazil,2011-01-30,2014-12-25,35,71,240,10993.81722,9283.3792,1710.43802,1794.49278,1451.867,0,27,10993.81722,1710.43802,314.10906342857146,48.86965771428572,15.558181346587824,6,1425,1,0.0,41.91176470588236,2011-01,4,4,1,441,9,2.5,1431,Potential Loyalists,Convert to loyal. Recently active but spending below their cohort. Targeted category offers and a second-order incentive are justified here.,Relative label: recent but below-panel-average value. Not 'new' - see New Customers.
HAROLD_PAWLAN,Home Office,LATAM,United States,2011-03-25,2014-12-01,29,45,157,8518.1215,7637.900299999999,880.2212,1273.9384999999995,825.719,0,24,8518.1215,880.2212,293.7283275862069,30.35245517241379,10.333513087363215,30,1347,1,0.0,48.10714285714285,2011-03,2,2,1,221,5,1.5,1377,At Risk,"Reactivate now. Previously valuable, engagement slipping. Time-boxed win-back offer plus a service check - review whether returns or late shipments preceded the drop-off.","Relative label. Median dormancy is only ~28 days; this is the second-lowest recency quintile of a highly active panel, NOT evidence of churn."
HAROLD_RYAN,Corporate,US,United States,2011-09-15,2014-11-10,24,44,130,10029.09236,8573.0566,1456.03576,2428.83764,1443.1529999999998,1,21,10029.09236,1456.03576,417.8788483333333,60.66815666666667,14.518120959851244,51,1152,1,4.761904761904762,50.08695652173913,2011-09,1,1,1,111,3,1.0,1203,Lost Customers,Reactivate cheaply or release. Longest dormancy in the panel. Use low-cost channels only; do not fund deep discounts to chase them.,"Relative label, and the most easily misread. Dormancy runs 36-428 days with a median near 49 - only 1 customer in the whole panel exceeds 180 days. These customers are not lost in any real sense; they are simply the least recent quintile."
HARRY_GREENE,Consumer,APAC,United States,2011-04-29,2014-12-19,39,101,343,24216.45252,24507.9448,-291.49227999999977,5235.57748,2176.174,1,30,24216.45252,-291.49227999999977,620.93468,-7.47416102564102,-1.2036952140668034,12,1330,1,3.333333333333333,35.0,2011-04,4,5,5,455,14,5.0,1342,Champions,Protect. Highest value and most recently active. Give early access to new ranges and priority fulfilment; do NOT spend discount here - they already buy at the best margins.,Relative label: top recency and value quintiles within this 795-customer panel.
HARRY_MARIE,Corporate,APAC,United States,2011-01-07,2014-12-30,41,85,313,28476.9376,21518.6512,6958.2864,4288.5824,2420.204,2,37,28476.9376,6958.2864,694.5594536585367,169.71430243902438,24.434812822007935,1,1453,1,5.405405405405405,36.325,2011-01,5,5,5,555,15,5.0,1454,Champions,Protect. Highest value and most recently active. Give early access to new ranges and priority fulfilment; do NOT spend discount here - they already buy at the best margins.,Relative label: top recency and value quintiles within this 795-customer panel.
HEATHER_JAS,Home Office,APAC,United States,2011-04-29,2014-12-26,38,68,227,15434.0162,12815.7552,2618.261,3013.7238000000007,1917.903,1,32,15434.0162,2618.261,406.1583210526316,68.90160526315789,16.96422347930411,5,1337,1,3.125,36.13513513513514,2011-04,5,5,3,553,13,4.0,1342,Champions,Protect. Highest value and most recently active. Give early access to new ranges and priority fulfilment; do NOT spend discount here - they already buy at the best margins.,Relative label: top recency and value quintiles within this 795-customer panel.
HEATHER_KIRKLAND,Corporate,EU,United States,2011-01-26,2014-11-18,33,60,204,15543.4091,13048.4789,2494.9302,2351.3609,1806.429,2,27,15543.4091,2494.9302,471.01239696969697,75.60394545454547,16.051370609553086,43,1392,1,7.4074074074074066,43.5,2011-01,1,3,3,133,7,3.0,1435,Lost Customers,Reactivate cheaply or release. Longest dormancy in the panel. Use low-cost channels only; do not fund deep discounts to chase them.,"Relative label, and the most easily misread. Dormancy runs 36-428 days with a median near 49 - only 1 customer in the whole panel exceeds 180 days. These customers are not lost in any real sense; they are simply the least recent quintile."
HELEN_ABELMAN,Consumer,US,United States,2011-06-30,2014-12-18,28,62,234,16933.41844,17695.1126,-761.6941599999998,5369.00156,1665.129,3,24,16933.41844,-761.6941599999998,604.7649442857144,-27.20336285714285,-4.498171250529847,13,1267,1,12.5,46.92592592592592,2011-06,3,2,4,324,9,3.0,1280,Loyal Customers,Grow basket size. Consistent buyers with room to move up. Cross-sell adjacent sub-categories and bundle the low-margin items they already buy.,Relative label: upper-middle recency and value within this panel.
HELEN_ANDREADA,Consumer,APAC,United States,2011-02-14,2014-12-11,31,63,209,10411.0721,8849.913499999999,1561.1585999999998,1366.7179,1712.578,5,25,10411.0721,1561.1585999999998,335.84103548387094,50.35995483870967,14.995176145211786,20,1396,1,20.0,46.53333333333333,2011-02,3,3,1,331,7,2.0,1416,Potential Loyalists,Convert to loyal. Recently active but spending below their cohort. Targeted category offers and a second-order incentive are justified here.,Relative label: recent but below-panel-average value. Not 'new' - see New Customers.
HELEN_WASSERMAN,Corporate,APAC,United States,2011-09-23,2014-11-27,35,66,235,18374.026,15818.9129,2555.1131,2351.554,2338.293,1,28,18374.026,2555.1131,524.9721714285715,73.00323142857142,13.906114533635686,34,1161,1,3.571428571428571,34.14705882352941,2011-09,2,4,4,244,10,4.0,1195,At Risk,"Reactivate now. Previously valuable, engagement slipping. Time-boxed win-back offer plus a service check - review whether returns or late shipments preceded the drop-off.","Relative label. Median dormancy is only ~28 days; this is the second-lowest recency quintile of a highly active panel, NOT evidence of churn."
HENIA_ZYDLO,Consumer,APAC,United States,2011-01-08,2014-11-26,28,57,174,12486.8208,11745.3379,741.4828999999997,2801.2092,1451.712,1,22,12486.8208,741.4828999999997,445.9578857142857,26.481532142857134,5.938123977882342,35,1418,1,4.545454545454546,52.51851851851852,2011-01,2,2,2,222,6,2.0,1453,At Risk,"Reactivate now. Previously valuable, engagement slipping. Time-boxed win-back offer plus a service check - review whether returns or late shipments preceded the drop-off.","Relative label. Median dormancy is only ~28 days; this is the second-lowest recency quintile of a highly active panel, NOT evidence of churn."
HENRY_GOLDWYN,Corporate,APAC,United States,2011-09-20,2014-12-08,39,71,271,17165.2746,18762.7855,-1597.5109000000004,10244.8154,1611.969,2,34,17165.2746,-1597.5109000000004,440.1352461538462,-40.96181794871796,-9.306643425325689,23,1175,1,5.88235294117647,30.92105263157895,2011-09,2,5,4,254,11,4.5,1198,At Risk,"Reactivate now. Previously valuable, engagement slipping. Time-boxed win-back offer plus a service check - review whether returns or late shipments preceded the drop-off.","Relative label. Median dormancy is only ~28 days; this is the second-lowest recency quintile of a highly active panel, NOT evidence of churn."
HENRY_MACALLISTER,Consumer,APAC,Australia,2011-08-15,2014-12-06,34,64,222,17128.0896,14454.7505,2673.3391,1843.1304000000005,1814.453,1,29,17128.0896,2673.3391,503.76734117647055,78.6276205882353,15.607923372843638,25,1209,1,3.4482758620689653,36.63636363636363,2011-08,2,4,4,244,10,4.0,1234,At Risk,"Reactivate now. Previously valuable, engagement slipping. Time-boxed win-back offer plus a service check - review whether returns or late shipments preceded the drop-off.","Relative label. Median dormancy is only ~28 days; this is the second-lowest recency quintile of a highly active panel, NOT evidence of churn."
HERBERT_FLENTYE,Consumer,EU,United States,2011-01-28,2014-12-17,36,77,241,11812.8429,12465.9708,-653.1278999999997,4423.7171,1331.883,2,28,11812.8429,-653.1278999999997,328.134525,-18.14244166666666,-5.5289645814218,14,1419,1,7.142857142857142,40.54285714285714,2011-01,3,4,2,342,9,3.0,1433,Loyal Customers,Grow basket size. Consistent buyers with room to move up. Cross-sell adjacent sub-categories and bundle the low-margin items they already buy.,Relative label: upper-middle recency and value within this panel.
HILARY_HOLDEN,Corporate,APAC,Australia,2011-07-07,2014-11-07,27,57,242,15229.30782,12796.9838,2432.32402,986.17218,1514.015,4,24,15229.30782,2432.32402,564.0484377777777,90.08607481481482,15.971336640827056,54,1219,1,16.666666666666664,46.88461538461539,2011-07,1,1,3,113,5,2.0,1273,Lost Customers,Reactivate cheaply or release. Longest dormancy in the panel. Use low-cost channels only; do not fund deep discounts to chase them.,"Relative label, and the most easily misread. Dormancy runs 36-428 days with a median near 49 - only 1 customer in the whole panel exceeds 180 days. These customers are not lost in any real sense; they are simply the least recent quintile."
HUNTER_GLANTZ,Consumer,APAC,United States,2011-01-26,2014-12-25,36,67,244,16214.4186,14681.5027,1532.9159,3364.1414,1982.295,0,29,16214.4186,1532.9159,450.40051666666665,42.58099722222222,9.454029390853398,6,1429,1,0.0,40.82857142857143,2011-01,4,4,3,443,11,3.5,1435,Loyal Customers,Grow basket size. Consistent buyers with room to move up. Cross-sell adjacent sub-categories and bundle the low-margin items they already buy.,Relative label: upper-middle recency and value within this panel.
HUNTER_LOPEZ,Consumer,APAC,United States,2011-01-21,2014-12-01,24,53,207,30243.56658,22426.9988,7816.56778,3149.52342,1974.531,0,20,30243.56658,7816.56778,1260.1486075,325.6903241666667,25.845390157022948,30,1410,1,0.0,61.30434782608695,2011-01,2,1,5,215,8,3.0,1440,At Risk,"Reactivate now. Previously valuable, engagement slipping. Time-boxed win-back offer plus a service check - review whether returns or late shipments preceded the drop-off.","Relative label. Median dormancy is only ~28 days; this is the second-lowest recency quintile of a highly active panel, NOT evidence of churn."
IONIA_MCGRATH,Consumer,EU,France,2011-01-24,2014-12-16,22,39,129,9479.78976,7031.8099,2447.97986,1119.8102399999998,974.411,1,15,9479.78976,2447.97986,430.8995345454545,111.27181181818182,25.82314504831381,15,1422,1,6.666666666666667,67.71428571428571,2011-01,3,1,1,311,5,1.0,1437,Potential Loyalists,Convert to loyal. Recently active but spending below their cohort. Targeted category offers and a second-order incentive are justified here.,Relative label: recent but below-panel-average value. Not 'new' - see New Customers.
IRENE_MADDOX,Consumer,EU,United States,2011-01-20,2014-11-21,34,82,318,19918.16712,20598.4713,-680.3041800000003,5971.59288,1996.044,1,27,19918.16712,-680.3041800000003,585.8284447058822,-20.00894647058825,-3.41549589327876,40,1401,1,3.7037037037037033,42.45454545454545,2011-01,1,4,4,144,9,4.0,1441,Lost Customers,Reactivate cheaply or release. Longest dormancy in the panel. Use low-cost channels only; do not fund deep discounts to chase them.,"Relative label, and the most easily misread. Dormancy runs 36-428 days with a median near 49 - only 1 customer in the whole panel exceeds 180 days. These customers are not lost in any real sense; they are simply the least recent quintile."
IVAN_GIBSON,Consumer,EU,Australia,2011-04-25,2014-12-30,37,77,234,16149.37398,14238.205800000002,1911.16818,2789.02602,1789.829,3,25,16149.37398,1911.16818,436.46956702702704,51.653194054054055,11.834317431541702,1,1345,1,12.0,37.36111111111112,2011-04,5,4,3,543,12,3.5,1346,Loyal Customers,Grow basket size. Consistent buyers with room to move up. Cross-sell adjacent sub-categories and bundle the low-margin items they already buy.,Relative label: upper-middle recency and value within this panel.
IVAN_LISTON,Consumer,LATAM,United States,2011-06-09,2014-09-06,32,64,221,12855.50176,11674.429,1181.0727599999998,2306.36824,1002.955,2,25,12855.50176,1181.0727599999998,401.73443,36.90852374999999,9.187294141057317,116,1185,1,8.0,38.2258064516129,2011-06,1,3,2,132,6,2.5,1301,Lost Customers,Reactivate cheaply or release. Longest dormancy in the panel. Use low-cost channels only; do not fund deep discounts to chase them.,"Relative label, and the most easily misread. Dormancy runs 36-428 days with a median near 49 - only 1 customer in the whole panel exceeds 180 days. These customers are not lost in any real sense; they are simply the least recent quintile."
JACK_GARZA,Consumer,LATAM,Mexico,2011-01-03,2014-12-26,28,62,206,15709.50388,16631.7649,-922.2610199999996,6708.236119999999,1395.143,1,19,15709.50388,-922.2610199999996,561.05371,-32.93789357142855,-5.870720215258634,5,1453,1,5.263157894736842,53.81481481481482,2011-01,5,2,3,523,10,2.5,1458,Potential Loyalists,Convert to loyal. Recently active but spending below their cohort. Targeted category offers and a second-order incentive are justified here.,Relative label: recent but below-panel-average value. Not 'new' - see New Customers.
JACK_LEBRON,Consumer,LATAM,United States,2011-03-21,2014-12-23,40,83,281,18673.89914,17633.721599999997,1040.1775400000006,5174.82086,1633.22,2,28,18673.89914,1040.1775400000006,466.8474785,26.004438500000013,5.570221474378172,8,1373,1,7.142857142857142,35.205128205128204,2011-03,4,5,4,454,13,4.5,1381,Champions,Protect. Highest value and most recently active. Give early access to new ranges and priority fulfilment; do NOT spend discount here - they already buy at the best margins.,Relative label: top recency and value quintiles within this 795-customer panel.
JACK_O_BRIANT,Corporate,US,United States,2011-01-07,2014-12-26,29,51,178,13345.69,10300.4345,3045.2555,631.06,1140.598,2,23,13345.69,3045.2555,460.19620689655176,105.0088103448276,22.81826941881611,5,1449,1,8.695652173913043,51.75,2011-01,5,2,2,522,9,2.0,1454,Potential Loyalists,Convert to loyal. Recently active but spending below their cohort. Targeted category offers and a second-order incentive are justified here.,Relative label: recent but below-panel-average value. Not 'new' - see New Customers.
JAMES_GALANG,Consumer,US,United States,2011-05-30,2014-12-30,40,83,272,21551.526,17002.4256,4549.1004,1619.6339999999998,2232.381,4,32,21551.526,4549.1004,538.78815,113.72751,21.10801991469189,1,1310,1,12.5,33.58974358974359,2011-05,5,5,5,555,15,5.0,1311,Champions,Protect. Highest value and most recently active. Give early access to new ranges and priority fulfilment; do NOT spend discount here - they already buy at the best margins.,Relative label: top recency and value quintiles within this 795-customer panel.
JAMES_LANIER,Home Office,LATAM,United States,2011-01-13,2014-12-25,32,53,174,14852.96246,13151.7913,1701.17116,3094.82754,1899.75,1,27,14852.96246,1701.17116,464.155076875,53.16159875,11.45341317990512,6,1442,1,3.7037037037037033,46.516129032258064,2011-01,4,3,3,433,10,3.0,1448,Loyal Customers,Grow basket size. Consistent buyers with room to move up. Cross-sell adjacent sub-categories and bundle the low-margin items they already buy.,Relative label: upper-middle recency and value within this panel.
JAMIE_FRAZER,Consumer,APAC,United States,2011-03-26,2014-12-25,36,74,275,20574.8755,18852.2701,1722.6054000000006,5885.2145,1855.34,0,28,20574.8755,1722.6054000000006,571.5243194444445,47.85015000000001,8.372373383255711,6,1370,1,0.0,39.142857142857146,2011-03,4,4,5,445,13,4.5,1376,Champions,Protect. Highest value and most recently active. Give early access to new ranges and priority fulfilment; do NOT spend discount here - they already buy at the best margins.,Relative label: top recency and value quintiles within this 795-customer panel.
JAMIE_KUNITZ,Consumer,LATAM,United States,2011-06-06,2014-10-31,29,50,207,12534.6012,9770.819,2763.7822,1019.4888,1062.984,4,24,12534.6012,2763.7822,432.22762758620695,95.3028344827586,22.04922323336461,61,1243,1,16.666666666666664,44.392857142857146,2011-06,1,2,2,122,5,2.0,1304,Lost Customers,Reactivate cheaply or release. Longest dormancy in the panel. Use low-cost channels only; do not fund deep discounts to chase them.,"Relative label, and the most easily misread. Dormancy runs 36-428 days with a median near 49 - only 1 customer in the whole panel exceeds 180 days. These customers are not lost in any real sense; they are simply the least recent quintile."
JANET_LEE,Consumer,APAC,United States,2011-03-09,2014-12-30,28,69,253,20477.10164,15746.4126,4730.68904,2004.14836,1822.186,0,24,20477.10164,4730.68904,731.3250585714286,168.95318,23.102337055157577,1,1392,1,0.0,51.55555555555556,2011-03,5,2,5,525,12,3.5,1393,Loyal Customers,Grow basket size. Consistent buyers with room to move up. Cross-sell adjacent sub-categories and bundle the low-margin items they already buy.,Relative label: upper-middle recency and value within this panel.
JANET_MARTIN,Consumer,APAC,United States,2011-01-24,2014-12-25,29,67,244,18018.66282,16354.008500000002,1664.6543199999994,3910.81718,1867.764,1,24,18018.66282,1664.6543199999994,621.3332006896552,57.40187310344825,9.238500862296505,6,1431,1,4.166666666666666,51.10714285714285,2011-01,4,2,4,424,10,3.0,1437,Loyal Customers,Grow basket size. Consistent buyers with room to move up. Cross-sell adjacent sub-categories and bundle the low-margin items they already buy.,Relative label: upper-middle recency and value within this panel.
JANET_MOLINARI,Corporate,APAC,United States,2011-03-18,2014-11-24,33,77,302,16168.4657,13388.3717,2780.094,2151.3843,1952.523,3,29,16168.4657,2780.094,489.95350606060606,84.24527272727273,17.19454431597675,37,1347,1,10.344827586206897,42.09375,2011-03,1,3,3,133,7,3.0,1384,Lost Customers,Reactivate cheaply or release. Longest dormancy in the panel. Use low-cost channels only; do not fund deep discounts to chase them.,"Relative label, and the most easily misread. Dormancy runs 36-428 days with a median near 49 - only 1 customer in the whole panel exceeds 180 days. These customers are not lost in any real sense; they are simply the least recent quintile."
JANE_WACO,Corporate,EU,United States,2011-05-16,2014-12-19,40,75,298,30288.4503,24022.6046,6265.8457,4857.7697,3302.6490000000003,1,34,30288.4503,6265.8457,757.2112575,156.6461425,20.687244272778127,12,1313,1,2.941176470588235,33.666666666666664,2011-05,4,5,5,455,14,5.0,1325,Champions,Protect. Highest value and most recently active. Give early access to new ranges and priority fulfilment; do NOT spend discount here - they already buy at the best margins.,Relative label: top recency and value quintiles within this 795-customer panel.
JASON_FORTUNE,Consumer,EU,United States,2011-03-14,2014-11-05,32,73,296,22816.1923,20123.665,2692.5273,3130.3076999999994,2612.471,0,24,22816.1923,2692.5273,713.006009375,84.14147812499999,11.800949363492172,56,1332,1,0.0,42.96774193548387,2011-03,1,3,5,135,9,4.0,1388,Lost Customers,Reactivate cheaply or release. Longest dormancy in the panel. Use low-cost channels only; do not fund deep discounts to chase them.,"Relative label, and the most easily misread. Dormancy runs 36-428 days with a median near 49 - only 1 customer in the whole panel exceeds 180 days. These customers are not lost in any real sense; they are simply the least recent quintile."
JASON_GROSS,Corporate,APAC,United States,2011-06-25,2014-12-29,29,55,224,13570.6979,11316.0624,2254.6355,1528.4821000000002,1516.839,2,24,13570.6979,2254.6355,467.9551,77.74605172413793,16.61399816438328,2,1283,1,8.333333333333332,45.82142857142857,2011-06,5,2,2,522,9,2.0,1285,Potential Loyalists,Convert to loyal. Recently active but spending below their cohort. Targeted category offers and a second-order incentive are justified here.,Relative label: recent but below-panel-average value. Not 'new' - see New Customers.
JASON_KLAMCZYNSKI,Corporate,APAC,Australia,2011-01-22,2014-10-15,31,62,236,17204.23132,15181.8443,2022.38702,1313.8886799999996,3210.031,3,28,17204.23132,2022.38702,554.9752038709677,65.23829096774193,11.755172215389626,77,1362,1,10.714285714285714,45.4,2011-01,1,3,4,134,8,3.5,1439,Lost Customers,Reactivate cheaply or release. Longest dormancy in the panel. Use low-cost channels only; do not fund deep discounts to chase them.,"Relative label, and the most easily misread. Dormancy runs 36-428 days with a median near 49 - only 1 customer in the whole panel exceeds 180 days. These customers are not lost in any real sense; they are simply the least recent quintile."
JASPER_CACIOPPO,Consumer,EU,France,2011-01-04,2014-11-27,35,73,264,18442.3896,18104.5986,337.7910000000005,7067.0504,1765.826,1,29,18442.3896,337.7910000000005,526.9254171428572,9.651171428571445,1.831601041548328,34,1423,1,3.4482758620689653,41.85294117647059,2011-01,2,4,4,244,10,4.0,1457,At Risk,"Reactivate now. Previously valuable, engagement slipping. Time-boxed win-back offer plus a service check - review whether returns or late shipments preceded the drop-off.","Relative label. Median dormancy is only ~28 days; this is the second-lowest recency quintile of a highly active panel, NOT evidence of churn."
JAS_O_CARROLL,Consumer,APAC,United States,2011-01-03,2014-12-17,25,44,164,8818.4151,6912.6258,1905.7893,596.8848999999998,1008.698,0,21,8818.4151,1905.7893,352.736604,76.231572,21.61147188455667,14,1444,1,0.0,60.16666666666666,2011-01,3,1,1,311,5,1.0,1458,Potential Loyalists,Convert to loyal. Recently active but spending below their cohort. Targeted category offers and a second-order incentive are justified here.,Relative label: recent but below-panel-average value. Not 'new' - see New Customers.
JAY_FEIN,Consumer,EU,United States,2011-01-26,2014-12-18,31,64,215,10819.33,12694.005,-1874.675,5632.4,1124.606,2,22,10819.33,-1874.675,349.0106451612903,-60.4733870967742,-17.327089570241412,13,1422,1,9.090909090909092,47.4,2011-01,3,3,1,331,7,2.0,1435,Potential Loyalists,Convert to loyal. Recently active but spending below their cohort. Targeted category offers and a second-order incentive are justified here.,Relative label: recent but below-panel-average value. Not 'new' - see New Customers.
JAY_KIMMEL,Consumer,EU,United States,2011-04-11,2014-12-30,33,67,247,13400.96604,11850.918200000002,1550.0478399999995,3037.68396,1685.85,2,27,13400.96604,1550.0478399999995,406.0898800000001,46.971146666666655,11.56668732219248,1,1359,1,7.4074074074074066,42.46875,2011-04,5,3,2,532,10,2.5,1360,Potential Loyalists,Convert to loyal. Recently active but spending below their cohort. Targeted category offers and a second-order incentive are justified here.,Relative label: recent but below-panel-average value. Not 'new' - see New Customers.
JENNA_CAFFEY,Consumer,LATAM,Dominican Republic,2011-10-29,2014-12-23,34,75,242,16162.00592,14857.4436,1304.5623199999998,3516.10408,1536.699,4,25,16162.00592,1304.5623199999998,475.3531152941177,38.36948,8.071784693418795,8,1151,1,16.0,34.878787878787875,2011-10,4,4,3,443,11,3.5,1159,Loyal Customers,Grow basket size. Consistent buyers with room to move up. Cross-sell adjacent sub-categories and bundle the low-margin items they already buy.,Relative label: upper-middle recency and value within this panel.
JENNIFER_BRAXTON,Corporate,EU,United States,2011-04-01,2014-12-24,41,73,235,15257.5339,12805.671800000002,2451.8621,1988.1261,2022.532,2,34,15257.5339,2451.8621,372.1349731707317,59.801514634146336,16.069845337194366,7,1363,1,5.88235294117647,34.075,2011-04,4,5,3,453,12,4.0,1370,Champions,Protect. Highest value and most recently active. Give early access to new ranges and priority fulfilment; do NOT spend discount here - they already buy at the best margins.,Relative label: top recency and value quintiles within this 795-customer panel.
JENNIFER_FERGUSON,Consumer,Africa,United States,2011-06-09,2014-12-29,34,66,235,22944.48588,20277.6404,2666.8454800000004,2856.13412,2008.983,0,23,22944.48588,2666.8454800000004,674.83782,78.4366317647059,11.623034370644175,2,1299,1,0.0,39.36363636363637,2011-06,5,4,5,545,14,4.5,1301,Champions,Protect. Highest value and most recently active. Give early access to new ranges and priority fulfilment; do NOT spend discount here - they already buy at the best margins.,Relative label: top recency and value quintiles within this 795-customer panel.
JENNIFER_HALLADAY,Consumer,LATAM,United States,2011-01-05,2014-12-26,40,78,249,12689.6723,11098.9781,1590.6942,2984.3677,1255.537,2,31,12689.6723,1590.6942,317.2418075,39.767355,12.53534498286453,5,1451,1,6.451612903225806,37.20512820512821,2011-01,5,5,2,552,12,3.5,1456,Loyal Customers,Grow basket size. Consistent buyers with room to move up. Cross-sell adjacent sub-categories and bundle the low-margin items they already buy.,Relative label: upper-middle recency and value within this panel.
JENNIFER_JACKSON,Consumer,APAC,United States,2011-05-18,2014-12-12,25,41,152,12187.0514,11164.3522,1022.6992,2433.8586,1137.224,1,19,12187.0514,1022.6992,487.482056,40.907968,8.391686934216096,19,1304,1,5.263157894736842,54.333333333333336,2011-05,3,1,2,312,6,1.5,1323,Potential Loyalists,Convert to loyal. Recently active but spending below their cohort. Targeted category offers and a second-order incentive are justified here.,Relative label: recent but below-panel-average value. Not 'new' - see New Customers.
JENNIFER_PATT,Corporate,EMEA,United States,2011-02-10,2014-11-25,36,78,277,14210.38782,12130.9585,2079.42932,1570.86218,1477.22,4,26,14210.38782,2079.42932,394.732995,57.76192555555557,14.633163755554705,36,1384,1,15.384615384615383,39.54285714285714,2011-02,2,4,3,243,9,3.5,1420,At Risk,"Reactivate now. Previously valuable, engagement slipping. Time-boxed win-back offer plus a service check - review whether returns or late shipments preceded the drop-off.","Relative label. Median dormancy is only ~28 days; this is the second-lowest recency quintile of a highly active panel, NOT evidence of churn."
JEREMY_ELLISON,Consumer,EU,United States,2011-02-15,2014-12-04,30,43,141,6819.254,5501.0823,1318.1717,739.9459999999999,675.318,0,22,6819.254,1318.1717,227.30846666666667,43.939056666666666,19.330145203566254,27,1388,1,0.0,47.86206896551724,2011-02,2,2,1,221,5,1.5,1415,At Risk,"Reactivate now. Previously valuable, engagement slipping. Time-boxed win-back offer plus a service check - review whether returns or late shipments preceded the drop-off.","Relative label. Median dormancy is only ~28 days; this is the second-lowest recency quintile of a highly active panel, NOT evidence of churn."
JEREMY_FARRY,Consumer,US,United States,2011-03-01,2014-12-27,37,57,178,10721.91786,9521.8153,1200.1025599999998,2480.32214,877.121,0,30,10721.91786,1200.1025599999998,289.7815637837838,32.43520432432432,11.192984088016503,4,1397,1,0.0,38.80555555555556,2011-03,5,4,1,541,10,2.5,1401,Potential Loyalists,Convert to loyal. Recently active but spending below their cohort. Targeted category offers and a second-order incentive are justified here.,Relative label: recent but below-panel-average value. Not 'new' - see New Customers.
JEREMY_LONSDALE,Consumer,LATAM,United States,2011-06-19,2014-12-01,25,48,169,11361.035,10174.7577,1186.2773,1293.1149999999998,1041.018,0,22,11361.035,1186.2773,454.4414,47.451092,10.441630538062777,30,1261,1,0.0,52.54166666666666,2011-06,2,1,1,211,4,1.0,1291,At Risk,"Reactivate now. Previously valuable, engagement slipping. Time-boxed win-back offer plus a service check - review whether returns or late shipments preceded the drop-off.","Relative label. Median dormancy is only ~28 days; this is the second-lowest recency quintile of a highly active panel, NOT evidence of churn."
JEREMY_PISTEK,Consumer,LATAM,United States,2011-08-12,2014-12-23,30,74,266,18656.57396,15486.4138,3170.16016,2267.27604,1638.271,1,26,18656.57396,3170.16016,621.8857986666667,105.67200533333332,16.992188205599135,8,1229,1,3.8461538461538463,42.37931034482759,2011-08,4,2,4,424,10,3.0,1237,Loyal Customers,Grow basket size. Consistent buyers with room to move up. Cross-sell adjacent sub-categories and bundle the low-margin items they already buy.,Relative label: upper-middle recency and value within this panel.
JESSICA_MYRICK,Consumer,APAC,United States,2011-04-25,2014-12-17,25,51,168,7790.23,6431.3035,1358.9264999999998,1085.73,638.138,1,20,7790.23,1358.9264999999998,311.60920000000004,54.35705999999999,17.44398432395449,14,1332,1,5.0,55.5,2011-04,3,1,1,311,5,1.0,1346,Potential Loyalists,Convert to loyal. Recently active but spending below their cohort. Targeted category offers and a second-order incentive are justified here.,Relative label: recent but below-panel-average value. Not 'new' - see New Customers.
JESUS_OCAMPO,Home Office,APAC,United States,2011-08-09,2014-12-19,28,53,175,8206.674,7623.917100000001,582.7568999999999,1448.826,638.494,0,19,8206.674,582.7568999999999,293.0955,20.812746428571423,7.101011932483242,12,1228,1,0.0,45.48148148148148,2011-08,4,2,1,421,7,1.5,1240,Potential Loyalists,Convert to loyal. Recently active but spending below their cohort. Targeted category offers and a second-order incentive are justified here.,Relative label: recent but below-panel-average value. Not 'new' - see New Customers.
JILL_FJELD,Consumer,EU,United States,2011-06-16,2014-12-30,35,78,274,23620.84866,18743.1632,4877.68546,2697.50134,2179.444,1,29,23620.84866,4877.68546,674.8813902857142,139.3624417142857,20.6499162253216,1,1293,1,3.4482758620689653,38.02941176470589,2011-06,5,4,5,545,14,4.5,1294,Champions,Protect. Highest value and most recently active. Give early access to new ranges and priority fulfilment; do NOT spend discount here - they already buy at the best margins.,Relative label: top recency and value quintiles within this 795-customer panel.
JILL_MATTHIAS,Consumer,APAC,United States,2011-01-24,2014-12-31,29,58,198,14176.18,12459.4476,1716.7324,2700.1399999999994,1971.856,1,24,14176.18,1716.7324,488.8337931034483,59.197668965517245,12.109978851848664,0,1437,1,4.166666666666666,51.32142857142857,2011-01,5,2,3,523,10,2.5,1437,Potential Loyalists,Convert to loyal. Recently active but spending below their cohort. Targeted category offers and a second-order incentive are justified here.,Relative label: recent but below-panel-average value. Not 'new' - see New Customers.
JILL_STEVENSON,Corporate,EU,Germany,2011-03-03,2014-12-26,24,49,156,10141.3295,10302.523,-161.19350000000009,3328.7505,1188.7340000000002,2,18,10141.3295,-161.19350000000009,422.5553958333333,-6.716395833333337,-1.5894710846344169,5,1394,1,11.11111111111111,60.60869565217392,2011-03,5,1,1,511,7,1.0,1399,Potential Loyalists,Convert to loyal. Recently active but spending below their cohort. Targeted category offers and a second-order incentive are justified here.,Relative label: recent but below-panel-average value. Not 'new' - see New Customers.
JIM_EPP,Corporate,APAC,United States,2011-10-06,2014-11-19,32,64,199,13949.5474,12577.6341,1371.9133,3413.1226,1839.605,2,26,13949.5474,1371.9133,435.92335625,42.872290625,9.834823028021685,42,1140,1,7.6923076923076925,36.774193548387096,2011-10,1,3,3,133,7,3.0,1182,Lost Customers,Reactivate cheaply or release. Longest dormancy in the panel. Use low-cost channels only; do not fund deep discounts to chase them.,"Relative label, and the most easily misread. Dormancy runs 36-428 days with a median near 49 - only 1 customer in the whole panel exceeds 180 days. These customers are not lost in any real sense; they are simply the least recent quintile."
JIM_KARLSSON,Consumer,LATAM,United States,2011-03-21,2014-12-30,35,69,250,17119.1711,13142.8295,3976.3416,1105.4189,1963.059,2,27,17119.1711,3976.3416,489.1191742857143,113.60976,23.227418995771355,1,1380,1,7.4074074074074066,40.588235294117645,2011-03,5,4,4,544,13,4.0,1381,Champions,Protect. Highest value and most recently active. Give early access to new ranges and priority fulfilment; do NOT spend discount here - they already buy at the best margins.,Relative label: top recency and value quintiles within this 795-customer panel.
JIM_KRIZ,Home Office,LATAM,United States,2011-09-19,2014-12-31,30,43,157,13065.8795,10311.6037,2754.2758,1821.4805,1626.096,0,26,13065.8795,2754.2758,435.5293166666667,91.80919333333333,21.07991122985636,0,1199,1,0.0,41.3448275862069,2011-09,5,2,2,522,9,2.0,1199,Potential Loyalists,Convert to loyal. Recently active but spending below their cohort. Targeted category offers and a second-order incentive are justified here.,Relative label: recent but below-panel-average value. Not 'new' - see New Customers.
JIM_MITCHUM,Corporate,LATAM,United States,2011-02-24,2014-12-23,42,84,275,19897.39706,18098.863,1798.53406,4103.93294,2714.267,0,34,19897.39706,1798.53406,473.74754904761903,42.82223952380952,9.039041913756732,8,1398,1,0.0,34.09756097560975,2011-02,4,5,4,454,13,4.5,1406,Champions,Protect. Highest value and most recently active. Give early access to new ranges and priority fulfilment; do NOT spend discount here - they already buy at the best margins.,Relative label: top recency and value quintiles within this 795-customer panel.
JIM_RADFORD,Consumer,EU,United Kingdom,2011-02-18,2014-12-19,26,48,143,15923.1256,16683.5425,-760.4169,3580.9944,2065.473,1,20,15923.1256,-760.4169,612.4279076923077,-29.24680384615385,-4.775550473582901,12,1400,1,5.0,56.0,2011-02,4,1,3,413,8,2.0,1412,Potential Loyalists,Convert to loyal. Recently active but spending below their cohort. Targeted category offers and a second-order incentive are justified here.,Relative label: recent but below-panel-average value. Not 'new' - see New Customers.
JIM_SINK,Corporate,LATAM,France,2011-06-07,2014-11-21,31,69,255,16282.5795,13932.0932,2350.4863,1542.3204999999998,2052.982,2,26,16282.5795,2350.4863,525.2445,75.8221387096774,14.435589275028564,40,1263,1,7.6923076923076925,42.1,2011-06,1,3,3,133,7,3.0,1303,Lost Customers,Reactivate cheaply or release. Longest dormancy in the panel. Use low-cost channels only; do not fund deep discounts to chase them.,"Relative label, and the most easily misread. Dormancy runs 36-428 days with a median near 49 - only 1 customer in the whole panel exceeds 180 days. These customers are not lost in any real sense; they are simply the least recent quintile."
JOCASTA_RUPERT,Consumer,LATAM,Australia,2011-01-10,2014-12-24,24,36,129,11241.48276,10308.955,932.5277599999996,2104.22724,983.609,0,18,11241.48276,932.5277599999996,468.395115,38.85532333333333,8.295416004356348,7,1444,1,0.0,62.78260869565217,2011-01,4,1,1,411,6,1.0,1451,Potential Loyalists,Convert to loyal. Recently active but spending below their cohort. Targeted category offers and a second-order incentive are justified here.,Relative label: recent but below-panel-average value. Not 'new' - see New Customers.
JOEL_EATON,Consumer,US,United States,2011-06-22,2014-11-29,42,87,276,21904.62896,20375.8483,1528.78066,4506.121040000001,2438.051,1,35,21904.62896,1528.78066,521.5387847619047,36.39953952380952,6.979258415158291,32,1256,1,2.857142857142857,30.634146341463413,2011-06,2,5,5,255,12,5.0,1288,At Risk,"Reactivate now. Previously valuable, engagement slipping. Time-boxed win-back offer plus a service check - review whether returns or late shipments preceded the drop-off.","Relative label. Median dormancy is only ~28 days; this is the second-lowest recency quintile of a highly active panel, NOT evidence of churn."
JOEL_JENKINS,Home Office,EU,China,2011-08-24,2014-12-29,34,83,264,19993.76708,18144.7808,1848.98628,4127.55292,1641.802,1,28,19993.76708,1848.98628,588.0519729411765,54.3819494117647,9.247813444068589,2,1223,1,3.571428571428571,37.06060606060606,2011-08,5,4,5,545,14,4.5,1225,Champions,Protect. Highest value and most recently active. Give early access to new ranges and priority fulfilment; do NOT spend discount here - they already buy at the best margins.,Relative label: top recency and value quintiles within this 795-customer panel.
JOE_ELIJAH,Consumer,APAC,United States,2011-01-08,2014-12-22,43,82,319,22455.5689,18834.6804,3620.8885,2903.7711,1938.392,4,36,22455.5689,3620.8885,522.2225325581395,84.20670930232558,16.12467943308263,9,1444,1,11.11111111111111,34.38095238095238,2011-01,4,5,5,455,14,5.0,1453,Champions,Protect. Highest value and most recently active. Give early access to new ranges and priority fulfilment; do NOT spend discount here - they already buy at the best margins.,Relative label: top recency and value quintiles within this 795-customer panel.
JOE_KAMBEROVA,Consumer,US,United States,2011-03-08,2014-11-13,40,91,330,26688.762,22315.2617,4373.5003,4521.228000000001,2549.737,2,34,26688.762,4373.5003,667.2190499999999,109.3375075,16.387048226515713,48,1346,1,5.88235294117647,34.51282051282051,2011-03,1,5,5,155,11,5.0,1394,Lost Customers,Reactivate cheaply or release. Longest dormancy in the panel. Use low-cost channels only; do not fund deep discounts to chase them.,"Relative label, and the most easily misread. Dormancy runs 36-428 days with a median near 49 - only 1 customer in the whole panel exceeds 180 days. These customers are not lost in any real sense; they are simply the least recent quintile."
JOHN_CASTELL,Consumer,US,United States,2011-09-14,2014-12-30,30,53,178,12295.27204,10436.8858,1858.38624,2084.81796,1319.893,3,25,12295.27204,1858.38624,409.8424013333333,61.946208,15.114641090934333,1,1203,1,12.0,41.48275862068966,2011-09,5,2,2,522,9,2.0,1204,Potential Loyalists,Convert to loyal. Recently active but spending below their cohort. Targeted category offers and a second-order incentive are justified here.,Relative label: recent but below-panel-average value. Not 'new' - see New Customers.
JOHN_DRYER,Consumer,APAC,United States,2011-06-03,2014-12-16,29,48,173,11590.82176,12789.5345,-1198.7127400000002,3440.4382399999995,1085.415,1,24,11590.82176,-1198.7127400000002,399.6835089655172,-41.334922068965525,-10.341913324357774,15,1292,1,4.166666666666666,46.142857142857146,2011-06,3,2,2,322,7,2.0,1307,Potential Loyalists,Convert to loyal. Recently active but spending below their cohort. Targeted category offers and a second-order incentive are justified here.,Relative label: recent but below-panel-average value. Not 'new' - see New Customers.
JOHN_GRADY,Corporate,EU,United States,2011-04-05,2014-12-31,40,95,370,22223.7662,18942.9861,3280.7801,2926.4138,2261.125,4,37,22223.7662,3280.7801,555.594155,82.0195025,14.76248476732085,0,1366,1,10.81081081081081,35.02564102564103,2011-04,5,5,5,555,15,5.0,1366,Champions,Protect. Highest value and most recently active. Give early access to new ranges and priority fulfilment; do NOT spend discount here - they already buy at the best margins.,Relative label: top recency and value quintiles within this 795-customer panel.
JOHN_HUSTON,Consumer,APAC,United States,2011-02-10,2014-12-18,38,83,289,25945.7315,20549.9078,5395.8237,2185.4385,3629.208,1,31,25945.7315,5395.8237,682.7824078947369,141.99536052631578,20.796575729614712,13,1407,1,3.225806451612903,38.02702702702703,2011-02,3,5,5,355,13,5.0,1420,Loyal Customers,Grow basket size. Consistent buyers with room to move up. Cross-sell adjacent sub-categories and bundle the low-margin items they already buy.,Relative label: upper-middle recency and value within this panel.
JOHN_LEE,Consumer,US,United States,2011-03-04,2014-12-10,37,72,295,25982.318,23589.316,2393.0019999999995,5517.582,3081.0640000000003,3,30,25982.318,2393.0019999999995,702.2248108108108,64.67572972972971,9.210117434479862,21,1377,1,10.0,38.25,2011-03,3,4,5,345,12,4.5,1398,Loyal Customers,Grow basket size. Consistent buyers with room to move up. Cross-sell adjacent sub-categories and bundle the low-margin items they already buy.,Relative label: upper-middle recency and value within this panel.
JOHN_LUCAS,Consumer,EU,United States,2011-02-21,2014-11-17,26,50,169,10501.278,10147.0314,354.2466000000001,3247.322,1154.836,2,22,10501.278,354.2466000000001,403.8953076923077,13.624869230769235,3.373366555956333,44,1365,1,9.090909090909092,54.6,2011-02,1,1,1,111,3,1.0,1409,Lost Customers,Reactivate cheaply or release. Longest dormancy in the panel. Use low-cost channels only; do not fund deep discounts to chase them.,"Relative label, and the most easily misread. Dormancy runs 36-428 days with a median near 49 - only 1 customer in the whole panel exceeds 180 days. These customers are not lost in any real sense; they are simply the least recent quintile."
JOHN_MURRAY,Consumer,EU,United States,2011-10-07,2014-10-24,35,79,292,22386.2145,20068.0996,2318.114900000001,4814.6555,2832.552,2,29,22386.2145,2318.114900000001,639.6061285714286,66.2318542857143,10.355100010321088,68,1113,1,6.896551724137931,32.73529411764706,2011-10,1,4,5,145,10,4.5,1181,Lost Customers,Reactivate cheaply or release. Longest dormancy in the panel. Use low-cost channels only; do not fund deep discounts to chase them.,"Relative label, and the most easily misread. Dormancy runs 36-428 days with a median near 49 - only 1 customer in the whole panel exceeds 180 days. These customers are not lost in any real sense; they are simply the least recent quintile."
JOHN_STEVENSON,Consumer,APAC,United States,2011-04-08,2014-12-20,26,42,169,12189.0971,11697.7002,491.39690000000047,3290.9229,1553.564,1,20,12189.0971,491.39690000000047,468.8114269230769,18.899880769230787,4.031446266844494,11,1352,1,5.0,54.08,2011-04,4,1,2,412,7,1.5,1363,Potential Loyalists,Convert to loyal. Recently active but spending below their cohort. Targeted category offers and a second-order incentive are justified here.,Relative label: recent but below-panel-average value. Not 'new' - see New Customers.
JONATHAN_DOHERTY,Corporate,US,United States,2011-03-26,2014-12-29,38,86,325,19481.75822,17754.9672,1726.79102,3838.1717800000006,2431.975,1,32,19481.75822,1726.79102,512.6778478947368,45.44186894736843,8.863630276590099,2,1374,1,3.125,37.13513513513514,2011-03,5,5,4,554,14,4.5,1376,Champions,Protect. Highest value and most recently active. Give early access to new ranges and priority fulfilment; do NOT spend discount here - they already buy at the best margins.,Relative label: top recency and value quintiles within this 795-customer panel.
JONATHAN_HOWELL,Consumer,APAC,United States,2011-04-08,2014-11-21,40,81,270,16546.7117,15841.6515,705.0601999999998,2845.5383,1412.715,1,32,16546.7117,705.0601999999998,413.6677925,17.626504999999995,4.261029096191963,40,1323,1,3.125,33.92307692307692,2011-04,1,5,4,154,10,4.5,1363,Lost Customers,Reactivate cheaply or release. Longest dormancy in the panel. Use low-cost channels only; do not fund deep discounts to chase them.,"Relative label, and the most easily misread. Dormancy runs 36-428 days with a median near 49 - only 1 customer in the whole panel exceeds 180 days. These customers are not lost in any real sense; they are simply the least recent quintile."
JONI_BLUMSTEIN,Consumer,APAC,China,2011-09-16,2014-12-22,27,59,205,13337.37896,12206.8728,1130.5061599999997,4094.16104,1396.247,3,19,13337.37896,1130.5061599999997,493.97699851851854,41.870598518518506,8.476224327062232,9,1193,1,15.789473684210526,45.88461538461539,2011-09,4,1,2,412,7,1.5,1202,Potential Loyalists,Convert to loyal. Recently active but spending below their cohort. Targeted category offers and a second-order incentive are justified here.,Relative label: recent but below-panel-average value. Not 'new' - see New Customers.
JONI_SUNDARESAM,Home Office,EMEA,United States,2011-01-24,2014-12-26,28,53,145,6802.106,6790.1326,11.973400000000098,2084.554,714.569,0,15,6802.106,11.973400000000098,242.93235714285717,0.427621428571432,0.1760248958190316,5,1432,1,0.0,53.03703703703704,2011-01,4,2,1,421,7,1.5,1437,Potential Loyalists,Convert to loyal. Recently active but spending below their cohort. Targeted category offers and a second-order incentive are justified here.,Relative label: recent but below-panel-average value. Not 'new' - see New Customers.
JONI_WASSERMAN,Consumer,APAC,United States,2011-06-14,2014-12-26,32,60,226,10948.6287,10291.5219,657.1067999999999,2075.0613000000003,1313.534,2,30,10948.6287,657.1067999999999,342.14464687500003,20.5345875,6.001726955997694,5,1291,1,6.666666666666667,41.64516129032258,2011-06,4,3,1,431,8,2.0,1296,Potential Loyalists,Convert to loyal. Recently active but spending below their cohort. Targeted category offers and a second-order incentive are justified here.,Relative label: recent but below-panel-average value. Not 'new' - see New Customers.
JOSEPH_AIRDO,Consumer,EU,United States,2011-06-21,2014-12-31,32,76,254,18162.6977,17320.367700000003,842.3299999999998,3115.0223,1566.745,1,25,18162.6977,842.3299999999998,567.584303125,26.322812499999998,4.637692119932161,0,1289,1,4.0,41.58064516129032,2011-06,5,3,4,534,12,3.5,1289,Loyal Customers,Grow basket size. Consistent buyers with room to move up. Cross-sell adjacent sub-categories and bundle the low-margin items they already buy.,Relative label: upper-middle recency and value within this panel.
JOSEPH_HOLT,Consumer,LATAM,United States,2011-01-01,2014-12-20,45,85,317,20936.8844,20550.2062,386.6781999999996,6025.3156,2516.502,5,38,20936.8844,386.6781999999996,465.26409777777775,8.59284888888888,1.8468755551805007,11,1449,1,13.157894736842104,32.93181818181818,2011-01,4,5,5,455,14,5.0,1460,Champions,Protect. Highest value and most recently active. Give early access to new ranges and priority fulfilment; do NOT spend discount here - they already buy at the best margins.,Relative label: top recency and value quintiles within this 795-customer panel.
JOY_BELL,Consumer,EU,United States,2011-03-30,2014-12-30,39,84,325,24008.18712,21140.2639,2867.92322,4196.49288,3346.25,1,32,24008.18712,2867.92322,615.5945415384616,73.53649282051282,11.94560507907271,1,1371,1,3.125,36.078947368421055,2011-03,5,5,5,555,15,5.0,1372,Champions,Protect. Highest value and most recently active. Give early access to new ranges and priority fulfilment; do NOT spend discount here - they already buy at the best margins.,Relative label: top recency and value quintiles within this 795-customer panel.
JOY_DANIELS,Consumer,LATAM,United States,2011-06-10,2014-11-19,32,67,221,11343.4093,11947.8195,-604.4102000000001,4541.940699999999,1245.632,4,24,11343.4093,-604.4102000000001,354.481540625,-18.887818750000005,-5.328294025324469,42,1258,1,16.666666666666664,40.58064516129032,2011-06,1,3,1,131,5,2.0,1300,Lost Customers,Reactivate cheaply or release. Longest dormancy in the panel. Use low-cost channels only; do not fund deep discounts to chase them.,"Relative label, and the most easily misread. Dormancy runs 36-428 days with a median near 49 - only 1 customer in the whole panel exceeds 180 days. These customers are not lost in any real sense; they are simply the least recent quintile."
JOY_SMITH,Consumer,APAC,United States,2011-01-07,2014-12-10,36,70,258,20791.85098,20894.8515,-103.00052000000028,8858.52902,2212.948,2,32,20791.85098,-103.00052000000028,577.551416111111,-2.8611255555555632,-0.4953888910567802,21,1433,1,6.25,40.94285714285714,2011-01,3,4,5,345,12,4.5,1454,Loyal Customers,Grow basket size. Consistent buyers with room to move up. Cross-sell adjacent sub-categories and bundle the low-margin items they already buy.,Relative label: upper-middle recency and value within this panel.
JULIANA_KROHN,Consumer,EU,Germany,2011-06-18,2014-12-23,38,83,287,23134.25284,21336.0055,1798.2473400000003,4524.717159999999,2353.487,3,33,23134.25284,1798.2473400000003,608.796127368421,47.32229842105264,7.77309452108504,8,1284,1,9.090909090909092,34.7027027027027,2011-06,4,5,5,455,14,5.0,1292,Champions,Protect. Highest value and most recently active. Give early access to new ranges and priority fulfilment; do NOT spend discount here - they already buy at the best margins.,Relative label: top recency and value quintiles within this 795-customer panel.
JULIA_BARNETT,Home Office,LATAM,United States,2011-02-08,2014-12-31,34,57,199,17086.93168,16837.8865,249.04518000000007,5493.418320000001,1573.304,1,24,17086.93168,249.04518000000007,502.5568141176471,7.32485823529412,1.4575184396125591,0,1422,1,4.166666666666666,43.09090909090909,2011-02,5,4,4,544,13,4.0,1422,Champions,Protect. Highest value and most recently active. Give early access to new ranges and priority fulfilment; do NOT spend discount here - they already buy at the best margins.,Relative label: top recency and value quintiles within this 795-customer panel.
JULIA_DUNBAR,Consumer,EU,France,2011-02-22,2014-10-27,28,48,142,11224.48096,10659.5779,564.90306,1654.81904,1686.687,1,19,11224.48096,564.90306,400.87432,20.175109285714285,5.032776678165437,65,1343,1,5.263157894736842,49.74074074074074,2011-02,1,2,1,121,4,1.5,1408,Lost Customers,Reactivate cheaply or release. Longest dormancy in the panel. Use low-cost channels only; do not fund deep discounts to chase them.,"Relative label, and the most easily misread. Dormancy runs 36-428 days with a median near 49 - only 1 customer in the whole panel exceeds 180 days. These customers are not lost in any real sense; they are simply the least recent quintile."
JULIA_WEST,Consumer,APAC,France,2011-03-22,2014-12-30,29,61,224,20599.983,17649.9673,2950.0156999999995,2965.077,1558.408,1,25,20599.983,2950.0156999999995,710.3442413793103,101.7246793103448,14.320476380975652,1,1379,1,4.0,49.25,2011-03,5,2,5,525,12,3.5,1380,Loyal Customers,Grow basket size. Consistent buyers with room to move up. Cross-sell adjacent sub-categories and bundle the low-margin items they already buy.,Relative label: upper-middle recency and value within this panel.
JULIE_CREIGHTON,Corporate,EU,United States,2011-02-24,2014-11-04,34,63,228,14994.04488,16883.1508,-1889.10592,7536.265119999998,1696.176,1,28,14994.04488,-1889.10592,441.00132,-55.56193882352941,-12.599041386889592,57,1349,1,3.571428571428571,40.87878787878788,2011-02,1,4,3,143,8,3.5,1406,Lost Customers,Reactivate cheaply or release. Longest dormancy in the panel. Use low-cost channels only; do not fund deep discounts to chase them.,"Relative label, and the most easily misread. Dormancy runs 36-428 days with a median near 49 - only 1 customer in the whole panel exceeds 180 days. These customers are not lost in any real sense; they are simply the least recent quintile."
JULIE_KRIZ,Home Office,US,United States,2011-03-28,2014-09-25,32,65,216,15647.78664,13753.5874,1894.19924,1782.83336,1652.835,0,26,15647.78664,1894.19924,488.9933325,59.19372625,12.105221547167003,97,1277,1,0.0,41.193548387096776,2011-03,1,3,3,133,7,3.0,1374,Lost Customers,Reactivate cheaply or release. Longest dormancy in the panel. Use low-cost channels only; do not fund deep discounts to chase them.,"Relative label, and the most easily misread. Dormancy runs 36-428 days with a median near 49 - only 1 customer in the whole panel exceeds 180 days. These customers are not lost in any real sense; they are simply the least recent quintile."
JULIE_PRESCOTT,Home Office,APAC,United States,2011-06-21,2014-12-05,42,76,241,14596.1586,11117.1184,3479.0402000000004,922.0014,1317.179,2,34,14596.1586,3479.0402000000004,347.5275857142857,82.83429047619049,23.83531376536289,26,1263,1,5.88235294117647,30.804878048780488,2011-06,2,5,3,253,10,4.0,1289,At Risk,"Reactivate now. Previously valuable, engagement slipping. Time-boxed win-back offer plus a service check - review whether returns or late shipments preceded the drop-off.","Relative label. Median dormancy is only ~28 days; this is the second-lowest recency quintile of a highly active panel, NOT evidence of churn."
JUSTIN_DEGGELLER,Corporate,LATAM,United States,2011-06-23,2014-12-31,34,71,248,23611.61948,20986.3006,2625.31888,2904.680519999999,2680.855,1,28,23611.61948,2625.31888,694.4593964705882,77.21526117647058,11.118758212344355,0,1287,1,3.571428571428571,39.0,2011-06,5,4,5,545,14,4.5,1287,Champions,Protect. Highest value and most recently active. Give early access to new ranges and priority fulfilment; do NOT spend discount here - they already buy at the best margins.,Relative label: top recency and value quintiles within this 795-customer panel.
JUSTIN_ELLISON,Corporate,APAC,Australia,2011-10-19,2014-12-11,28,53,178,12908.43436,9980.1304,2928.30396,1096.68564,1747.5,0,20,12908.43436,2928.30396,461.0155128571428,104.5822842857143,22.68519851697956,20,1149,1,0.0,42.55555555555556,2011-10,3,2,2,322,7,2.0,1169,Potential Loyalists,Convert to loyal. Recently active but spending below their cohort. Targeted category offers and a second-order incentive are justified here.,Relative label: recent but below-panel-average value. Not 'new' - see New Customers.
JUSTIN_HIRSH,Consumer,EU,France,2011-03-29,2014-12-04,40,81,283,23918.9014,19924.237,3994.6644,3735.8186,2653.002,1,31,23918.9014,3994.6644,597.972535,99.86661,16.70086904576646,27,1346,1,3.225806451612903,34.51282051282051,2011-03,2,5,5,255,12,5.0,1373,At Risk,"Reactivate now. Previously valuable, engagement slipping. Time-boxed win-back offer plus a service check - review whether returns or late shipments preceded the drop-off.","Relative label. Median dormancy is only ~28 days; this is the second-lowest recency quintile of a highly active panel, NOT evidence of churn."
JUSTIN_MACKENDRICK,Consumer,US,United States,2011-02-06,2014-12-19,33,53,170,9026.0566,7506.2616,1519.7949999999998,743.4434,1038.719,1,25,9026.0566,1519.7949999999998,273.51686666666666,46.05439393939393,16.83786250575916,12,1412,1,4.0,44.125,2011-02,4,3,1,431,8,2.0,1424,Potential Loyalists,Convert to loyal. Recently active but spending below their cohort. Targeted category offers and a second-order incentive are justified here.,Relative label: recent but below-panel-average value. Not 'new' - see New Customers.
JUSTIN_RITTER,Corporate,EU,United States,2011-10-13,2014-12-13,27,57,184,13623.249,12316.493,1306.756,1714.7810000000002,1795.004,2,21,13623.249,1306.756,504.56477777777775,48.398370370370365,9.59210244193584,18,1157,1,9.523809523809524,44.5,2011-10,3,1,2,312,6,1.5,1175,Potential Loyalists,Convert to loyal. Recently active but spending below their cohort. Targeted category offers and a second-order incentive are justified here.,Relative label: recent but below-panel-average value. Not 'new' - see New Customers.
KALYCA_MEADE,Corporate,APAC,United States,2011-03-08,2014-12-31,21,43,172,8645.9146,8276.3823,369.5322999999999,1469.7754,784.25,0,18,8645.9146,369.5322999999999,411.71021904761903,17.596776190476184,4.274068355937726,0,1394,1,0.0,69.7,2011-03,5,1,1,511,7,1.0,1394,Potential Loyalists,Convert to loyal. Recently active but spending below their cohort. Targeted category offers and a second-order incentive are justified here.,Relative label: recent but below-panel-average value. Not 'new' - see New Customers.
KAREN_BERN,Corporate,EU,United States,2011-03-31,2014-12-27,34,55,174,11846.018,9526.9474,2319.0706,731.5319999999999,1295.295,2,27,11846.018,2319.0706,348.41229411764704,68.20795882352941,19.57679449752651,4,1367,1,7.4074074074074066,41.42424242424242,2011-03,5,4,2,542,11,3.0,1371,Loyal Customers,Grow basket size. Consistent buyers with room to move up. Cross-sell adjacent sub-categories and bundle the low-margin items they already buy.,Relative label: upper-middle recency and value within this panel.
KAREN_CARLISLE,Corporate,LATAM,United States,2011-05-19,2014-11-17,35,63,198,10416.3223,8436.8223,1979.5,2520.2377,1507.529,1,27,10416.3223,1979.5,297.6092085714285,56.55714285714286,19.00382825135893,44,1278,1,3.7037037037037033,37.588235294117645,2011-05,1,4,1,141,6,2.5,1322,Lost Customers,Reactivate cheaply or release. Longest dormancy in the panel. Use low-cost channels only; do not fund deep discounts to chase them.,"Relative label, and the most easily misread. Dormancy runs 36-428 days with a median near 49 - only 1 customer in the whole panel exceeds 180 days. These customers are not lost in any real sense; they are simply the least recent quintile."
KAREN_DANIELS,Consumer,APAC,United States,2011-09-20,2014-11-25,30,64,246,24017.3275,21126.6328,2890.694699999999,9510.3725,2570.198,3,29,24017.3275,2890.694699999999,800.5775833333333,96.35648999999997,12.035871601451074,36,1162,1,10.344827586206897,40.06896551724138,2011-09,2,2,5,225,9,3.5,1198,At Risk,"Reactivate now. Previously valuable, engagement slipping. Time-boxed win-back offer plus a service check - review whether returns or late shipments preceded the drop-off.","Relative label. Median dormancy is only ~28 days; this is the second-lowest recency quintile of a highly active panel, NOT evidence of churn."
KAREN_FERGUSON,Home Office,US,United States,2011-09-26,2014-11-29,30,62,209,18265.0205,15879.8274,2385.1931000000004,3384.5695,2336.606,1,21,18265.0205,2385.1931000000004,608.8340166666666,79.50643666666669,13.058803301096765,32,1160,1,4.761904761904762,40.0,2011-09,2,2,4,224,8,3.0,1192,At Risk,"Reactivate now. Previously valuable, engagement slipping. Time-boxed win-back offer plus a service check - review whether returns or late shipments preceded the drop-off.","Relative label. Median dormancy is only ~28 days; this is the second-lowest recency quintile of a highly active panel, NOT evidence of churn."
KAREN_SEIO,Corporate,EU,United States,2011-03-11,2014-11-26,25,43,147,5324.973180000001,4211.291,1113.68218,495.78682000000015,905.94,2,21,5324.973180000001,1113.68218,212.99892720000005,44.5472872,20.91432468022308,35,1356,1,9.523809523809524,56.5,2011-03,2,1,1,211,4,1.0,1391,At Risk,"Reactivate now. Previously valuable, engagement slipping. Time-boxed win-back offer plus a service check - review whether returns or late shipments preceded the drop-off.","Relative label. Median dormancy is only ~28 days; this is the second-lowest recency quintile of a highly active panel, NOT evidence of churn."
KARL_BRAUN,Consumer,US,United States,2011-06-05,2014-12-29,40,93,291,17500.47728,15714.6147,1785.86258,3655.30272,2074.495,0,29,17500.47728,1785.86258,437.511932,44.6465645,10.204650715674653,2,1303,1,0.0,33.41025641025641,2011-06,5,5,4,554,14,4.5,1305,Champions,Protect. Highest value and most recently active. Give early access to new ranges and priority fulfilment; do NOT spend discount here - they already buy at the best margins.,Relative label: top recency and value quintiles within this 795-customer panel.
KATHARINE_HARMS,Corporate,APAC,United States,2011-04-01,2014-12-15,39,74,221,18416.8525,14805.8269,3611.0256,2212.8275,1827.899,3,26,18416.8525,3611.0256,472.2269871794872,92.5904,19.60718097731412,16,1354,1,11.538461538461538,35.63157894736842,2011-04,3,5,4,354,12,4.5,1370,Loyal Customers,Grow basket size. Consistent buyers with room to move up. Cross-sell adjacent sub-categories and bundle the low-margin items they already buy.,Relative label: upper-middle recency and value within this panel.
KATHERINE_DUCICH,Consumer,US,United States,2011-03-10,2014-11-20,21,39,141,11693.5004,9264.6698,2428.8306,442.9996,1051.897,0,15,11693.5004,2428.8306,556.8333523809523,115.6586,20.77077450649422,41,1351,1,0.0,67.55,2011-03,1,1,2,112,4,1.5,1392,Lost Customers,Reactivate cheaply or release. Longest dormancy in the panel. Use low-cost channels only; do not fund deep discounts to chase them.,"Relative label, and the most easily misread. Dormancy runs 36-428 days with a median near 49 - only 1 customer in the whole panel exceeds 180 days. These customers are not lost in any real sense; they are simply the least recent quintile."
KATHERINE_HUGHES,Consumer,LATAM,United States,2011-03-01,2014-12-30,35,75,225,12204.8744,10362.4869,1842.3875000000005,2049.1156,1366.848,2,28,12204.8744,1842.3875000000005,348.7106971428572,52.63964285714287,15.095505612085612,1,1400,1,7.142857142857142,41.1764705882353,2011-03,5,4,2,542,11,3.0,1401,Loyal Customers,Grow basket size. Consistent buyers with room to move up. Cross-sell adjacent sub-categories and bundle the low-margin items they already buy.,Relative label: upper-middle recency and value within this panel.
KATHERINE_MURRAY,Home Office,EU,United States,2011-05-19,2014-12-29,33,81,254,18519.15964,17068.0758,1451.0838400000002,3142.05036,2676.152,1,28,18519.15964,1451.0838400000002,561.1866557575759,43.97223757575758,7.835581463781799,2,1320,1,3.571428571428571,41.25,2011-05,5,3,4,534,12,3.5,1322,Loyal Customers,Grow basket size. Consistent buyers with room to move up. Cross-sell adjacent sub-categories and bundle the low-margin items they already buy.,Relative label: upper-middle recency and value within this panel.
KATHERINE_NOCKTON,Corporate,APAC,United States,2011-10-26,2014-12-12,32,59,209,19668.86634,15523.6738,4145.19254,2884.81366,1691.459,2,29,19668.86634,4145.19254,614.652073125,129.537266875,21.074893023041408,19,1143,1,6.896551724137931,36.87096774193548,2011-10,3,3,4,334,10,3.5,1162,Loyal Customers,Grow basket size. Consistent buyers with room to move up. Cross-sell adjacent sub-categories and bundle the low-margin items they already buy.,Relative label: upper-middle recency and value within this panel.
KATRINA_BAVINGER,Home Office,APAC,Brazil,2011-02-14,2014-12-12,31,68,247,14024.6405,13406.404,618.2365000000003,5333.509499999999,1389.944,2,28,14024.6405,618.2365000000003,452.4077580645161,19.943112903225817,4.408216381731855,19,1397,1,7.142857142857142,46.56666666666667,2011-02,3,3,3,333,9,3.0,1416,Loyal Customers,Grow basket size. Consistent buyers with room to move up. Cross-sell adjacent sub-categories and bundle the low-margin items they already buy.,Relative label: upper-middle recency and value within this panel.
KATRINA_EDELMAN,Corporate,APAC,United States,2011-04-03,2014-12-05,35,67,257,13551.13872,12264.591299999998,1286.54742,2291.341280000001,1715.913,1,31,13551.13872,1286.54742,387.175392,36.75849771428571,9.494017045971177,26,1342,1,3.225806451612903,39.47058823529412,2011-04,2,4,2,242,8,3.0,1368,At Risk,"Reactivate now. Previously valuable, engagement slipping. Time-boxed win-back offer plus a service check - review whether returns or late shipments preceded the drop-off.","Relative label. Median dormancy is only ~28 days; this is the second-lowest recency quintile of a highly active panel, NOT evidence of churn."
KATRINA_WILLMAN,Consumer,EU,United States,2011-02-17,2014-12-05,27,58,193,15747.2556,12640.245,3107.0106,2522.2044,1590.459,0,23,15747.2556,3107.0106,583.2316888888889,115.07446666666664,19.730489419375395,26,1387,1,0.0,53.34615384615385,2011-02,2,1,3,213,6,2.0,1413,At Risk,"Reactivate now. Previously valuable, engagement slipping. Time-boxed win-back offer plus a service check - review whether returns or late shipments preceded the drop-off.","Relative label. Median dormancy is only ~28 days; this is the second-lowest recency quintile of a highly active panel, NOT evidence of churn."
KEAN_NGUYEN,Corporate,APAC,United States,2011-01-03,2014-11-24,34,66,240,18061.9801,15804.7637,2257.2164,3209.1399,1826.735,2,26,18061.9801,2257.2164,531.2347088235294,66.38871764705881,12.497059500137528,37,1421,1,7.6923076923076925,43.06060606060606,2011-01,1,4,4,144,9,4.0,1458,Lost Customers,Reactivate cheaply or release. Longest dormancy in the panel. Use low-cost channels only; do not fund deep discounts to chase them.,"Relative label, and the most easily misread. Dormancy runs 36-428 days with a median near 49 - only 1 customer in the whole panel exceeds 180 days. These customers are not lost in any real sense; they are simply the least recent quintile."
KEAN_TAKAHITO,Consumer,LATAM,United States,2011-03-23,2014-11-18,39,82,312,17257.1602,16269.5668,987.5933999999996,3893.5698,1572.003,2,32,17257.1602,987.5933999999996,442.49128717948713,25.322907692307687,5.722803685857884,43,1336,1,6.25,35.1578947368421,2011-03,1,5,4,154,10,4.5,1379,Lost Customers,Reactivate cheaply or release. Longest dormancy in the panel. Use low-cost channels only; do not fund deep discounts to chase them.,"Relative label, and the most easily misread. Dormancy runs 36-428 days with a median near 49 - only 1 customer in the whole panel exceeds 180 days. These customers are not lost in any real sense; they are simply the least recent quintile."
KEAN_THORNTON,Consumer,US,United States,2011-03-10,2014-12-04,27,45,123,8360.392100000001,8978.3113,-617.9192,3934.4079,1028.599,2,20,8360.392100000001,-617.9192,309.64415185185186,-22.8858962962963,-7.391031336915406,27,1365,1,10.0,52.5,2011-03,2,1,1,211,4,1.0,1392,At Risk,"Reactivate now. Previously valuable, engagement slipping. Time-boxed win-back offer plus a service check - review whether returns or late shipments preceded the drop-off.","Relative label. Median dormancy is only ~28 days; this is the second-lowest recency quintile of a highly active panel, NOT evidence of churn."
KEITH_DAWKINS,Corporate,US,United States,2011-06-14,2014-11-15,40,78,253,26451.2631,20965.0906,5486.1725,2126.6069,2656.459,0,36,26451.2631,5486.1725,661.2815775,137.1543125,20.74068251205743,46,1250,1,0.0,32.05128205128205,2011-06,1,5,5,155,11,5.0,1296,Lost Customers,Reactivate cheaply or release. Longest dormancy in the panel. Use low-cost channels only; do not fund deep discounts to chase them.,"Relative label, and the most easily misread. Dormancy runs 36-428 days with a median near 49 - only 1 customer in the whole panel exceeds 180 days. These customers are not lost in any real sense; they are simply the least recent quintile."
KEITH_HERRERA,Consumer,APAC,United States,2011-06-29,2014-12-16,33,79,281,16884.736,14687.902799999998,2196.8332,1935.5239999999997,1513.159,0,26,16884.736,2196.8332,511.6586666666667,66.57070303030304,13.010764278458367,15,1266,1,0.0,39.5625,2011-06,3,3,4,334,10,3.5,1281,Loyal Customers,Grow basket size. Consistent buyers with room to move up. Cross-sell adjacent sub-categories and bundle the low-margin items they already buy.,Relative label: upper-middle recency and value within this panel.
KELLY_ANDREADA,Consumer,APAC,United States,2011-03-11,2014-12-15,42,86,301,18879.78412,17478.386599999998,1401.3975200000004,3931.67588,1728.418,2,35,18879.78412,1401.3975200000004,449.5186695238096,33.36660761904763,7.422741229945803,16,1375,1,5.714285714285714,33.53658536585366,2011-03,3,5,4,354,12,4.5,1391,Loyal Customers,Grow basket size. Consistent buyers with room to move up. Cross-sell adjacent sub-categories and bundle the low-margin items they already buy.,Relative label: upper-middle recency and value within this panel.
KELLY_COLLISTER,Consumer,LATAM,United States,2011-06-15,2014-11-28,32,55,196,19403.02326,17044.9201,2358.10316,2474.73674,1640.027,0,25,19403.02326,2358.10316,606.344476875,73.69072374999999,12.153276983702382,33,1262,1,0.0,40.70967741935484,2011-06,2,3,4,234,9,3.5,1295,At Risk,"Reactivate now. Previously valuable, engagement slipping. Time-boxed win-back offer plus a service check - review whether returns or late shipments preceded the drop-off.","Relative label. Median dormancy is only ~28 days; this is the second-lowest recency quintile of a highly active panel, NOT evidence of churn."
KELLY_LAMPKIN,Corporate,US,United States,2011-05-09,2014-12-16,33,86,279,14248.4477,13509.6993,738.7484000000001,4116.402300000001,1688.338,1,26,14248.4477,738.7484000000001,431.7711424242424,22.386315151515152,5.18476409188069,15,1317,1,3.8461538461538463,41.15625,2011-05,3,3,3,333,9,3.0,1332,Loyal Customers,Grow basket size. Consistent buyers with room to move up. Cross-sell adjacent sub-categories and bundle the low-margin items they already buy.,Relative label: upper-middle recency and value within this panel.
KELLY_WILLIAMS,Consumer,APAC,Australia,2011-02-08,2014-12-09,40,71,234,11833.7753,9462.629,2371.1463,1336.2547,1141.869,2,34,11833.7753,2371.1463,295.8443825,59.2786575,20.03710768447665,22,1400,1,5.88235294117647,35.8974358974359,2011-02,2,5,2,252,9,3.5,1422,At Risk,"Reactivate now. Previously valuable, engagement slipping. Time-boxed win-back offer plus a service check - review whether returns or late shipments preceded the drop-off.","Relative label. Median dormancy is only ~28 days; this is the second-lowest recency quintile of a highly active panel, NOT evidence of churn."
KEN_BLACK,Corporate,US,United States,2011-04-04,2014-09-29,29,66,266,16602.5295,15251.506899999998,1351.0226,1847.1305,1967.428,5,27,16602.5295,1351.0226,572.5010172413794,46.58698620689656,8.137450380678438,93,1274,1,18.51851851851852,45.5,2011-04,1,2,4,124,7,3.0,1367,Lost Customers,Reactivate cheaply or release. Longest dormancy in the panel. Use low-cost channels only; do not fund deep discounts to chase them.,"Relative label, and the most easily misread. Dormancy runs 36-428 days with a median near 49 - only 1 customer in the whole panel exceeds 180 days. These customers are not lost in any real sense; they are simply the least recent quintile."
KEN_BRENNAN,Corporate,APAC,United States,2011-05-18,2014-12-30,36,56,178,11463.6947,10417.4496,1046.2451,1434.6953000000003,1234.749,1,25,11463.6947,1046.2451,318.43596388888886,29.062363888888893,9.126595983055967,1,1322,1,4.0,37.77142857142857,2011-05,5,4,1,541,10,2.5,1323,Potential Loyalists,Convert to loyal. Recently active but spending below their cohort. Targeted category offers and a second-order incentive are justified here.,Relative label: recent but below-panel-average value. Not 'new' - see New Customers.
KEN_DANA,Corporate,LATAM,United States,2011-10-20,2014-10-17,27,56,224,12554.42362,10803.6981,1750.72552,2279.0363800000005,1428.348,2,24,12554.42362,1750.72552,464.9786525925927,64.84168592592593,13.94508878297672,75,1093,1,8.333333333333332,42.03846153846154,2011-10,1,1,2,112,4,1.5,1168,Lost Customers,Reactivate cheaply or release. Longest dormancy in the panel. Use low-cost channels only; do not fund deep discounts to chase them.,"Relative label, and the most easily misread. Dormancy runs 36-428 days with a median near 49 - only 1 customer in the whole panel exceeds 180 days. These customers are not lost in any real sense; they are simply the least recent quintile."
KEN_HEIDEL,Corporate,US,United States,2011-02-02,2014-12-23,32,57,204,9016.57056,7510.597400000001,1505.9731599999998,1694.68944,960.975,1,27,9016.57056,1505.9731599999998,281.76783,47.06166124999999,16.70228331247041,8,1420,1,3.7037037037037033,45.80645161290322,2011-02,4,3,1,431,8,2.0,1428,Potential Loyalists,Convert to loyal. Recently active but spending below their cohort. Targeted category offers and a second-order incentive are justified here.,Relative label: recent but below-panel-average value. Not 'new' - see New Customers.
KEN_LONSDALE,Consumer,US,United States,2011-01-03,2014-12-31,33,82,269,24129.4045,23974.504,154.9004999999995,5053.6555,1603.672,1,28,24129.4045,154.9004999999995,731.1940757575758,4.693954545454531,0.6419574092680137,0,1458,1,3.571428571428571,45.5625,2011-01,5,3,5,535,13,4.0,1458,Champions,Protect. Highest value and most recently active. Give early access to new ranges and priority fulfilment; do NOT spend discount here - they already buy at the best margins.,Relative label: top recency and value quintiles within this 795-customer panel.
KHLOE_MILLER,Consumer,APAC,Germany,2011-01-06,2014-12-16,32,61,216,10973.8066,10125.9089,847.8976999999998,2542.5334000000003,1420.54,0,29,10973.8066,847.8976999999998,342.93145625,26.496803124999992,7.7265595331341075,15,1440,1,0.0,46.45161290322581,2011-01,3,3,1,331,7,2.0,1455,Potential Loyalists,Convert to loyal. Recently active but spending below their cohort. Targeted category offers and a second-order incentive are justified here.,Relative label: recent but below-panel-average value. Not 'new' - see New Customers.
KIMBERLY_CARTER,Corporate,EU,Brazil,2011-09-07,2014-12-29,26,53,212,13923.12304,11778.1603,2144.96274,1502.8769599999998,2001.466,0,23,13923.12304,2144.96274,535.5047323076923,82.49856692307692,15.405758706848289,2,1209,1,0.0,48.36,2011-09,5,1,2,512,8,1.5,1211,Potential Loyalists,Convert to loyal. Recently active but spending below their cohort. Targeted category offers and a second-order incentive are justified here.,Relative label: recent but below-panel-average value. Not 'new' - see New Customers.
KRISTEN_HASTINGS,Corporate,EU,United States,2011-03-21,2014-12-29,46,88,309,19854.4741,17483.8999,2370.5742,3528.6659,2030.532,3,39,19854.4741,2370.5742,431.619002173913,51.53422173913044,11.939748129616792,2,1379,1,7.6923076923076925,30.64444444444445,2011-03,5,5,4,554,14,4.5,1381,Champions,Protect. Highest value and most recently active. Give early access to new ranges and priority fulfilment; do NOT spend discount here - they already buy at the best margins.,Relative label: top recency and value quintiles within this 795-customer panel.
KRISTINA_NUNN,Home Office,US,United States,2011-03-02,2014-09-24,24,46,148,10715.636,9017.1275,1698.5085,1038.4339999999995,1020.64,3,19,10715.636,1698.5085,446.48483333333337,70.7711875,15.850748383017116,98,1302,1,15.789473684210526,56.60869565217392,2011-03,1,1,1,111,3,1.0,1400,Lost Customers,Reactivate cheaply or release. Longest dormancy in the panel. Use low-cost channels only; do not fund deep discounts to chase them.,"Relative label, and the most easily misread. Dormancy runs 36-428 days with a median near 49 - only 1 customer in the whole panel exceeds 180 days. These customers are not lost in any real sense; they are simply the least recent quintile."
KUNST_MILLER,Consumer,US,United States,2011-03-30,2014-12-03,26,69,251,16969.674,14210.4835,2759.1905,2964.226,2263.721,1,23,16969.674,2759.1905,652.6797692307692,106.12271153846152,16.25953745487391,28,1344,1,4.3478260869565215,53.76,2011-03,2,1,4,214,7,2.5,1372,At Risk,"Reactivate now. Previously valuable, engagement slipping. Time-boxed win-back offer plus a service check - review whether returns or late shipments preceded the drop-off.","Relative label. Median dormancy is only ~28 days; this is the second-lowest recency quintile of a highly active panel, NOT evidence of churn."
LARRY_BLACKS,Consumer,LATAM,Mexico,2011-01-03,2014-12-22,36,63,221,14583.98922,12919.4973,1664.49192,2378.31078,1521.517,1,29,14583.98922,1664.49192,405.1108116666667,46.235886666666666,11.413145572799593,9,1449,1,3.4482758620689653,41.4,2011-01,4,4,3,443,11,3.5,1458,Loyal Customers,Grow basket size. Consistent buyers with room to move up. Cross-sell adjacent sub-categories and bundle the low-margin items they already buy.,Relative label: upper-middle recency and value within this panel.
LARRY_HUGHES,Consumer,LATAM,Mexico,2011-07-23,2014-12-19,27,50,179,8690.7402,8049.538300000002,641.2018999999996,2092.9198,1277.936,3,22,8690.7402,641.2018999999996,321.8792666666667,23.748218518518502,7.377989506578503,12,1245,1,13.636363636363637,47.88461538461539,2011-07,4,1,1,411,6,1.0,1257,Potential Loyalists,Convert to loyal. Recently active but spending below their cohort. Targeted category offers and a second-order incentive are justified here.,Relative label: recent but below-panel-average value. Not 'new' - see New Customers.
LARRY_TRON,Consumer,LATAM,China,2011-01-23,2014-12-25,34,56,189,18619.11294,14405.46,4213.65294,763.0570599999999,1863.797,3,30,18619.11294,4213.65294,547.6209688235294,123.9309688235294,22.63079317247001,6,1432,1,10.0,43.39393939393939,2011-01,4,4,4,444,12,4.0,1438,Champions,Protect. Highest value and most recently active. Give early access to new ranges and priority fulfilment; do NOT spend discount here - they already buy at the best margins.,Relative label: top recency and value quintiles within this 795-customer panel.
LAURA_ARMSTRONG,Corporate,APAC,United States,2011-02-17,2014-12-30,46,86,323,27862.4419,23900.132100000003,3962.3098,4933.778099999999,3150.491,2,34,27862.4419,3962.3098,605.7052586956522,86.13716956521739,14.220971062841407,1,1412,1,5.88235294117647,31.377777777777776,2011-02,5,5,5,555,15,5.0,1413,Champions,Protect. Highest value and most recently active. Give early access to new ranges and priority fulfilment; do NOT spend discount here - they already buy at the best margins.,Relative label: top recency and value quintiles within this 795-customer panel.
LAUREL_BELTRAN,Home Office,APAC,United States,2011-02-14,2014-11-22,39,88,316,26385.98522,22082.747000000003,4303.238219999999,4035.45478,2654.931,1,31,26385.98522,4303.238219999999,676.5637235897435,110.33944153846151,16.308802510577618,39,1377,1,3.225806451612903,36.23684210526316,2011-02,1,5,5,155,11,5.0,1416,Lost Customers,Reactivate cheaply or release. Longest dormancy in the panel. Use low-cost channels only; do not fund deep discounts to chase them.,"Relative label, and the most easily misread. Dormancy runs 36-428 days with a median near 49 - only 1 customer in the whole panel exceeds 180 days. These customers are not lost in any real sense; they are simply the least recent quintile."
LAUREL_ELLISTON,Consumer,APAC,United States,2011-04-19,2014-12-17,30,61,199,11478.7737,9453.7451,2025.0286,2125.9763,1056.233,0,24,11478.7737,2025.0286,382.62579,67.50095333333334,17.64150642677101,14,1338,1,0.0,46.13793103448276,2011-04,3,2,1,321,6,1.5,1352,Potential Loyalists,Convert to loyal. Recently active but spending below their cohort. Targeted category offers and a second-order incentive are justified here.,Relative label: recent but below-panel-average value. Not 'new' - see New Customers.
LAUREL_WORKMAN,Corporate,APAC,United States,2011-03-24,2014-12-09,31,63,181,10872.60924,9723.8043,1148.80494,2109.27076,1507.054,2,20,10872.60924,1148.80494,350.72933032258067,37.058223870967744,10.566046425853155,22,1356,1,10.0,45.2,2011-03,2,3,1,231,6,2.0,1378,At Risk,"Reactivate now. Previously valuable, engagement slipping. Time-boxed win-back offer plus a service check - review whether returns or late shipments preceded the drop-off.","Relative label. Median dormancy is only ~28 days; this is the second-lowest recency quintile of a highly active panel, NOT evidence of churn."
LAUREN_LEATHERBURY,Consumer,EU,United States,2011-04-29,2014-12-05,35,66,220,14936.93606,14041.9962,894.9398599999998,2584.7439400000003,1657.85,1,26,14936.93606,894.9398599999998,426.7696017142857,25.56971028571428,5.991455385529714,26,1316,1,3.8461538461538463,38.70588235294117,2011-04,2,4,3,243,9,3.5,1342,At Risk,"Reactivate now. Previously valuable, engagement slipping. Time-boxed win-back offer plus a service check - review whether returns or late shipments preceded the drop-off.","Relative label. Median dormancy is only ~28 days; this is the second-lowest recency quintile of a highly active panel, NOT evidence of churn."
LELA_DONOVAN,Corporate,LATAM,Germany,2011-05-12,2014-11-19,38,71,260,16184.63858,14697.8999,1486.73868,1882.06142,1626.764,1,30,16184.63858,1486.73868,425.9115415789474,39.124702105263154,9.186109857511566,42,1287,1,3.333333333333333,34.78378378378378,2011-05,1,5,3,153,9,4.0,1329,Lost Customers,Reactivate cheaply or release. Longest dormancy in the panel. Use low-cost channels only; do not fund deep discounts to chase them.,"Relative label, and the most easily misread. Dormancy runs 36-428 days with a median near 49 - only 1 customer in the whole panel exceeds 180 days. These customers are not lost in any real sense; they are simply the least recent quintile."
LENA_CACIOPPO,Consumer,US,United States,2011-02-26,2014-12-08,29,66,241,11080.34336,9903.5751,1176.76826,2303.03664,1293.208,1,21,11080.34336,1176.76826,382.0808055172414,40.578215862068966,10.620323051071948,23,1381,1,4.761904761904762,49.32142857142857,2011-02,2,2,1,221,5,1.5,1404,At Risk,"Reactivate now. Previously valuable, engagement slipping. Time-boxed win-back offer plus a service check - review whether returns or late shipments preceded the drop-off.","Relative label. Median dormancy is only ~28 days; this is the second-lowest recency quintile of a highly active panel, NOT evidence of churn."
LENA_CREIGHTON,Consumer,US,United States,2011-01-24,2014-12-15,38,69,248,18886.9004,17714.3891,1172.5112999999997,6049.6596,2928.481,4,29,18886.9004,1172.5112999999997,497.02369473684206,30.85556052631578,6.208066306104943,16,1421,1,13.79310344827586,38.4054054054054,2011-01,3,5,4,354,12,4.5,1437,Loyal Customers,Grow basket size. Consistent buyers with room to move up. Cross-sell adjacent sub-categories and bundle the low-margin items they already buy.,Relative label: upper-middle recency and value within this panel.
LENA_HERNANDEZ,Consumer,APAC,United States,2011-05-13,2014-12-10,32,55,229,12939.16928,11941.7793,997.38998,2465.57072,1229.905,1,29,12939.16928,997.38998,404.34904,31.168436875,7.7082999566414205,21,1307,1,3.4482758620689653,42.16129032258065,2011-05,3,3,2,332,8,2.5,1328,Potential Loyalists,Convert to loyal. Recently active but spending below their cohort. Targeted category offers and a second-order incentive are justified here.,Relative label: recent but below-panel-average value. Not 'new' - see New Customers.
LENA_RADFORD,Consumer,EU,United States,2011-03-25,2014-12-05,29,65,224,22902.74156,19531.0256,3371.7159599999995,3218.06844,1966.185,2,26,22902.74156,3371.7159599999995,789.7497089655174,116.26606758620689,14.721887993919273,26,1351,1,7.6923076923076925,48.25,2011-03,2,2,5,225,9,3.5,1377,At Risk,"Reactivate now. Previously valuable, engagement slipping. Time-boxed win-back offer plus a service check - review whether returns or late shipments preceded the drop-off.","Relative label. Median dormancy is only ~28 days; this is the second-lowest recency quintile of a highly active panel, NOT evidence of churn."
LINDA_CAZAMIAS,Corporate,US,United States,2011-02-21,2014-11-20,35,67,211,16741.38396,14467.96,2273.42396,3032.98604,1650.951,1,26,16741.38396,2273.42396,478.325256,64.95497028571428,13.57966560848175,41,1368,1,3.8461538461538463,40.23529411764706,2011-02,1,4,4,144,9,4.0,1409,Lost Customers,Reactivate cheaply or release. Longest dormancy in the panel. Use low-cost channels only; do not fund deep discounts to chase them.,"Relative label, and the most easily misread. Dormancy runs 36-428 days with a median near 49 - only 1 customer in the whole panel exceeds 180 days. These customers are not lost in any real sense; they are simply the least recent quintile."
LINDA_SOUTHWORTH,Corporate,EMEA,United States,2011-04-26,2014-12-25,32,63,201,13146.15176,13214.0037,-67.85194000000031,4781.90824,1298.995,3,20,13146.15176,-67.85194000000031,410.8172425,-2.1203731250000097,-0.5161353773996011,6,1339,1,15.0,43.193548387096776,2011-04,4,3,2,432,9,2.5,1345,Potential Loyalists,Convert to loyal. Recently active but spending below their cohort. Targeted category offers and a second-order incentive are justified here.,Relative label: recent but below-panel-average value. Not 'new' - see New Customers.
LINDSAY_CASTELL,Home Office,EU,United States,2011-04-26,2014-12-29,30,50,179,14299.4995,12878.7858,1420.7137000000002,3941.7405,1322.728,1,22,14299.4995,1420.7137000000002,476.64998333333335,47.35712333333334,9.935408578461088,2,1343,1,4.545454545454546,46.310344827586206,2011-04,5,2,3,523,10,2.5,1345,Potential Loyalists,Convert to loyal. Recently active but spending below their cohort. Targeted category offers and a second-order incentive are justified here.,Relative label: recent but below-panel-average value. Not 'new' - see New Customers.
LINDSAY_SHAGIARI,Home Office,US,United States,2011-06-17,2014-12-11,27,59,192,9363.0997,7585.027300000001,1778.0723999999998,1220.2403,995.952,2,22,9363.0997,1778.0723999999998,346.7814703703704,65.85453333333332,18.9902111156629,20,1273,1,9.090909090909092,48.96153846153846,2011-06,3,1,1,311,5,1.0,1293,Potential Loyalists,Convert to loyal. Recently active but spending below their cohort. Targeted category offers and a second-order incentive are justified here.,Relative label: recent but below-panel-average value. Not 'new' - see New Customers.
LINDSAY_WILLIAMS,Corporate,EMEA,United States,2011-01-03,2014-12-17,34,58,179,10981.6205,9494.6941,1486.9264,1989.3195,1572.406,0,23,10981.6205,1486.9264,322.98883823529417,43.73312941176471,13.54013644889659,14,1444,1,0.0,43.75757575757576,2011-01,3,4,1,341,8,2.5,1458,Potential Loyalists,Convert to loyal. Recently active but spending below their cohort. Targeted category offers and a second-order incentive are justified here.,Relative label: recent but below-panel-average value. Not 'new' - see New Customers.
LISA_DECHERNEY,Consumer,APAC,Australia,2011-02-11,2014-11-18,33,58,181,11823.34064,10657.9026,1165.43804,2280.4793600000003,1192.166,0,27,11823.34064,1165.43804,358.2830496969697,35.316304242424245,9.857096022905418,43,1376,1,0.0,43.0,2011-02,1,3,2,132,6,2.5,1419,Lost Customers,Reactivate cheaply or release. Longest dormancy in the panel. Use low-cost channels only; do not fund deep discounts to chase them.,"Relative label, and the most easily misread. Dormancy runs 36-428 days with a median near 49 - only 1 customer in the whole panel exceeds 180 days. These customers are not lost in any real sense; they are simply the least recent quintile."
LISA_HAZARD,Consumer,LATAM,United States,2011-05-27,2014-11-20,21,43,182,9162.9978,7824.918900000001,1338.0789,1551.7822,1357.126,0,18,9162.9978,1338.0789,436.3332285714286,63.718042857142855,14.603069096011351,41,1273,1,0.0,63.65,2011-05,1,1,1,111,3,1.0,1314,Lost Customers,Reactivate cheaply or release. Longest dormancy in the panel. Use low-cost channels only; do not fund deep discounts to chase them.,"Relative label, and the most easily misread. Dormancy runs 36-428 days with a median near 49 - only 1 customer in the whole panel exceeds 180 days. These customers are not lost in any real sense; they are simply the least recent quintile."
LISA_RYAN,Corporate,LATAM,United States,2011-03-28,2014-11-16,35,78,243,18796.9522,16347.8139,2449.1383,2393.9378,1789.134,3,26,18796.9522,2449.1383,537.0557771428571,69.97537999999999,13.02944367757662,45,1329,1,11.538461538461538,39.088235294117645,2011-03,1,4,4,144,9,4.0,1374,Lost Customers,Reactivate cheaply or release. Longest dormancy in the panel. Use low-cost channels only; do not fund deep discounts to chase them.,"Relative label, and the most easily misread. Dormancy runs 36-428 days with a median near 49 - only 1 customer in the whole panel exceeds 180 days. These customers are not lost in any real sense; they are simply the least recent quintile."
LIZ_CARLISLE,Consumer,LATAM,United States,2011-02-01,2014-12-27,30,58,214,20127.52582,17279.916,2847.60982,2196.43418,1895.763,1,23,20127.52582,2847.60982,670.9175273333333,94.92032733333332,14.147838365560226,4,1425,1,4.3478260869565215,49.13793103448276,2011-02,5,2,5,525,12,3.5,1429,Loyal Customers,Grow basket size. Consistent buyers with room to move up. Cross-sell adjacent sub-categories and bundle the low-margin items they already buy.,Relative label: upper-middle recency and value within this panel.
LIZ_MACKENDRICK,Consumer,APAC,United States,2011-02-21,2014-12-24,22,50,205,15529.853,13661.702,1868.1510000000003,1095.3369999999998,1345.563,1,18,15529.853,1868.1510000000003,705.902409090909,84.91595454545455,12.029418436864797,7,1402,1,5.555555555555555,66.76190476190476,2011-02,4,1,3,413,8,2.0,1409,Potential Loyalists,Convert to loyal. Recently active but spending below their cohort. Targeted category offers and a second-order incentive are justified here.,Relative label: recent but below-panel-average value. Not 'new' - see New Customers.
LIZ_PELLETIER,Consumer,LATAM,United States,2011-01-27,2014-11-21,31,54,197,9463.3275,9728.9047,-265.57719999999995,2466.8124999999995,988.732,1,24,9463.3275,-265.57719999999995,305.26862903225805,-8.567006451612901,-2.80638285000704,40,1394,1,4.166666666666666,46.46666666666667,2011-01,1,3,1,131,5,2.0,1434,Lost Customers,Reactivate cheaply or release. Longest dormancy in the panel. Use low-cost channels only; do not fund deep discounts to chase them.,"Relative label, and the most easily misread. Dormancy runs 36-428 days with a median near 49 - only 1 customer in the whole panel exceeds 180 days. These customers are not lost in any real sense; they are simply the least recent quintile."
LIZ_PREIS,Consumer,APAC,United States,2011-04-04,2014-12-31,30,71,239,16609.5116,14486.8136,2122.698,2332.2784,1968.924,1,26,16609.5116,2122.698,553.6503866666667,70.75659999999999,12.780014555033633,0,1367,1,3.8461538461538463,47.13793103448276,2011-04,5,2,4,524,11,3.0,1367,Loyal Customers,Grow basket size. Consistent buyers with room to move up. Cross-sell adjacent sub-categories and bundle the low-margin items they already buy.,Relative label: upper-middle recency and value within this panel.
LIZ_THOMPSON,Consumer,APAC,United States,2011-02-07,2014-11-27,32,74,288,21221.76716,18075.339000000004,3146.42816,2519.93284,2046.103,3,26,21221.76716,3146.42816,663.18022375,98.32588,14.8264191962796,34,1389,1,11.538461538461538,44.80645161290322,2011-02,2,3,5,235,10,4.0,1423,At Risk,"Reactivate now. Previously valuable, engagement slipping. Time-boxed win-back offer plus a service check - review whether returns or late shipments preceded the drop-off.","Relative label. Median dormancy is only ~28 days; this is the second-lowest recency quintile of a highly active panel, NOT evidence of churn."
LIZ_WILLINGHAM,Consumer,EU,France,2011-04-07,2014-11-28,25,41,126,8046.61,6646.5688,1400.0412,827.8399999999999,728.0840000000001,1,16,8046.61,1400.0412,321.8644,56.001648,17.399143241688115,33,1331,1,6.25,55.458333333333336,2011-04,2,1,1,211,4,1.0,1364,At Risk,"Reactivate now. Previously valuable, engagement slipping. Time-boxed win-back offer plus a service check - review whether returns or late shipments preceded the drop-off.","Relative label. Median dormancy is only ~28 days; this is the second-lowest recency quintile of a highly active panel, NOT evidence of churn."
LOGAN_CURRIE,Consumer,US,United States,2011-07-27,2014-12-18,36,71,257,16082.67376,14157.3868,1925.2869600000004,2950.43624,1665.82,3,30,16082.67376,1925.2869600000004,446.7409377777778,53.48019333333335,11.971187059632308,13,1240,1,10.0,35.42857142857143,2011-07,3,4,3,343,10,3.5,1253,Loyal Customers,Grow basket size. Consistent buyers with room to move up. Cross-sell adjacent sub-categories and bundle the low-margin items they already buy.,Relative label: upper-middle recency and value within this panel.
LOGAN_HAUSHALTER,Consumer,APAC,United States,2011-03-01,2014-10-17,37,72,233,17292.2398,15772.7088,1519.5309999999995,4188.1302000000005,2268.486,3,29,17292.2398,1519.5309999999995,467.3578324324324,41.06840540540539,8.787357899119579,75,1326,1,10.344827586206897,36.833333333333336,2011-03,1,4,4,144,9,4.0,1401,Lost Customers,Reactivate cheaply or release. Longest dormancy in the panel. Use low-cost channels only; do not fund deep discounts to chase them.,"Relative label, and the most easily misread. Dormancy runs 36-428 days with a median near 49 - only 1 customer in the whole panel exceeds 180 days. These customers are not lost in any real sense; they are simply the least recent quintile."
LORI_OLSON,Corporate,EU,United States,2011-02-02,2014-12-29,35,69,232,13537.5086,11748.7888,1788.7198,2976.9914,1379.751,2,28,13537.5086,1788.7198,386.7859600000001,51.106280000000005,13.21306492097076,2,1426,1,7.142857142857142,41.94117647058823,2011-02,5,4,2,542,11,3.0,1428,Loyal Customers,Grow basket size. Consistent buyers with room to move up. Cross-sell adjacent sub-categories and bundle the low-margin items they already buy.,Relative label: upper-middle recency and value within this panel.
LUKE_FOSTER,Consumer,EU,United States,2011-07-26,2014-12-09,27,61,246,13421.2385,17065.586,-3644.347500000001,12246.4515,1340.36,2,22,13421.2385,-3644.347500000001,497.0829074074074,-134.97583333333338,-27.15358571416491,22,1232,1,9.090909090909092,47.38461538461539,2011-07,2,1,2,212,5,1.5,1254,At Risk,"Reactivate now. Previously valuable, engagement slipping. Time-boxed win-back offer plus a service check - review whether returns or late shipments preceded the drop-off.","Relative label. Median dormancy is only ~28 days; this is the second-lowest recency quintile of a highly active panel, NOT evidence of churn."
LUKE_SCHMIDT,Corporate,APAC,United States,2011-01-31,2014-12-16,28,58,208,15599.39722,13945.429,1653.9682200000002,2279.48278,1595.204,2,24,15599.39722,1653.9682200000002,557.1213292857143,59.07029357142858,10.602770072932346,15,1415,1,8.333333333333332,52.407407407407405,2011-01,3,2,3,323,8,2.5,1430,Potential Loyalists,Convert to loyal. Recently active but spending below their cohort. Targeted category offers and a second-order incentive are justified here.,Relative label: recent but below-panel-average value. Not 'new' - see New Customers.
LUKE_WEISS,Consumer,APAC,United States,2011-01-25,2014-12-10,29,53,193,12051.50544,11202.1229,849.3825400000002,2105.46456,1211.316,0,24,12051.50544,849.3825400000002,415.5691531034483,29.28905310344828,7.04793724094274,21,1415,1,0.0,50.535714285714285,2011-01,3,2,2,322,7,2.0,1436,Potential Loyalists,Convert to loyal. Recently active but spending below their cohort. Targeted category offers and a second-order incentive are justified here.,Relative label: recent but below-panel-average value. Not 'new' - see New Customers.
LYCORIS_SAUNDERS,Consumer,APAC,Australia,2011-01-07,2014-12-27,34,79,223,11741.51948,10364.1148,1377.40468,2694.72052,1278.228,2,24,11741.51948,1377.40468,345.3388082352941,40.51190235294118,11.73105987130722,4,1450,1,8.333333333333332,43.93939393939394,2011-01,5,4,2,542,11,3.0,1454,Loyal Customers,Grow basket size. Consistent buyers with room to move up. Cross-sell adjacent sub-categories and bundle the low-margin items they already buy.,Relative label: upper-middle recency and value within this panel.
LYNN_SMITH,Consumer,LATAM,United States,2011-04-01,2014-11-27,30,54,201,11712.139,10214.0076,1498.1313999999998,2947.351,1483.737,0,24,11712.139,1498.1313999999998,390.4046333333334,49.93771333333333,12.791270663710527,34,1336,1,0.0,46.06896551724138,2011-04,2,2,2,222,6,2.0,1370,At Risk,"Reactivate now. Previously valuable, engagement slipping. Time-boxed win-back offer plus a service check - review whether returns or late shipments preceded the drop-off.","Relative label. Median dormancy is only ~28 days; this is the second-lowest recency quintile of a highly active panel, NOT evidence of churn."
MAGDELENE_MORSE,Consumer,APAC,United States,2011-01-02,2014-12-27,31,66,225,21224.07612,16843.351,4380.72512,1030.7138799999998,2924.644,3,26,21224.07612,4380.72512,684.6476167741936,141.31371354838708,20.64035718318937,4,1455,1,11.538461538461538,48.5,2011-01,5,3,5,535,13,4.0,1459,Champions,Protect. Highest value and most recently active. Give early access to new ranges and priority fulfilment; do NOT spend discount here - they already buy at the best margins.,Relative label: top recency and value quintiles within this 795-customer panel.
MARC_CRIER,Consumer,APAC,United States,2011-06-10,2014-11-17,39,69,212,15981.0925,13867.6106,2113.4819,2028.5175,1801.718,4,34,15981.0925,2113.4819,409.7716025641026,54.191843589743584,13.224889975450674,44,1256,1,11.76470588235294,33.05263157894737,2011-06,1,5,3,153,9,4.0,1300,Lost Customers,Reactivate cheaply or release. Longest dormancy in the panel. Use low-cost channels only; do not fund deep discounts to chase them.,"Relative label, and the most easily misread. Dormancy runs 36-428 days with a median near 49 - only 1 customer in the whole panel exceeds 180 days. These customers are not lost in any real sense; they are simply the least recent quintile."
MARC_HARRIGAN,Home Office,EU,United States,2011-01-22,2014-11-24,28,64,255,15404.03666,13088.0238,2316.01286,1596.44334,1633.773,2,25,15404.03666,2316.01286,550.1441664285715,82.714745,15.035103532400967,37,1402,1,8.0,51.92592592592592,2011-01,1,2,3,123,6,2.5,1439,Lost Customers,Reactivate cheaply or release. Longest dormancy in the panel. Use low-cost channels only; do not fund deep discounts to chase them.,"Relative label, and the most easily misread. Dormancy runs 36-428 days with a median near 49 - only 1 customer in the whole panel exceeds 180 days. These customers are not lost in any real sense; they are simply the least recent quintile."
MARIA_BERTELSON,Consumer,EU,United States,2011-08-08,2014-12-30,35,60,208,21603.93432,16981.587,4622.34732,2679.66568,1912.666,1,27,21603.93432,4622.34732,617.2552662857142,132.06706628571428,21.39585897426483,1,1240,1,3.7037037037037033,36.47058823529412,2011-08,5,4,5,545,14,4.5,1241,Champions,Protect. Highest value and most recently active. Give early access to new ranges and priority fulfilment; do NOT spend discount here - they already buy at the best margins.,Relative label: top recency and value quintiles within this 795-customer panel.
MARIA_ETEZADI,Home Office,EU,United States,2011-01-07,2014-12-26,40,84,296,26247.217,22828.6585,3418.558499999999,3993.943,2840.242,1,30,26247.217,3418.558499999999,656.180425,85.46396249999998,13.024460840934104,5,1449,1,3.333333333333333,37.15384615384615,2011-01,4,5,5,455,14,5.0,1454,Champions,Protect. Highest value and most recently active. Give early access to new ranges and priority fulfilment; do NOT spend discount here - they already buy at the best margins.,Relative label: top recency and value quintiles within this 795-customer panel.
MARIA_ZETTNER,Home Office,LATAM,United States,2011-04-15,2014-12-10,31,53,179,17958.1603,15703.6569,2254.5034,2773.0497,2389.827,1,26,17958.1603,2254.5034,579.2954935483871,72.72591612903226,12.554200220609458,21,1335,1,3.8461538461538463,44.5,2011-04,3,3,4,334,10,3.5,1356,Loyal Customers,Grow basket size. Consistent buyers with room to move up. Cross-sell adjacent sub-categories and bundle the low-margin items they already buy.,Relative label: upper-middle recency and value within this panel.
MARIBETH_DONA,Consumer,LATAM,Mexico,2011-05-31,2014-12-05,36,70,252,17829.52532,16598.892,1230.63332,2611.32468,1604.228,1,30,17829.52532,1230.63332,495.26459222222223,34.18425888888889,6.902221443997479,26,1284,1,3.333333333333333,36.68571428571428,2011-05,2,4,4,244,10,4.0,1310,At Risk,"Reactivate now. Previously valuable, engagement slipping. Time-boxed win-back offer plus a service check - review whether returns or late shipments preceded the drop-off.","Relative label. Median dormancy is only ~28 days; this is the second-lowest recency quintile of a highly active panel, NOT evidence of churn."
MARIBETH_SCHNELLING,Consumer,LATAM,United States,2011-01-07,2014-12-26,39,79,280,21682.5467,18153.2045,3529.3422,3017.7433,1967.411,1,34,21682.5467,3529.3422,555.9627358974359,90.49595384615384,16.27734162795554,5,1449,1,2.941176470588235,38.13157894736842,2011-01,4,5,5,455,14,5.0,1454,Champions,Protect. Highest value and most recently active. Give early access to new ranges and priority fulfilment; do NOT spend discount here - they already buy at the best margins.,Relative label: top recency and value quintiles within this 795-customer panel.
MARIBETH_YEDWAB,Corporate,EU,United States,2011-05-05,2014-12-02,32,56,207,16469.7212,12910.2139,3559.5073,2978.1988,1686.292,3,28,16469.7212,3559.5073,514.6787875,111.234603125,21.61243203072557,29,1307,1,10.714285714285714,42.16129032258065,2011-05,2,3,4,234,9,3.5,1336,At Risk,"Reactivate now. Previously valuable, engagement slipping. Time-boxed win-back offer plus a service check - review whether returns or late shipments preceded the drop-off.","Relative label. Median dormancy is only ~28 days; this is the second-lowest recency quintile of a highly active panel, NOT evidence of churn."
MARINA_LICHTENSTEIN,Corporate,US,United States,2011-02-15,2014-12-31,32,57,205,15556.47948,14272.2468,1284.23268,1554.7405199999998,1180.486,2,25,15556.47948,1284.23268,486.13998375,40.13227125,8.255291190086151,0,1415,1,8.0,45.64516129032258,2011-02,5,3,3,533,11,3.0,1415,Loyal Customers,Grow basket size. Consistent buyers with room to move up. Cross-sell adjacent sub-categories and bundle the low-margin items they already buy.,Relative label: upper-middle recency and value within this panel.
MARIS_LAWARE,Consumer,APAC,United States,2011-11-01,2014-11-28,33,60,193,15174.8383,14020.695500000002,1154.1428,2814.1717,1805.138,3,30,15174.8383,1154.1428,459.84358484848485,34.97402424242424,7.605634914739093,33,1123,1,10.0,35.09375,2011-11,2,3,3,233,8,3.0,1156,At Risk,"Reactivate now. Previously valuable, engagement slipping. Time-boxed win-back offer plus a service check - review whether returns or late shipments preceded the drop-off.","Relative label. Median dormancy is only ~28 days; this is the second-lowest recency quintile of a highly active panel, NOT evidence of churn."
MARK_COUSINS,Corporate,LATAM,United States,2011-03-21,2014-12-08,35,74,268,16545.25618,13693.9977,2851.25848,4620.43382,1446.506,1,30,16545.25618,2851.25848,472.72160514285713,81.464528,17.233087532646472,23,1358,1,3.333333333333333,39.94117647058823,2011-03,2,4,4,244,10,4.0,1381,At Risk,"Reactivate now. Previously valuable, engagement slipping. Time-boxed win-back offer plus a service check - review whether returns or late shipments preceded the drop-off.","Relative label. Median dormancy is only ~28 days; this is the second-lowest recency quintile of a highly active panel, NOT evidence of churn."
MARK_HABERLIN,Corporate,APAC,China,2011-02-05,2014-12-23,33,73,216,11302.8258,9750.8174,1552.0084,871.5042,1101.001,3,25,11302.8258,1552.0084,342.5098727272727,47.03055757575758,13.731153850039874,8,1417,1,12.0,44.28125,2011-02,4,3,1,431,8,2.0,1425,Potential Loyalists,Convert to loyal. Recently active but spending below their cohort. Targeted category offers and a second-order incentive are justified here.,Relative label: recent but below-panel-average value. Not 'new' - see New Customers.
MARK_HAMILTON,Consumer,EU,United States,2011-03-11,2014-11-07,37,64,203,14721.64572,14194.5987,527.0470200000001,3550.96428,1476.287,1,27,14721.64572,527.0470200000001,397.8823167567568,14.244514054054056,3.580082213797494,54,1337,1,3.7037037037037033,37.138888888888886,2011-03,1,4,3,143,8,3.5,1391,Lost Customers,Reactivate cheaply or release. Longest dormancy in the panel. Use low-cost channels only; do not fund deep discounts to chase them.,"Relative label, and the most easily misread. Dormancy runs 36-428 days with a median near 49 - only 1 customer in the whole panel exceeds 180 days. These customers are not lost in any real sense; they are simply the least recent quintile."
MARK_PACKER,Home Office,LATAM,United States,2011-03-30,2014-12-26,30,52,214,12986.912800000002,10813.934700000002,2172.9781,1686.9372,1761.194,2,28,12986.912800000002,2172.9781,432.8970933333334,72.43260333333333,16.732060447807115,5,1367,1,7.142857142857142,47.13793103448276,2011-03,4,2,2,422,8,2.0,1372,Potential Loyalists,Convert to loyal. Recently active but spending below their cohort. Targeted category offers and a second-order incentive are justified here.,Relative label: recent but below-panel-average value. Not 'new' - see New Customers.
MARK_VAN_HUFF,Consumer,EU,United States,2011-01-21,2014-12-15,32,57,181,11515.9033,9705.2642,1810.6391,1675.7967,1654.52,3,27,11515.9033,1810.6391,359.871978125,56.582471875,15.722944634312794,16,1424,1,11.11111111111111,45.935483870967744,2011-01,3,3,1,331,7,2.0,1440,Potential Loyalists,Convert to loyal. Recently active but spending below their cohort. Targeted category offers and a second-order incentive are justified here.,Relative label: recent but below-panel-average value. Not 'new' - see New Customers.
MARYBETH_SKACH,Consumer,LATAM,Australia,2011-06-24,2014-12-16,33,63,187,14791.84836,12804.4692,1987.3791600000004,3442.54164,1469.958,1,25,14791.84836,1987.3791600000004,448.2378290909091,60.22361090909092,13.435637735269484,15,1271,1,4.0,39.71875,2011-06,3,3,3,333,9,3.0,1286,Loyal Customers,Grow basket size. Consistent buyers with room to move up. Cross-sell adjacent sub-categories and bundle the low-margin items they already buy.,Relative label: upper-middle recency and value within this panel.
MARY_O_ROURKE,Consumer,LATAM,Brazil,2011-02-10,2014-11-25,29,57,187,11125.2782,10606.2693,519.0088999999999,2803.9418,1257.156,0,24,11125.2782,519.0088999999999,383.6302827586207,17.896858620689652,4.665131879578524,36,1384,1,0.0,49.42857142857143,2011-02,2,2,1,221,5,1.5,1420,At Risk,"Reactivate now. Previously valuable, engagement slipping. Time-boxed win-back offer plus a service check - review whether returns or late shipments preceded the drop-off.","Relative label. Median dormancy is only ~28 days; this is the second-lowest recency quintile of a highly active panel, NOT evidence of churn."
MARY_ZEWE,Corporate,APAC,United States,2011-03-02,2014-12-08,34,77,269,16577.13784,14694.0957,1883.0421400000005,4515.04216,1906.635,1,25,16577.13784,1883.0421400000005,487.5628776470588,55.38359235294119,11.359271776435929,23,1377,1,4.0,41.72727272727273,2011-03,2,4,4,244,10,4.0,1400,At Risk,"Reactivate now. Previously valuable, engagement slipping. Time-boxed win-back offer plus a service check - review whether returns or late shipments preceded the drop-off.","Relative label. Median dormancy is only ~28 days; this is the second-lowest recency quintile of a highly active panel, NOT evidence of churn."
MATHEW_REESE,Home Office,APAC,Australia,2011-07-28,2014-09-25,29,76,267,21571.9523,17860.721700000002,3711.2306,1197.9677,2448.173,3,23,21571.9523,3711.2306,743.8604241379311,127.97346896551724,17.20396257319742,97,1155,1,13.043478260869565,41.25,2011-07,1,2,5,125,8,3.5,1252,Lost Customers,Reactivate cheaply or release. Longest dormancy in the panel. Use low-cost channels only; do not fund deep discounts to chase them.,"Relative label, and the most easily misread. Dormancy runs 36-428 days with a median near 49 - only 1 customer in the whole panel exceeds 180 days. These customers are not lost in any real sense; they are simply the least recent quintile."
MATTHEW_CLASEN,Corporate,LATAM,Mexico,2011-03-25,2014-12-26,38,80,288,21808.7967,18165.5075,3643.2892,2565.3733,2213.061,3,34,21808.7967,3643.2892,573.9157026315789,95.87603157894738,16.705594765803838,5,1372,1,8.823529411764707,37.08108108108108,2011-03,4,5,5,455,14,5.0,1377,Champions,Protect. Highest value and most recently active. Give early access to new ranges and priority fulfilment; do NOT spend discount here - they already buy at the best margins.,Relative label: top recency and value quintiles within this 795-customer panel.
MATTHEW_GRINSTEIN,Home Office,US,United States,2011-08-09,2014-12-12,22,51,199,13018.97968,10813.658,2205.32168,1370.5203199999996,1461.987,1,21,13018.97968,2205.32168,591.7718036363636,100.24189454545454,16.939281988340888,19,1221,1,4.761904761904762,58.142857142857146,2011-08,3,1,2,312,6,1.5,1240,Potential Loyalists,Convert to loyal. Recently active but spending below their cohort. Targeted category offers and a second-order incentive are justified here.,Relative label: recent but below-panel-average value. Not 'new' - see New Customers.
MATT_ABELMAN,Home Office,US,United States,2011-01-19,2014-10-28,28,82,255,12441.95788,11922.0544,519.90348,4136.67212,1864.55,1,24,12441.95788,519.90348,444.3556385714286,18.567981428571425,4.178630767073453,64,1378,1,4.166666666666666,51.03703703703704,2011-01,1,2,2,122,5,2.0,1442,Lost Customers,Reactivate cheaply or release. Longest dormancy in the panel. Use low-cost channels only; do not fund deep discounts to chase them.,"Relative label, and the most easily misread. Dormancy runs 36-428 days with a median near 49 - only 1 customer in the whole panel exceeds 180 days. These customers are not lost in any real sense; they are simply the least recent quintile."
MATT_COLLINS,Consumer,LATAM,United States,2011-08-15,2014-12-22,41,75,277,17900.84106,16151.4937,1749.34736,2979.17894,2014.806,0,33,17900.84106,1749.34736,436.6058795121951,42.667008780487805,9.772431106094633,9,1225,1,0.0,30.625,2011-08,4,5,4,454,13,4.5,1234,Champions,Protect. Highest value and most recently active. Give early access to new ranges and priority fulfilment; do NOT spend discount here - they already buy at the best margins.,Relative label: top recency and value quintiles within this 795-customer panel.
MATT_COLLISTER,Corporate,LATAM,United States,2011-04-27,2014-11-10,28,55,194,11672.90168,9765.7129,1907.18878,970.31832,1129.795,2,25,11672.90168,1907.18878,416.8893457142857,68.113885,16.33860056636749,51,1293,1,8.0,47.888888888888886,2011-04,1,2,2,122,5,2.0,1344,Lost Customers,Reactivate cheaply or release. Longest dormancy in the panel. Use low-cost channels only; do not fund deep discounts to chase them.,"Relative label, and the most easily misread. Dormancy runs 36-428 days with a median near 49 - only 1 customer in the whole panel exceeds 180 days. These customers are not lost in any real sense; they are simply the least recent quintile."
MATT_CONNELL,Corporate,LATAM,United States,2011-03-19,2014-11-12,28,58,198,13227.6119,11860.6434,1366.9685,2300.7381,1396.223,1,26,13227.6119,1366.9685,472.4147107142857,48.82030357142857,10.334204770552724,49,1334,1,3.8461538461538463,49.407407407407405,2011-03,1,2,2,122,5,2.0,1383,Lost Customers,Reactivate cheaply or release. Longest dormancy in the panel. Use low-cost channels only; do not fund deep discounts to chase them.,"Relative label, and the most easily misread. Dormancy runs 36-428 days with a median near 49 - only 1 customer in the whole panel exceeds 180 days. These customers are not lost in any real sense; they are simply the least recent quintile."
MATT_HAGELSTEIN,Corporate,EU,United States,2011-02-16,2014-12-08,27,60,174,12217.97978,11943.0888,274.89098000000035,3607.63022,1271.538,2,20,12217.97978,274.89098000000035,452.5177696296296,10.18114740740742,2.249888974689401,23,1391,1,10.0,53.5,2011-02,2,1,2,212,5,1.5,1414,At Risk,"Reactivate now. Previously valuable, engagement slipping. Time-boxed win-back offer plus a service check - review whether returns or late shipments preceded the drop-off.","Relative label. Median dormancy is only ~28 days; this is the second-lowest recency quintile of a highly active panel, NOT evidence of churn."
MAUREEN_FRITZLER,Corporate,EU,France,2011-03-11,2014-11-13,32,56,199,13528.44134,12107.5555,1420.8858399999997,3108.54866,1311.927,4,29,13528.44134,1420.8858399999997,422.763791875,44.40268249999999,10.502953032725348,48,1343,1,13.79310344827586,43.32258064516129,2011-03,1,3,2,132,6,2.5,1391,Lost Customers,Reactivate cheaply or release. Longest dormancy in the panel. Use low-cost channels only; do not fund deep discounts to chase them.,"Relative label, and the most easily misread. Dormancy runs 36-428 days with a median near 49 - only 1 customer in the whole panel exceeds 180 days. These customers are not lost in any real sense; they are simply the least recent quintile."
MAUREEN_GASTINEAU,Home Office,APAC,Australia,2011-07-18,2014-11-25,37,83,279,20360.1221,19618.9294,741.1926999999998,6649.0479000000005,2750.096,1,28,20360.1221,741.1926999999998,550.2735702702703,20.03223513513513,3.640413826398418,36,1226,1,3.571428571428571,34.05555555555556,2011-07,2,4,5,245,11,4.5,1262,At Risk,"Reactivate now. Previously valuable, engagement slipping. Time-boxed win-back offer plus a service check - review whether returns or late shipments preceded the drop-off.","Relative label. Median dormancy is only ~28 days; this is the second-lowest recency quintile of a highly active panel, NOT evidence of churn."
MAUREEN_GNADE,Consumer,APAC,Australia,2011-03-07,2014-12-31,32,74,293,18326.2228,17480.5252,845.6976,5473.8172,1817.527,1,25,18326.2228,845.6976,572.6944625,26.42805,4.614685793299424,0,1395,1,4.0,45.0,2011-03,5,3,4,534,12,3.5,1395,Loyal Customers,Grow basket size. Consistent buyers with room to move up. Cross-sell adjacent sub-categories and bundle the low-margin items they already buy.,Relative label: upper-middle recency and value within this panel.
MAURICE_SATTY,Consumer,APAC,United States,2011-03-08,2014-12-02,34,61,194,10030.09026,8877.3472,1152.7430599999998,832.3997400000001,891.87,0,26,10030.09026,1152.7430599999998,295.0026547058824,33.90420764705882,11.492848320589289,29,1365,1,0.0,41.36363636363637,2011-03,2,4,1,241,7,2.5,1394,At Risk,"Reactivate now. Previously valuable, engagement slipping. Time-boxed win-back offer plus a service check - review whether returns or late shipments preceded the drop-off.","Relative label. Median dormancy is only ~28 days; this is the second-lowest recency quintile of a highly active panel, NOT evidence of churn."
MAXWELL_SCHWARTZ,Consumer,EU,United States,2011-05-18,2014-11-27,42,73,259,17921.49504,15069.7096,2851.78544,3030.9349600000005,1537.769,1,36,17921.49504,2851.78544,426.7022628571429,67.89965333333332,15.912653680035834,34,1289,1,2.7777777777777777,31.4390243902439,2011-05,2,5,4,254,11,4.5,1323,At Risk,"Reactivate now. Previously valuable, engagement slipping. Time-boxed win-back offer plus a service check - review whether returns or late shipments preceded the drop-off.","Relative label. Median dormancy is only ~28 days; this is the second-lowest recency quintile of a highly active panel, NOT evidence of churn."
MAX_ENGLE,Consumer,APAC,United States,2011-04-06,2014-12-20,39,72,224,9923.7616,9250.5004,673.2611999999999,1954.3784,1141.741,0,28,9923.7616,673.2611999999999,254.45542564102564,17.263107692307692,6.784334682122956,11,1354,1,0.0,35.63157894736842,2011-04,4,5,1,451,10,3.0,1365,Loyal Customers,Grow basket size. Consistent buyers with room to move up. Cross-sell adjacent sub-categories and bundle the low-margin items they already buy.,Relative label: upper-middle recency and value within this panel.
MAX_JONES,Consumer,APAC,United States,2011-04-27,2014-12-10,30,60,193,16484.553,14046.9231,2437.6298999999995,4376.127,1642.729,0,26,16484.553,2437.6298999999995,549.4851,81.25432999999998,14.78735820134158,21,1323,1,0.0,45.62068965517241,2011-04,3,2,4,324,9,3.0,1344,Loyal Customers,Grow basket size. Consistent buyers with room to move up. Cross-sell adjacent sub-categories and bundle the low-margin items they already buy.,Relative label: upper-middle recency and value within this panel.
MAX_LUDWIG,Home Office,APAC,United States,2011-02-03,2014-12-30,35,63,216,15533.6044,13695.8428,1837.7616,2882.5456,1376.442,2,28,15533.6044,1837.7616,443.8172685714286,52.50747428571428,11.830876805385875,1,1426,1,7.142857142857142,41.94117647058823,2011-02,5,4,3,543,12,3.5,1427,Loyal Customers,Grow basket size. Consistent buyers with room to move up. Cross-sell adjacent sub-categories and bundle the low-margin items they already buy.,Relative label: upper-middle recency and value within this panel.
MAYA_HERMAN,Corporate,APAC,United States,2011-01-04,2014-12-31,35,62,220,13590.96604,12120.4366,1470.52944,2026.64396,1615.367,1,26,13590.96604,1470.52944,388.3133154285714,42.01512685714286,10.819903718926518,0,1457,1,3.8461538461538463,42.85294117647059,2011-01,5,4,2,542,11,3.0,1457,Loyal Customers,Grow basket size. Consistent buyers with room to move up. Cross-sell adjacent sub-categories and bundle the low-margin items they already buy.,Relative label: upper-middle recency and value within this panel.
MEG_O_CONNEL,Home Office,US,United States,2011-02-10,2014-12-25,34,58,230,18003.3888,14899.3033,3104.0855,1627.1011999999998,1741.705,1,25,18003.3888,3104.0855,529.5114352941176,91.29663235294116,17.2416734120634,6,1414,1,4.0,42.84848484848485,2011-02,4,4,4,444,12,4.0,1420,Champions,Protect. Highest value and most recently active. Give early access to new ranges and priority fulfilment; do NOT spend discount here - they already buy at the best margins.,Relative label: top recency and value quintiles within this 795-customer panel.
MEG_TILLMAN,Consumer,APAC,United States,2011-03-29,2014-11-12,33,59,197,15346.1068,14552.6922,793.4146000000002,2730.8032000000003,1681.854,3,27,15346.1068,793.4146000000002,465.0335393939394,24.042866666666672,5.170136050402049,49,1324,1,11.11111111111111,41.375,2011-03,1,3,3,133,7,3.0,1373,Lost Customers,Reactivate cheaply or release. Longest dormancy in the panel. Use low-cost channels only; do not fund deep discounts to chase them.,"Relative label, and the most easily misread. Dormancy runs 36-428 days with a median near 49 - only 1 customer in the whole panel exceeds 180 days. These customers are not lost in any real sense; they are simply the least recent quintile."
MELANIE_SEITE,Consumer,LATAM,United States,2011-01-10,2014-12-27,34,70,231,16106.3013,14046.0168,2060.2845,2739.3787,2181.946,2,26,16106.3013,2060.2845,473.7147441176471,60.596602941176464,12.791791620090953,4,1447,1,7.6923076923076925,43.84848484848485,2011-01,5,4,3,543,12,3.5,1451,Loyal Customers,Grow basket size. Consistent buyers with room to move up. Cross-sell adjacent sub-categories and bundle the low-margin items they already buy.,Relative label: upper-middle recency and value within this panel.
MICHAEL_CHEN,Consumer,APAC,United States,2011-07-05,2014-12-30,35,65,185,15939.61202,14726.6066,1213.0054199999995,2435.4879799999994,1690.943,3,31,15939.61202,1213.0054199999995,455.41748628571423,34.657297714285704,7.610005930370191,1,1274,1,9.67741935483871,37.47058823529412,2011-07,5,4,3,543,12,3.5,1275,Loyal Customers,Grow basket size. Consistent buyers with room to move up. Cross-sell adjacent sub-categories and bundle the low-margin items they already buy.,Relative label: upper-middle recency and value within this panel.
MICHAEL_DOMINGUEZ,Corporate,APAC,United States,2011-01-18,2014-11-25,33,59,250,22429.16074,18656.7603,3772.40044,1895.90926,2322.794,4,28,22429.16074,3772.40044,679.6715375757576,114.31516484848484,16.81917787174412,36,1407,1,14.285714285714285,43.96875,2011-01,1,3,5,135,9,4.0,1443,Lost Customers,Reactivate cheaply or release. Longest dormancy in the panel. Use low-cost channels only; do not fund deep discounts to chase them.,"Relative label, and the most easily misread. Dormancy runs 36-428 days with a median near 49 - only 1 customer in the whole panel exceeds 180 days. These customers are not lost in any real sense; they are simply the least recent quintile."
MICHAEL_GRACE,Home Office,EU,Australia,2011-02-24,2014-12-26,34,61,211,14533.01062,14650.621400000002,-117.61078000000047,3656.31938,1305.059,3,33,14533.01062,-117.61078000000047,427.4414888235294,-3.459140588235309,-0.809266456037314,5,1401,1,9.090909090909092,42.45454545454545,2011-02,4,4,3,443,11,3.5,1406,Loyal Customers,Grow basket size. Consistent buyers with room to move up. Cross-sell adjacent sub-categories and bundle the low-margin items they already buy.,Relative label: upper-middle recency and value within this panel.
MICHAEL_GRANLUND,Home Office,EU,United States,2011-01-05,2014-12-26,30,63,226,13181.3769,14181.1568,-999.7798999999994,5102.393099999999,1252.239,0,29,13181.3769,-999.7798999999994,439.37923,-33.32599666666665,-7.584791085064865,5,1451,1,0.0,50.03448275862069,2011-01,4,2,2,422,8,2.0,1456,Potential Loyalists,Convert to loyal. Recently active but spending below their cohort. Targeted category offers and a second-order incentive are justified here.,Relative label: recent but below-panel-average value. Not 'new' - see New Customers.
MICHAEL_KENNEDY,Corporate,LATAM,United States,2011-01-19,2014-12-10,42,74,292,14447.4039,14658.0439,-210.63999999999956,6343.2161,1441.82,0,31,14447.4039,-210.63999999999956,343.98580714285714,-5.015238095238084,-1.457978204651699,21,1421,1,0.0,34.65853658536585,2011-01,3,5,3,353,11,4.0,1442,Loyal Customers,Grow basket size. Consistent buyers with room to move up. Cross-sell adjacent sub-categories and bundle the low-margin items they already buy.,Relative label: upper-middle recency and value within this panel.
MICHAEL_MOORE,Consumer,US,United States,2011-01-14,2014-12-24,39,78,271,21733.684,19674.775,2058.908999999999,6470.415999999999,2466.262,3,33,21733.684,2058.908999999999,557.2739487179488,52.79253846153844,9.473354816422283,7,1440,1,9.090909090909092,37.89473684210526,2011-01,4,5,5,455,14,5.0,1447,Champions,Protect. Highest value and most recently active. Give early access to new ranges and priority fulfilment; do NOT spend discount here - they already buy at the best margins.,Relative label: top recency and value quintiles within this 795-customer panel.
MICHAEL_NGUYEN,Consumer,LATAM,United States,2011-02-17,2014-12-23,27,55,212,15046.26412,13654.0933,1392.17082,2724.93588,1439.983,3,21,15046.26412,1392.17082,557.2690414814815,51.56188222222222,9.252601236405786,8,1405,1,14.285714285714285,54.03846153846154,2011-02,4,1,3,413,8,2.0,1413,Potential Loyalists,Convert to loyal. Recently active but spending below their cohort. Targeted category offers and a second-order incentive are justified here.,Relative label: recent but below-panel-average value. Not 'new' - see New Customers.
MICHAEL_OAKMAN,Consumer,EU,Germany,2011-08-17,2014-12-25,17,29,79,5460.584,5174.325400000001,286.2586,653.596,445.921,3,14,5460.584,286.2586,321.2108235294117,16.838741176470588,5.242270790083991,6,1226,1,21.428571428571427,76.625,2011-08,4,1,1,411,6,1.0,1232,Potential Loyalists,Convert to loyal. Recently active but spending below their cohort. Targeted category offers and a second-order incentive are justified here.,Relative label: recent but below-panel-average value. Not 'new' - see New Customers.
MICHAEL_PAIGE,Corporate,EU,United States,2011-01-22,2014-12-04,47,94,314,17795.5907,16162.8957,1632.695,3065.0392999999995,1845.812,1,39,17795.5907,1632.695,378.6295893617021,34.738191489361704,9.174716521211066,27,1412,1,2.564102564102564,30.695652173913043,2011-01,2,5,4,254,11,4.5,1439,At Risk,"Reactivate now. Previously valuable, engagement slipping. Time-boxed win-back offer plus a service check - review whether returns or late shipments preceded the drop-off.","Relative label. Median dormancy is only ~28 days; this is the second-lowest recency quintile of a highly active panel, NOT evidence of churn."
MICHAEL_STEWART,Corporate,LATAM,United States,2011-03-21,2014-12-25,32,77,259,17865.2162,16617.870000000003,1247.3462000000004,3032.7438,1720.907,1,27,17865.2162,1247.3462000000004,558.28800625,38.97956875000001,6.981982115615263,6,1375,1,3.7037037037037033,44.354838709677416,2011-03,4,3,4,434,11,3.5,1381,Loyal Customers,Grow basket size. Consistent buyers with room to move up. Cross-sell adjacent sub-categories and bundle the low-margin items they already buy.,Relative label: upper-middle recency and value within this panel.
MICHELLE_ARNETT,Home Office,Africa,United States,2011-01-20,2014-12-15,33,59,199,11934.45734,10831.7818,1102.6755399999995,1899.45266,1211.032,0,22,11934.45734,1102.6755399999995,361.6502224242424,33.414410303030294,9.239427554902129,16,1425,1,0.0,44.53125,2011-01,3,3,2,332,8,2.5,1441,Potential Loyalists,Convert to loyal. Recently active but spending below their cohort. Targeted category offers and a second-order incentive are justified here.,Relative label: recent but below-panel-average value. Not 'new' - see New Customers.
MICHELLE_ELLISON,Corporate,EU,United States,2011-02-10,2014-11-19,28,49,148,10708.131920000002,10052.913600000002,655.2183199999998,1964.33808,1256.949,0,27,10708.131920000002,655.2183199999998,382.4332828571429,23.40065428571428,6.1188853937839776,42,1378,1,0.0,51.03703703703704,2011-02,1,2,1,121,4,1.5,1420,Lost Customers,Reactivate cheaply or release. Longest dormancy in the panel. Use low-cost channels only; do not fund deep discounts to chase them.,"Relative label, and the most easily misread. Dormancy runs 36-428 days with a median near 49 - only 1 customer in the whole panel exceeds 180 days. These customers are not lost in any real sense; they are simply the least recent quintile."
MICHELLE_HUTHWAITE,Consumer,EU,United States,2011-05-13,2014-12-17,28,50,191,12849.1285,11987.9448,861.1837,2366.1015,1787.6409999999998,2,19,12849.1285,861.1837,458.8974464285714,30.756560714285715,6.702273231993905,14,1314,1,10.526315789473683,48.66666666666666,2011-05,3,2,2,322,7,2.0,1328,Potential Loyalists,Convert to loyal. Recently active but spending below their cohort. Targeted category offers and a second-order incentive are justified here.,Relative label: recent but below-panel-average value. Not 'new' - see New Customers.
MICHELLE_LONSDALE,Corporate,EU,Brazil,2011-02-18,2014-12-24,26,47,149,10368.495,8405.655799999999,1962.8392000000003,1445.735,1118.958,0,19,10368.495,1962.8392000000003,398.7882692307692,75.4938153846154,18.93080143260908,7,1405,1,0.0,56.2,2011-02,4,1,1,411,6,1.0,1412,Potential Loyalists,Convert to loyal. Recently active but spending below their cohort. Targeted category offers and a second-order incentive are justified here.,Relative label: recent but below-panel-average value. Not 'new' - see New Customers.
MICHELLE_MORAY,Consumer,EU,United States,2011-03-11,2014-12-16,33,66,210,13088.498,11825.7153,1262.7827,3158.012,1181.602,1,25,13088.498,1262.7827,396.6211515151515,38.266142424242425,9.648033716321,15,1376,1,4.0,43.0,2011-03,3,3,2,332,8,2.5,1391,Potential Loyalists,Convert to loyal. Recently active but spending below their cohort. Targeted category offers and a second-order incentive are justified here.,Relative label: recent but below-panel-average value. Not 'new' - see New Customers.
MICHELLE_TRAN,Home Office,APAC,United States,2011-06-07,2014-08-26,31,68,253,17772.3219,19560.3661,-1788.0441999999996,9746.1181,1831.078,2,24,17772.3219,-1788.0441999999996,573.3007064516129,-57.67884516129031,-10.060836226469652,127,1176,1,8.333333333333332,39.2,2011-06,1,3,4,134,8,3.5,1303,Lost Customers,Reactivate cheaply or release. Longest dormancy in the panel. Use low-cost channels only; do not fund deep discounts to chase them.,"Relative label, and the most easily misread. Dormancy runs 36-428 days with a median near 49 - only 1 customer in the whole panel exceeds 180 days. These customers are not lost in any real sense; they are simply the least recent quintile."
MICK_BROWN,Consumer,LATAM,United States,2011-01-06,2014-12-20,38,71,226,16447.73888,13851.7753,2595.96358,2060.57112,2388.94,1,30,16447.73888,2595.96358,432.83523368421055,68.31483105263158,15.783103069301646,11,1444,1,3.333333333333333,39.02702702702703,2011-01,4,5,4,454,13,4.5,1455,Champions,Protect. Highest value and most recently active. Give early access to new ranges and priority fulfilment; do NOT spend discount here - they already buy at the best margins.,Relative label: top recency and value quintiles within this 795-customer panel.
MICK_CREBAGGA,Consumer,US,United States,2011-01-15,2014-11-20,36,62,228,12013.0866,11676.9368,336.1498000000002,2748.6233999999995,1380.707,0,33,12013.0866,336.1498000000002,333.69685,9.33749444444445,2.7981967598568733,41,1405,1,0.0,40.142857142857146,2011-01,1,4,2,142,7,3.0,1446,Lost Customers,Reactivate cheaply or release. Longest dormancy in the panel. Use low-cost channels only; do not fund deep discounts to chase them.,"Relative label, and the most easily misread. Dormancy runs 36-428 days with a median near 49 - only 1 customer in the whole panel exceeds 180 days. These customers are not lost in any real sense; they are simply the least recent quintile."
MICK_HERNANDEZ,Home Office,APAC,United States,2011-08-06,2014-12-26,33,67,220,13277.807,11789.6184,1488.1886,2546.533,1663.568,0,26,13277.807,1488.1886,402.3577878787879,45.09662424242424,11.208090311901657,5,1238,1,0.0,38.6875,2011-08,4,3,2,432,9,2.5,1243,Potential Loyalists,Convert to loyal. Recently active but spending below their cohort. Targeted category offers and a second-order incentive are justified here.,Relative label: recent but below-panel-average value. Not 'new' - see New Customers.
MIKE_CAUDLE,Corporate,LATAM,United States,2011-06-01,2014-11-10,28,57,214,9359.053,8562.4215,796.6314999999998,1881.447,910.283,2,23,9359.053,796.6314999999998,334.2518928571429,28.451124999999998,8.511881490573884,51,1258,1,8.695652173913043,46.5925925925926,2011-06,1,2,1,121,4,1.5,1309,Lost Customers,Reactivate cheaply or release. Longest dormancy in the panel. Use low-cost channels only; do not fund deep discounts to chase them.,"Relative label, and the most easily misread. Dormancy runs 36-428 days with a median near 49 - only 1 customer in the whole panel exceeds 180 days. These customers are not lost in any real sense; they are simply the least recent quintile."
MIKE_GOCKENBACH,Consumer,LATAM,United States,2011-03-29,2014-12-29,27,51,185,23377.0722,16918.396,6458.6762,1807.1178,1681.81,1,24,23377.0722,6458.6762,865.817488888889,239.2102296296296,27.62825106901111,2,1371,1,4.166666666666666,52.73076923076923,2011-03,5,1,5,515,11,3.0,1373,Loyal Customers,Grow basket size. Consistent buyers with room to move up. Cross-sell adjacent sub-categories and bundle the low-margin items they already buy.,Relative label: upper-middle recency and value within this panel.
MIKE_KENNEDY,Consumer,APAC,United States,2011-02-25,2014-12-09,30,82,278,12740.3848,11981.7882,758.5966000000001,3539.3152,1294.628,4,20,12740.3848,758.5966000000001,424.6794933333333,25.286553333333337,5.954267566549483,22,1383,1,20.0,47.689655172413794,2011-02,2,2,2,222,6,2.0,1405,At Risk,"Reactivate now. Previously valuable, engagement slipping. Time-boxed win-back offer plus a service check - review whether returns or late shipments preceded the drop-off.","Relative label. Median dormancy is only ~28 days; this is the second-lowest recency quintile of a highly active panel, NOT evidence of churn."
MIKE_PELLETIER,Home Office,APAC,United States,2011-03-28,2014-12-15,42,82,276,24214.4268,23681.8271,532.5997000000004,6224.4132,2933.166,3,36,24214.4268,532.5997000000004,576.5339714285715,12.680945238095248,2.199513969085572,16,1358,1,8.333333333333332,33.1219512195122,2011-03,3,5,5,355,13,5.0,1374,Loyal Customers,Grow basket size. Consistent buyers with room to move up. Cross-sell adjacent sub-categories and bundle the low-margin items they already buy.,Relative label: upper-middle recency and value within this panel.
MIKE_VITTORINI,Consumer,EU,United States,2011-01-31,2014-12-24,38,62,223,19572.0756,18212.0358,1360.0398,3264.2944,1863.455,1,30,19572.0756,1360.0398,515.0546210526315,35.79052105263158,6.948878738236633,7,1423,1,3.333333333333333,38.45945945945946,2011-01,4,5,4,454,13,4.5,1430,Champions,Protect. Highest value and most recently active. Give early access to new ranges and priority fulfilment; do NOT spend discount here - they already buy at the best margins.,Relative label: top recency and value quintiles within this 795-customer panel.
MITCH_GASTINEAU,Corporate,EU,Brazil,2011-02-23,2014-12-30,36,68,218,18011.8396,16189.4043,1822.4353000000003,2478.8104,2258.19,0,29,18011.8396,1822.4353000000003,500.3288777777777,50.62320277777778,10.117985394451328,1,1406,1,0.0,40.17142857142857,2011-02,5,4,4,544,13,4.0,1407,Champions,Protect. Highest value and most recently active. Give early access to new ranges and priority fulfilment; do NOT spend discount here - they already buy at the best margins.,Relative label: top recency and value quintiles within this 795-customer panel.
MITCH_WEBBER,Consumer,LATAM,United States,2011-01-24,2014-12-14,36,74,273,23068.5783,18982.038,4086.5403,2537.2217,2715.587,2,28,23068.5783,4086.5403,640.7938416666667,113.51500833333333,17.714747076546107,17,1420,1,7.142857142857142,40.57142857142857,2011-01,3,4,5,345,12,4.5,1437,Loyal Customers,Grow basket size. Consistent buyers with room to move up. Cross-sell adjacent sub-categories and bundle the low-margin items they already buy.,Relative label: upper-middle recency and value within this panel.
MITCH_WILLINGHAM,Corporate,APAC,Australia,2011-03-03,2014-12-31,30,66,217,19003.8329,18858.32,145.51289999999975,6170.277099999999,2124.227,3,24,19003.8329,145.51289999999975,633.4610966666667,4.850429999999992,0.7657029019656333,0,1399,1,12.5,48.241379310344826,2011-03,5,2,4,524,11,3.0,1399,Loyal Customers,Grow basket size. Consistent buyers with room to move up. Cross-sell adjacent sub-categories and bundle the low-margin items they already buy.,Relative label: upper-middle recency and value within this panel.
MONICA_FEDERLE,Corporate,EU,France,2011-06-01,2014-12-24,38,86,295,21942.8496,19369.5092,2573.3404,2937.0704,2286.177,2,32,21942.8496,2573.3404,577.4434105263158,67.71948421052632,11.727466791733375,7,1302,1,6.25,35.189189189189186,2011-06,4,5,5,455,14,5.0,1309,Champions,Protect. Highest value and most recently active. Give early access to new ranges and priority fulfilment; do NOT spend discount here - they already buy at the best margins.,Relative label: top recency and value quintiles within this 795-customer panel.
MUHAMMED_LEE,Consumer,APAC,Germany,2011-06-06,2014-12-23,35,71,236,15844.72116,13530.3572,2314.36396,1854.16884,1565.927,1,26,15844.72116,2314.36396,452.7063188571428,66.12468457142857,14.60653006531041,8,1296,1,3.8461538461538463,38.11764705882353,2011-06,4,4,3,443,11,3.5,1304,Loyal Customers,Grow basket size. Consistent buyers with room to move up. Cross-sell adjacent sub-categories and bundle the low-margin items they already buy.,Relative label: upper-middle recency and value within this panel.
MUHAMMED_MACINTYRE,Corporate,US,United States,2011-01-21,2014-12-19,35,55,187,10720.999,8554.5324,2166.4666,1440.8209999999997,1379.583,2,25,10720.999,2166.4666,306.3142571428571,61.89904571428572,20.2076933315636,12,1428,1,8.0,42.0,2011-01,4,4,1,441,9,2.5,1440,Potential Loyalists,Convert to loyal. Recently active but spending below their cohort. Targeted category offers and a second-order incentive are justified here.,Relative label: recent but below-panel-average value. Not 'new' - see New Customers.
MUHAMMED_YEDWAB,Corporate,US,United States,2011-01-14,2014-12-31,39,108,351,29642.66118,27000.007100000003,2642.65408,6003.43882,3039.218,2,29,29642.66118,2642.65408,760.0682353846154,67.76036102564103,8.915036554757801,0,1447,1,6.896551724137931,38.078947368421055,2011-01,5,5,5,555,15,5.0,1447,Champions,Protect. Highest value and most recently active. Give early access to new ranges and priority fulfilment; do NOT spend discount here - they already buy at the best margins.,Relative label: top recency and value quintiles within this 795-customer panel.
NANCY_LOMONACO,Home Office,APAC,United States,2011-04-18,2014-12-06,27,43,162,10838.6528,11405.5819,-566.9291000000001,3862.1372,1717.071,1,25,10838.6528,-566.9291000000001,401.4315851851852,-20.99737407407408,-5.230623311413759,25,1328,1,4.0,51.07692307692308,2011-04,2,1,1,211,4,1.0,1353,At Risk,"Reactivate now. Previously valuable, engagement slipping. Time-boxed win-back offer plus a service check - review whether returns or late shipments preceded the drop-off.","Relative label. Median dormancy is only ~28 days; this is the second-lowest recency quintile of a highly active panel, NOT evidence of churn."
NARESJ_PATEL,Consumer,EU,United States,2011-03-07,2014-12-30,33,65,211,13115.177,11310.851,1804.326,2110.023,2069.466,2,25,13115.177,1804.326,397.429606060606,54.676545454545455,13.757542120857384,1,1394,1,8.0,43.5625,2011-03,5,3,2,532,10,2.5,1395,Potential Loyalists,Convert to loyal. Recently active but spending below their cohort. Targeted category offers and a second-order incentive are justified here.,Relative label: recent but below-panel-average value. Not 'new' - see New Customers.
NATALIE_DECHERNEY,Consumer,US,United States,2011-01-14,2014-12-19,29,63,223,13703.38482,11083.1035,2620.28132,1267.22518,1546.847,1,23,13703.38482,2620.28132,472.53051103448274,90.35452827586208,19.12141674789514,12,1435,1,4.3478260869565215,51.25,2011-01,4,2,2,422,8,2.0,1447,Potential Loyalists,Convert to loyal. Recently active but spending below their cohort. Targeted category offers and a second-order incentive are justified here.,Relative label: recent but below-panel-average value. Not 'new' - see New Customers.
NATALIE_FRITZLER,Consumer,EU,United States,2011-02-12,2014-12-30,43,95,325,31781.2585,30238.4374,1542.8211,10233.901499999998,4127.563,1,32,31781.2585,1542.8211,739.099034883721,35.87956046511628,4.854499704597916,1,1417,1,3.125,33.73809523809524,2011-02,5,5,5,555,15,5.0,1418,Champions,Protect. Highest value and most recently active. Give early access to new ranges and priority fulfilment; do NOT spend discount here - they already buy at the best margins.,Relative label: top recency and value quintiles within this 795-customer panel.
NATALIE_WEBBER,Consumer,APAC,United States,2011-02-07,2014-09-05,33,79,258,22373.56906,18552.031,3821.53806,3891.23094,1773.918,5,26,22373.56906,3821.53806,677.9869412121212,115.80418363636365,17.08059205820781,117,1306,1,19.230769230769237,40.8125,2011-02,1,3,5,135,9,4.0,1423,Lost Customers,Reactivate cheaply or release. Longest dormancy in the panel. Use low-cost channels only; do not fund deep discounts to chase them.,"Relative label, and the most easily misread. Dormancy runs 36-428 days with a median near 49 - only 1 customer in the whole panel exceeds 180 days. These customers are not lost in any real sense; they are simply the least recent quintile."
NATHAN_CANO,Consumer,US,United States,2011-05-03,2014-11-22,24,49,148,10759.22,11484.2072,-724.9872,7261.83,1293.725,2,19,10759.22,-724.9872,448.3008333333333,-30.2078,-6.738287719741766,39,1299,1,10.526315789473683,56.47826086956522,2011-05,1,1,1,111,3,1.0,1338,Lost Customers,Reactivate cheaply or release. Longest dormancy in the panel. Use low-cost channels only; do not fund deep discounts to chase them.,"Relative label, and the most easily misread. Dormancy runs 36-428 days with a median near 49 - only 1 customer in the whole panel exceeds 180 days. These customers are not lost in any real sense; they are simply the least recent quintile."
NATHAN_GELDER,Consumer,APAC,United States,2011-03-31,2014-12-13,36,65,243,22720.24354,18509.0187,4211.22484,1933.46646,2371.059,2,28,22720.24354,4211.22484,631.1178761111111,116.97846777777778,18.53512191709544,18,1353,1,7.142857142857142,38.65714285714286,2011-03,3,4,5,345,12,4.5,1371,Loyal Customers,Grow basket size. Consistent buyers with room to move up. Cross-sell adjacent sub-categories and bundle the low-margin items they already buy.,Relative label: upper-middle recency and value within this panel.
NATHAN_MAUTZ,Home Office,APAC,United States,2011-01-26,2014-12-01,41,75,253,24276.9559,18487.8391,5789.1168,2137.3041,2882.439,3,32,24276.9559,5789.1168,592.1208756097561,141.1979707317073,23.846139622472187,30,1405,1,9.375,35.125,2011-01,2,5,5,255,12,5.0,1435,At Risk,"Reactivate now. Previously valuable, engagement slipping. Time-boxed win-back offer plus a service check - review whether returns or late shipments preceded the drop-off.","Relative label. Median dormancy is only ~28 days; this is the second-lowest recency quintile of a highly active panel, NOT evidence of churn."
NAT_CARROLL,Consumer,APAC,United States,2011-01-26,2014-12-26,31,76,246,16613.309119999998,17074.1865,-460.8773800000011,8075.170880000001,2295.654,1,22,16613.309119999998,-460.8773800000011,535.9131974193548,-14.867012258064552,-2.774145576122291,5,1430,1,4.545454545454546,47.66666666666666,2011-01,4,3,4,434,11,3.5,1435,Loyal Customers,Grow basket size. Consistent buyers with room to move up. Cross-sell adjacent sub-categories and bundle the low-margin items they already buy.,Relative label: upper-middle recency and value within this panel.
NAT_GILPIN,Corporate,LATAM,Mexico,2011-01-03,2014-11-13,28,66,186,12009.19936,9202.7565,2806.44286,1021.7006399999998,1135.212,5,21,12009.19936,2806.44286,428.8999771428572,100.23010214285716,23.369108762967524,48,1410,1,23.809523809523807,52.22222222222222,2011-01,1,2,2,122,5,2.0,1458,Lost Customers,Reactivate cheaply or release. Longest dormancy in the panel. Use low-cost channels only; do not fund deep discounts to chase them.,"Relative label, and the most easily misread. Dormancy runs 36-428 days with a median near 49 - only 1 customer in the whole panel exceeds 180 days. These customers are not lost in any real sense; they are simply the least recent quintile."
NEIL_DUCICH,Corporate,EU,United States,2011-02-07,2014-12-26,32,57,195,14784.42172,11615.568200000002,3168.85352,1119.54828,1338.93,1,22,14784.42172,3168.85352,462.01317875,99.0266725,21.433733290448917,5,1418,1,4.545454545454546,45.74193548387097,2011-02,4,3,3,433,10,3.0,1423,Loyal Customers,Grow basket size. Consistent buyers with room to move up. Cross-sell adjacent sub-categories and bundle the low-margin items they already buy.,Relative label: upper-middle recency and value within this panel.
NEIL_FRANZ_SISCH,Home Office,EU,United States,2011-03-14,2014-12-25,29,62,186,12649.9209,9729.8642,2920.0567,1141.4791,2015.271,2,22,12649.9209,2920.0567,436.2041689655173,100.6916103448276,23.083596514820893,6,1382,1,9.090909090909092,49.35714285714285,2011-03,4,2,2,422,8,2.0,1388,Potential Loyalists,Convert to loyal. Recently active but spending below their cohort. Targeted category offers and a second-order incentive are justified here.,Relative label: recent but below-panel-average value. Not 'new' - see New Customers.
NEIL_KNUDSON,Home Office,US,United States,2011-06-07,2014-12-05,28,63,222,13878.543,10838.0103,3040.5327,1371.447,1079.239,2,24,13878.543,3040.5327,495.66225,108.59045357142855,21.90815491222673,26,1277,1,8.333333333333332,47.2962962962963,2011-06,2,2,2,222,6,2.0,1303,At Risk,"Reactivate now. Previously valuable, engagement slipping. Time-boxed win-back offer plus a service check - review whether returns or late shipments preceded the drop-off.","Relative label. Median dormancy is only ~28 days; this is the second-lowest recency quintile of a highly active panel, NOT evidence of churn."
NEOLA_SCHNEIDER,Consumer,LATAM,Mexico,2011-01-27,2014-12-25,30,75,292,15797.14274,16484.587,-687.4442600000002,5845.08726,1985.396,0,25,15797.14274,-687.4442600000002,526.5714246666666,-22.914808666666676,-4.351699996096891,6,1428,1,0.0,49.241379310344826,2011-01,4,2,3,423,9,2.5,1434,Potential Loyalists,Convert to loyal. Recently active but spending below their cohort. Targeted category offers and a second-order incentive are justified here.,Relative label: recent but below-panel-average value. Not 'new' - see New Customers.
NEOMA_MURRAY,Consumer,US,United States,2011-03-11,2014-12-12,28,54,240,13869.136,10726.4365,3142.6995,1233.894,1989.217,4,27,13869.136,3142.6995,495.32628571428575,112.23926785714283,22.659663154215227,19,1372,1,14.814814814814811,50.81481481481482,2011-03,3,2,2,322,7,2.0,1391,Potential Loyalists,Convert to loyal. Recently active but spending below their cohort. Targeted category offers and a second-order incentive are justified here.,Relative label: recent but below-panel-average value. Not 'new' - see New Customers.
NICK_CREBASSA,Corporate,EU,United States,2011-04-05,2014-12-25,29,50,149,12305.249,10969.871,1335.3779999999997,2929.3209999999995,618.107,2,22,12305.249,1335.3779999999997,424.3189310344828,46.0475172413793,10.85210059544508,6,1360,1,9.090909090909092,48.57142857142857,2011-04,4,2,2,422,8,2.0,1366,Potential Loyalists,Convert to loyal. Recently active but spending below their cohort. Targeted category offers and a second-order incentive are justified here.,Relative label: recent but below-panel-average value. Not 'new' - see New Customers.
NICK_RADFORD,Consumer,APAC,United States,2011-06-07,2014-12-29,34,68,212,12891.90158,11221.9358,1669.96578,2090.24842,1395.44,2,26,12891.90158,1669.96578,379.1735758823529,49.11664058823529,12.953603234069988,2,1301,1,7.6923076923076925,39.42424242424242,2011-06,5,4,2,542,11,3.0,1303,Loyal Customers,Grow basket size. Consistent buyers with room to move up. Cross-sell adjacent sub-categories and bundle the low-margin items they already buy.,Relative label: upper-middle recency and value within this panel.
NICK_ZANDUSKY,Home Office,US,United States,2011-06-01,2014-10-07,30,66,235,20270.28212,18179.0064,2091.27572,2216.1278799999995,2624.069,2,26,20270.28212,2091.27572,675.6760706666666,69.70919066666667,10.316954187512808,85,1224,1,7.6923076923076925,42.206896551724135,2011-06,1,2,5,125,8,3.5,1309,Lost Customers,Reactivate cheaply or release. Longest dormancy in the panel. Use low-cost channels only; do not fund deep discounts to chase them.,"Relative label, and the most easily misread. Dormancy runs 36-428 days with a median near 49 - only 1 customer in the whole panel exceeds 180 days. These customers are not lost in any real sense; they are simply the least recent quintile."
NICOLE_BRENNAN,Corporate,Africa,United States,2011-06-27,2013-10-29,17,31,93,5935.0754,6626.503199999999,-691.4277999999999,2817.5146,421.261,0,10,5935.0754,-691.4277999999999,349.1220823529412,-40.67222352941176,-11.6498570515212,428,855,1,0.0,53.4375,2011-06,1,1,1,111,3,1.0,1283,Lost Customers,Reactivate cheaply or release. Longest dormancy in the panel. Use low-cost channels only; do not fund deep discounts to chase them.,"Relative label, and the most easily misread. Dormancy runs 36-428 days with a median near 49 - only 1 customer in the whole panel exceeds 180 days. These customers are not lost in any real sense; they are simply the least recent quintile."
NICOLE_FJELD,Home Office,LATAM,United States,2011-01-08,2014-12-20,27,43,163,12267.237520000002,10895.6889,1371.5486199999998,2239.34248,1135.798,1,22,12267.237520000002,1371.5486199999998,454.34213037037046,50.79809703703703,11.180582570149824,11,1442,1,4.545454545454546,55.46153846153846,2011-01,4,1,2,412,7,1.5,1453,Potential Loyalists,Convert to loyal. Recently active but spending below their cohort. Targeted category offers and a second-order incentive are justified here.,Relative label: recent but below-panel-average value. Not 'new' - see New Customers.
NICOLE_HANSEN,Corporate,APAC,United States,2011-03-02,2014-12-26,28,72,276,21303.4483,17227.9834,4075.4649,2837.9917,2173.949,2,22,21303.4483,4075.4649,760.8374392857143,145.55231785714284,19.13054094627488,5,1395,1,9.090909090909092,51.66666666666666,2011-03,4,2,5,425,11,3.5,1400,Loyal Customers,Grow basket size. Consistent buyers with room to move up. Cross-sell adjacent sub-categories and bundle the low-margin items they already buy.,Relative label: upper-middle recency and value within this panel.
NOAH_CHILDS,Corporate,APAC,Australia,2011-04-27,2014-12-11,31,59,212,17343.83758,15080.923000000004,2262.91458,1867.77242,2418.575,1,29,17343.83758,2262.91458,559.4786316129032,72.99724451612902,13.04736953146675,20,1324,1,3.4482758620689653,44.13333333333333,2011-04,3,3,4,334,10,3.5,1344,Loyal Customers,Grow basket size. Consistent buyers with room to move up. Cross-sell adjacent sub-categories and bundle the low-margin items they already buy.,Relative label: upper-middle recency and value within this panel.
NOEL_STAAVOS,Corporate,US,United States,2011-06-25,2014-11-25,45,92,318,16637.524,15818.8044,818.7195999999999,4849.666,1886.933,2,37,16637.524,818.7195999999999,369.7227555555556,18.193768888888886,4.920922127595427,36,1249,1,5.405405405405405,28.38636363636364,2011-06,1,5,4,154,10,4.5,1285,Lost Customers,Reactivate cheaply or release. Longest dormancy in the panel. Use low-cost channels only; do not fund deep discounts to chase them.,"Relative label, and the most easily misread. Dormancy runs 36-428 days with a median near 49 - only 1 customer in the whole panel exceeds 180 days. These customers are not lost in any real sense; they are simply the least recent quintile."
NONA_BALK,Corporate,US,United States,2011-01-29,2014-12-12,27,51,162,10081.8206,8628.4161,1453.4045,1492.1493999999998,1213.09,1,22,10081.8206,1453.4045,373.4007629629629,53.82979629629629,14.416091672966289,19,1413,1,4.545454545454546,54.34615384615385,2011-01,3,1,1,311,5,1.0,1432,Potential Loyalists,Convert to loyal. Recently active but spending below their cohort. Targeted category offers and a second-order incentive are justified here.,Relative label: recent but below-panel-average value. Not 'new' - see New Customers.
NORA_PAIGE,Consumer,EU,United States,2011-10-28,2014-11-03,25,48,164,15710.88426,12675.2218,3035.66246,547.3357400000001,1652.06,0,19,15710.88426,3035.66246,628.4353704,121.4264984,19.322034391971265,58,1102,1,0.0,45.91666666666666,2011-10,1,1,3,113,5,2.0,1160,Lost Customers,Reactivate cheaply or release. Longest dormancy in the panel. Use low-cost channels only; do not fund deep discounts to chase them.,"Relative label, and the most easily misread. Dormancy runs 36-428 days with a median near 49 - only 1 customer in the whole panel exceeds 180 days. These customers are not lost in any real sense; they are simply the least recent quintile."
NORA_PELLETIER,Home Office,LATAM,United States,2011-03-07,2014-12-17,34,66,244,16358.2832,14799.2563,1559.0268999999998,3466.9368000000004,1908.14,0,30,16358.2832,1559.0268999999998,481.1259764705882,45.85373235294117,9.530504399141346,14,1381,1,0.0,41.84848484848485,2011-03,3,4,3,343,10,3.5,1395,Loyal Customers,Grow basket size. Consistent buyers with room to move up. Cross-sell adjacent sub-categories and bundle the low-margin items they already buy.,Relative label: upper-middle recency and value within this panel.
NORA_PREIS,Consumer,EU,United States,2011-09-05,2014-12-03,33,62,247,15917.0555,15541.5043,375.5512000000001,5192.7445,1930.535,1,27,15917.0555,375.5512000000001,482.3350151515152,11.380339393939398,2.3594263398780013,28,1185,1,3.7037037037037033,37.03125,2011-09,2,3,3,233,8,3.0,1213,At Risk,"Reactivate now. Previously valuable, engagement slipping. Time-boxed win-back offer plus a service check - review whether returns or late shipments preceded the drop-off.","Relative label. Median dormancy is only ~28 days; this is the second-lowest recency quintile of a highly active panel, NOT evidence of churn."
ODELLA_NELSON,Corporate,EU,United States,2011-02-16,2014-11-14,38,74,262,19271.70624,16488.399,2783.30724,4248.523759999999,2088.15,1,33,19271.70624,2783.30724,507.1501642105263,73.24492736842106,14.442453643378077,47,1367,1,3.0303030303030303,36.94594594594594,2011-02,1,5,4,154,10,4.5,1414,Lost Customers,Reactivate cheaply or release. Longest dormancy in the panel. Use low-cost channels only; do not fund deep discounts to chase them.,"Relative label, and the most easily misread. Dormancy runs 36-428 days with a median near 49 - only 1 customer in the whole panel exceeds 180 days. These customers are not lost in any real sense; they are simply the least recent quintile."
OLVERA_TOCH,Consumer,APAC,United States,2011-09-22,2014-11-28,36,73,262,19758.81566,17927.814300000002,1831.0013599999995,5889.674339999999,1931.337,2,32,19758.81566,1831.0013599999995,548.8559905555555,50.86114888888888,9.266756629076216,33,1163,1,6.25,33.22857142857143,2011-09,2,4,4,244,10,4.0,1196,At Risk,"Reactivate now. Previously valuable, engagement slipping. Time-boxed win-back offer plus a service check - review whether returns or late shipments preceded the drop-off.","Relative label. Median dormancy is only ~28 days; this is the second-lowest recency quintile of a highly active panel, NOT evidence of churn."
PAMELA_COAKLEY,Corporate,APAC,United States,2011-04-02,2014-12-29,26,48,159,11940.05644,12360.159,-420.1025600000001,3903.16356,1566.34,2,21,11940.05644,-420.1025600000001,459.23294,-16.157790769230772,-3.518430269664622,2,1367,1,9.523809523809524,54.68,2011-04,5,1,2,512,8,1.5,1369,Potential Loyalists,Convert to loyal. Recently active but spending below their cohort. Targeted category offers and a second-order incentive are justified here.,Relative label: recent but below-panel-average value. Not 'new' - see New Customers.
PAMELA_STOBB,Consumer,APAC,Mexico,2011-05-10,2014-12-02,33,66,252,17632.7514,16339.64,1293.1114000000002,3142.5886,1760.533,1,28,17632.7514,1293.1114000000002,534.3258000000001,39.18519393939395,7.333576993548495,29,1302,1,3.571428571428571,40.6875,2011-05,2,3,4,234,9,3.5,1331,At Risk,"Reactivate now. Previously valuable, engagement slipping. Time-boxed win-back offer plus a service check - review whether returns or late shipments preceded the drop-off.","Relative label. Median dormancy is only ~28 days; this is the second-lowest recency quintile of a highly active panel, NOT evidence of churn."
PARHENA_NORRIS,Home Office,EU,United States,2011-08-09,2014-12-16,38,58,213,12892.57522,10687.1124,2205.46282,1095.38478,1389.266,2,33,12892.57522,2205.46282,339.278295263158,58.0384952631579,17.106456874331116,15,1225,1,6.0606060606060606,33.108108108108105,2011-08,3,5,2,352,10,3.5,1240,Loyal Customers,Grow basket size. Consistent buyers with room to move up. Cross-sell adjacent sub-categories and bundle the low-margin items they already buy.,Relative label: upper-middle recency and value within this panel.
PATRICIA_HIRASAKI,Home Office,APAC,Australia,2011-02-22,2014-11-04,27,41,135,11182.4063,8438.7802,2743.6261000000004,988.6137,1094.168,1,19,11182.4063,2743.6261000000004,414.1631962962963,101.61578148148148,24.535203125287985,57,1351,1,5.263157894736842,51.96153846153846,2011-02,1,1,1,111,3,1.0,1408,Lost Customers,Reactivate cheaply or release. Longest dormancy in the panel. Use low-cost channels only; do not fund deep discounts to chase them.,"Relative label, and the most easily misread. Dormancy runs 36-428 days with a median near 49 - only 1 customer in the whole panel exceeds 180 days. These customers are not lost in any real sense; they are simply the least recent quintile."
PATRICK_BZOSTEK,Home Office,EU,United States,2011-07-19,2014-12-23,28,62,210,14863.06974,13119.9903,1743.07944,1922.22026,1436.755,2,19,14863.06974,1743.07944,530.8239192857143,62.25283714285714,11.727587036135375,8,1253,1,10.526315789473683,46.407407407407405,2011-07,4,2,3,423,9,2.5,1261,Potential Loyalists,Convert to loyal. Recently active but spending below their cohort. Targeted category offers and a second-order incentive are justified here.,Relative label: recent but below-panel-average value. Not 'new' - see New Customers.
PATRICK_GARDNER,Consumer,US,United States,2011-01-19,2014-12-11,41,78,262,16482.5046,14507.3157,1975.1889,2823.0154,1557.05,1,35,16482.5046,1975.1889,402.0123073170732,48.17533902439024,11.983548301269698,20,1422,1,2.857142857142857,35.55,2011-01,3,5,4,354,12,4.5,1442,Loyal Customers,Grow basket size. Consistent buyers with room to move up. Cross-sell adjacent sub-categories and bundle the low-margin items they already buy.,Relative label: upper-middle recency and value within this panel.
PATRICK_JONES,Corporate,US,United States,2011-05-05,2014-11-22,25,45,155,14440.907,10421.7745,4019.1325,1905.053,1693.991,1,19,14440.907,4019.1325,577.6362799999999,160.7653,27.83157941533728,39,1297,1,5.263157894736842,54.04166666666666,2011-05,1,1,3,113,5,2.0,1336,Lost Customers,Reactivate cheaply or release. Longest dormancy in the panel. Use low-cost channels only; do not fund deep discounts to chase them.,"Relative label, and the most easily misread. Dormancy runs 36-428 days with a median near 49 - only 1 customer in the whole panel exceeds 180 days. These customers are not lost in any real sense; they are simply the least recent quintile."
PATRICK_O_BRILL,Consumer,EU,United States,2011-01-26,2014-12-27,45,102,370,26707.4562,22929.0925,3778.3637,4326.9838,2986.241,1,41,26707.4562,3778.3637,593.4990266666666,83.96363777777778,14.147224174798048,4,1431,1,2.4390243902439024,32.52272727272727,2011-01,5,5,5,555,15,5.0,1435,Champions,Protect. Highest value and most recently active. Give early access to new ranges and priority fulfilment; do NOT spend discount here - they already buy at the best margins.,Relative label: top recency and value quintiles within this 795-customer panel.
PATRICK_O_DONNELL,Consumer,EU,United States,2011-01-10,2014-12-31,41,78,275,24024.2098,19406.0907,4618.1191,2992.2102000000004,2711.03,2,35,24024.2098,4618.1191,585.9563365853659,112.6370512195122,19.22277210549501,0,1451,1,5.714285714285714,36.275,2011-01,5,5,5,555,15,5.0,1451,Champions,Protect. Highest value and most recently active. Give early access to new ranges and priority fulfilment; do NOT spend discount here - they already buy at the best margins.,Relative label: top recency and value quintiles within this 795-customer panel.
PATRICK_RYAN,Consumer,EU,United States,2011-04-15,2014-12-06,34,72,283,14329.26082,13920.1354,409.12542,5120.70918,1763.631,2,29,14329.26082,409.12542,421.4488476470588,12.033100588235293,2.855174632797284,25,1331,1,6.896551724137931,40.333333333333336,2011-04,2,4,3,243,9,3.5,1356,At Risk,"Reactivate now. Previously valuable, engagement slipping. Time-boxed win-back offer plus a service check - review whether returns or late shipments preceded the drop-off.","Relative label. Median dormancy is only ~28 days; this is the second-lowest recency quintile of a highly active panel, NOT evidence of churn."
PAULINE_CHAND,Home Office,APAC,Australia,2011-04-06,2014-12-10,22,48,169,10634.4953,9801.1644,833.3309,1496.7546999999995,1321.783,0,18,10634.4953,833.3309,483.38615,37.87867727272727,7.836111413768738,21,1344,1,0.0,64.0,2011-04,3,1,1,311,5,1.0,1365,Potential Loyalists,Convert to loyal. Recently active but spending below their cohort. Targeted category offers and a second-order incentive are justified here.,Relative label: recent but below-panel-average value. Not 'new' - see New Customers.
PAULINE_JOHNSON,Consumer,US,United States,2011-04-07,2014-12-12,30,65,222,15843.53916,13741.0461,2102.49306,3256.28084,1555.399,2,22,15843.53916,2102.49306,528.117972,70.08310200000001,13.270349754353749,19,1345,1,9.090909090909092,46.37931034482759,2011-04,3,2,3,323,8,2.5,1364,Potential Loyalists,Convert to loyal. Recently active but spending below their cohort. Targeted category offers and a second-order incentive are justified here.,Relative label: recent but below-panel-average value. Not 'new' - see New Customers.
PAULINE_WEBBER,Corporate,US,United States,2011-01-19,2014-12-24,38,69,242,13891.06046,11946.2591,1944.80136,2406.30954,1477.575,0,31,13891.06046,1944.80136,365.55422263157897,51.178983157894734,14.000380788782484,7,1435,1,0.0,38.78378378378378,2011-01,4,5,2,452,11,3.5,1442,Loyal Customers,Grow basket size. Consistent buyers with room to move up. Cross-sell adjacent sub-categories and bundle the low-margin items they already buy.,Relative label: upper-middle recency and value within this panel.
PAUL_GONZALEZ,Consumer,US,United States,2011-02-22,2014-12-29,34,92,337,15922.9882,14302.8077,1620.1805,2924.4418,2228.143,1,28,15922.9882,1620.1805,468.3231823529412,47.65236764705882,10.175103313836532,2,1406,1,3.571428571428571,42.60606060606061,2011-02,5,4,3,543,12,3.5,1408,Loyal Customers,Grow basket size. Consistent buyers with room to move up. Cross-sell adjacent sub-categories and bundle the low-margin items they already buy.,Relative label: upper-middle recency and value within this panel.
PAUL_KNUTSON,Home Office,LATAM,Mexico,2011-04-04,2014-09-24,20,39,126,8231.03756,8539.527,-308.4894400000001,4920.79244,1116.958,1,16,8231.03756,-308.4894400000001,411.551878,-15.424472000000003,-3.74788035835424,98,1269,1,6.25,66.78947368421052,2011-04,1,1,1,111,3,1.0,1367,Lost Customers,Reactivate cheaply or release. Longest dormancy in the panel. Use low-cost channels only; do not fund deep discounts to chase them.,"Relative label, and the most easily misread. Dormancy runs 36-428 days with a median near 49 - only 1 customer in the whole panel exceeds 180 days. These customers are not lost in any real sense; they are simply the least recent quintile."
PAUL_LUCAS,Home Office,APAC,China,2011-02-10,2014-12-16,23,47,173,15015.9286,13009.4237,2006.5049,1505.0413999999998,1659.953,0,20,15015.9286,2006.5049,652.8664608695652,87.23934347826086,13.362509595310677,15,1405,1,0.0,63.86363636363637,2011-02,3,1,3,313,7,2.0,1420,Potential Loyalists,Convert to loyal. Recently active but spending below their cohort. Targeted category offers and a second-order incentive are justified here.,Relative label: recent but below-panel-average value. Not 'new' - see New Customers.
PAUL_MACINTYRE,Consumer,LATAM,France,2011-01-10,2014-12-10,32,48,148,14342.4504,13164.0552,1178.3951999999997,1846.109600000001,2003.303,1,23,14342.4504,1178.3951999999997,448.201575,36.82484999999999,8.21613578667143,21,1430,1,4.3478260869565215,46.12903225806452,2011-01,3,3,3,333,9,3.0,1451,Loyal Customers,Grow basket size. Consistent buyers with room to move up. Cross-sell adjacent sub-categories and bundle the low-margin items they already buy.,Relative label: upper-middle recency and value within this panel.
PAUL_PROST,Home Office,US,United States,2011-06-03,2014-12-17,33,79,302,22243.2456,19555.5126,2687.733,2546.5444,2312.293,1,30,22243.2456,2687.733,674.0377454545454,81.44645454545454,12.083367006476788,14,1293,1,3.333333333333333,40.40625,2011-06,3,3,5,335,11,4.0,1307,Loyal Customers,Grow basket size. Consistent buyers with room to move up. Cross-sell adjacent sub-categories and bundle the low-margin items they already buy.,Relative label: upper-middle recency and value within this panel.
PAUL_STEVENSON,Home Office,EU,United States,2011-01-22,2014-12-04,37,68,260,19618.35282,17784.1591,1834.19372,3280.48718,2668.475,2,33,19618.35282,1834.19372,530.225751891892,49.57280324324325,9.349376763833735,27,1412,1,6.0606060606060606,39.22222222222222,2011-01,2,5,4,254,11,4.5,1439,At Risk,"Reactivate now. Previously valuable, engagement slipping. Time-boxed win-back offer plus a service check - review whether returns or late shipments preceded the drop-off.","Relative label. Median dormancy is only ~28 days; this is the second-lowest recency quintile of a highly active panel, NOT evidence of churn."
PAUL_VAN_HUGH,Home Office,APAC,United States,2011-07-12,2014-12-23,34,65,243,18931.297,14875.7276,4055.5694,1750.6329999999998,2410.8,0,28,18931.297,4055.5694,556.8028529411765,119.28145294117648,21.422564972701025,8,1260,1,0.0,38.18181818181818,2011-07,4,4,4,444,12,4.0,1268,Champions,Protect. Highest value and most recently active. Give early access to new ranges and priority fulfilment; do NOT spend discount here - they already buy at the best margins.,Relative label: top recency and value quintiles within this 795-customer panel.
PENELOPE_SEWALL,Home Office,LATAM,United States,2011-04-16,2014-12-11,33,82,282,30081.6754,25742.8643,4338.8111,3007.164599999999,3258.687,2,26,30081.6754,4338.8111,911.5659212121212,131.47912424242423,14.4234356707406,20,1335,1,7.6923076923076925,41.71875,2011-04,3,3,5,335,11,4.0,1355,Loyal Customers,Grow basket size. Consistent buyers with room to move up. Cross-sell adjacent sub-categories and bundle the low-margin items they already buy.,Relative label: upper-middle recency and value within this panel.
PETER_B_HLER,Consumer,EU,United States,2011-01-12,2014-12-31,20,47,161,9895.989,7959.804300000001,1936.1847,1414.201,1121.891,0,16,9895.989,1936.1847,494.79945,96.809235,19.56534814256564,0,1449,1,0.0,76.26315789473684,2011-01,5,1,1,511,7,1.0,1449,Potential Loyalists,Convert to loyal. Recently active but spending below their cohort. Targeted category offers and a second-order incentive are justified here.,Relative label: recent but below-panel-average value. Not 'new' - see New Customers.
PETER_FULLER,Consumer,APAC,United States,2011-03-16,2014-10-09,38,87,280,29875.99966,28812.7083,1063.2913599999993,5974.550339999999,2409.775,0,28,29875.99966,1063.2913599999993,786.210517368421,27.98135157894735,3.5590151697036108,83,1303,1,0.0,35.21621621621622,2011-03,1,5,5,155,11,5.0,1386,Lost Customers,Reactivate cheaply or release. Longest dormancy in the panel. Use low-cost channels only; do not fund deep discounts to chase them.,"Relative label, and the most easily misread. Dormancy runs 36-428 days with a median near 49 - only 1 customer in the whole panel exceeds 180 days. These customers are not lost in any real sense; they are simply the least recent quintile."
PETER_MCVEE,Home Office,EU,United States,2011-03-11,2014-12-19,28,46,149,11286.9559,10268.3183,1018.6376,1922.3941,1673.828,0,22,11286.9559,1018.6376,403.1055678571429,36.379914285714285,9.024909896210367,12,1379,1,0.0,51.07407407407408,2011-03,3,2,1,321,6,1.5,1391,Potential Loyalists,Convert to loyal. Recently active but spending below their cohort. Targeted category offers and a second-order incentive are justified here.,Relative label: recent but below-panel-average value. Not 'new' - see New Customers.
PETE_ARMSTRONG,Home Office,LATAM,United States,2011-02-15,2014-12-08,27,56,193,10393.81376,8838.4592,1555.3545599999998,1813.65624,1213.887,1,21,10393.81376,1555.3545599999998,384.95606518518514,57.605724444444434,14.964233494212618,23,1392,1,4.761904761904762,53.53846153846154,2011-02,2,1,1,211,4,1.0,1415,At Risk,"Reactivate now. Previously valuable, engagement slipping. Time-boxed win-back offer plus a service check - review whether returns or late shipments preceded the drop-off.","Relative label. Median dormancy is only ~28 days; this is the second-lowest recency quintile of a highly active panel, NOT evidence of churn."
PETE_KRIZ,Consumer,US,United States,2011-06-25,2014-12-23,32,73,251,18661.6945,16997.116400000003,1664.5780999999995,4916.6755,2048.113,2,29,18661.6945,1664.5780999999995,583.177953125,52.01806562499999,8.9197585996277,8,1277,1,6.896551724137931,41.193548387096776,2011-06,4,3,4,434,11,3.5,1285,Loyal Customers,Grow basket size. Consistent buyers with room to move up. Cross-sell adjacent sub-categories and bundle the low-margin items they already buy.,Relative label: upper-middle recency and value within this panel.
PETE_TAKAHITO,Consumer,LATAM,Mexico,2011-09-12,2014-12-29,30,51,184,13056.813,12447.1128,609.7001999999998,2633.697,1228.877,2,25,13056.813,609.7001999999998,435.2271,20.32333999999999,4.669594333624903,2,1204,1,8.0,41.51724137931034,2011-09,5,2,2,522,9,2.0,1206,Potential Loyalists,Convert to loyal. Recently active but spending below their cohort. Targeted category offers and a second-order incentive are justified here.,Relative label: recent but below-panel-average value. Not 'new' - see New Customers.
PHILIP_BROWN,Consumer,LATAM,United States,2011-06-24,2014-12-26,43,76,240,11385.69856,10113.8494,1271.8491599999998,2366.6414400000003,972.068,2,33,11385.69856,1271.8491599999998,264.7836874418605,29.577887441860454,11.170585215282564,5,1281,1,6.0606060606060606,30.5,2011-06,4,5,1,451,10,3.0,1286,Loyal Customers,Grow basket size. Consistent buyers with room to move up. Cross-sell adjacent sub-categories and bundle the low-margin items they already buy.,Relative label: upper-middle recency and value within this panel.
PHILIP_FOX,Consumer,APAC,United States,2011-01-11,2014-11-27,43,67,249,18026.4847,16117.6061,1908.8786,2949.5353,1926.484,1,36,18026.4847,1908.8786,419.2205744186047,44.39252558139535,10.589300308783995,34,1416,1,2.7777777777777777,33.714285714285715,2011-01,2,5,4,254,11,4.5,1450,At Risk,"Reactivate now. Previously valuable, engagement slipping. Time-boxed win-back offer plus a service check - review whether returns or late shipments preceded the drop-off.","Relative label. Median dormancy is only ~28 days; this is the second-lowest recency quintile of a highly active panel, NOT evidence of churn."
PHILISSE_OVERCASH,Home Office,US,United States,2011-02-10,2014-12-02,33,73,231,17984.2395,15808.4499,2175.7896,3832.500500000001,1664.255,5,24,17984.2395,2175.7896,544.9769545454545,65.93301818181818,12.09831308129543,29,1391,1,20.833333333333336,43.46875,2011-02,2,3,4,234,9,3.5,1420,At Risk,"Reactivate now. Previously valuable, engagement slipping. Time-boxed win-back offer plus a service check - review whether returns or late shipments preceded the drop-off.","Relative label. Median dormancy is only ~28 days; this is the second-lowest recency quintile of a highly active panel, NOT evidence of churn."
PHILLINA_OBER,Home Office,APAC,United States,2011-01-05,2014-11-28,29,69,259,19099.36688,20125.4689,-1026.1020200000007,5717.993119999999,2207.944,2,21,19099.36688,-1026.1020200000007,658.5988579310346,-35.382828275862096,-5.372439968544134,33,1423,1,9.523809523809524,50.82142857142857,2011-01,2,2,4,224,8,3.0,1456,At Risk,"Reactivate now. Previously valuable, engagement slipping. Time-boxed win-back offer plus a service check - review whether returns or late shipments preceded the drop-off.","Relative label. Median dormancy is only ~28 days; this is the second-lowest recency quintile of a highly active panel, NOT evidence of churn."
PHILLIP_BREYER,Corporate,EU,France,2011-04-26,2014-12-23,34,84,319,24269.859,22865.901,1403.958,5894.181,3772.705,0,27,24269.859,1403.958,713.8193823529411,41.29288235294118,5.7847802082410125,8,1337,1,0.0,40.51515151515152,2011-04,4,4,5,445,13,4.5,1345,Champions,Protect. Highest value and most recently active. Give early access to new ranges and priority fulfilment; do NOT spend discount here - they already buy at the best margins.,Relative label: top recency and value quintiles within this 795-customer panel.
PHILLIP_FLATHMANN,Consumer,EU,Germany,2011-08-05,2014-12-29,37,68,219,13389.4717,12448.6162,940.8555,3461.6583,1707.904,1,30,13389.4717,940.8555,361.8776135135135,25.428527027027027,7.0268306403754535,2,1242,1,3.333333333333333,34.5,2011-08,5,5,2,552,12,3.5,1244,Loyal Customers,Grow basket size. Consistent buyers with room to move up. Cross-sell adjacent sub-categories and bundle the low-margin items they already buy.,Relative label: upper-middle recency and value within this panel.
PIERRE_WENER,Consumer,LATAM,United States,2011-03-04,2014-12-30,31,61,189,8423.6698,6481.371,1942.2988,1135.5202,753.105,0,24,8423.6698,1942.2988,271.73128387096773,62.6548,23.05763219731144,1,1397,1,0.0,46.56666666666667,2011-03,5,3,1,531,9,2.0,1398,Potential Loyalists,Convert to loyal. Recently active but spending below their cohort. Targeted category offers and a second-order incentive are justified here.,Relative label: recent but below-panel-average value. Not 'new' - see New Customers.
QUINCY_JONES,Corporate,US,United States,2011-02-10,2014-12-06,28,53,213,18579.9741,16336.7812,2243.1929,2620.6659,1548.188,0,23,18579.9741,2243.1929,663.5705035714285,80.11403214285714,12.073175602542957,25,1395,1,0.0,51.66666666666666,2011-02,2,2,4,224,8,3.0,1420,At Risk,"Reactivate now. Previously valuable, engagement slipping. Time-boxed win-back offer plus a service check - review whether returns or late shipments preceded the drop-off.","Relative label. Median dormancy is only ~28 days; this is the second-lowest recency quintile of a highly active panel, NOT evidence of churn."
RACHEL_PAYNE,Corporate,APAC,United States,2011-03-31,2014-12-24,32,74,242,14999.9289,13097.2068,1902.7221,2850.0011,2203.896,3,26,14999.9289,1902.7221,468.747778125,59.46006562499999,12.684874126303356,7,1364,1,11.538461538461538,44.0,2011-03,4,3,3,433,10,3.0,1371,Loyal Customers,Grow basket size. Consistent buyers with room to move up. Cross-sell adjacent sub-categories and bundle the low-margin items they already buy.,Relative label: upper-middle recency and value within this panel.
RALPH_ARNETT,Consumer,US,United States,2011-03-28,2014-12-26,38,88,263,23043.113,20430.0378,2613.0752,4941.906999999999,2437.816,2,24,23043.113,2613.0752,606.3977105263158,68.76513684210526,11.33994005063465,5,1369,1,8.333333333333332,37.0,2011-03,4,5,5,455,14,5.0,1374,Champions,Protect. Highest value and most recently active. Give early access to new ranges and priority fulfilment; do NOT spend discount here - they already buy at the best margins.,Relative label: top recency and value quintiles within this 795-customer panel.
RALPH_KENNEDY,Consumer,LATAM,Brazil,2011-03-21,2014-12-03,30,64,208,14000.04458,15555.834,-1555.7894199999998,5866.805419999999,1686.913,2,26,14000.04458,-1555.7894199999998,466.6681526666667,-51.85964733333333,-11.112746185269646,28,1353,1,7.6923076923076925,46.6551724137931,2011-03,2,2,3,223,7,2.5,1381,At Risk,"Reactivate now. Previously valuable, engagement slipping. Time-boxed win-back offer plus a service check - review whether returns or late shipments preceded the drop-off.","Relative label. Median dormancy is only ~28 days; this is the second-lowest recency quintile of a highly active panel, NOT evidence of churn."
RALPH_RITTER,Consumer,APAC,Australia,2011-02-01,2014-12-12,25,54,143,13585.89038,10746.907,2838.98338,1354.0096199999998,1278.855,2,21,13585.89038,2838.98338,543.4356152,113.5593352,20.89655738853385,19,1410,1,9.523809523809524,58.75,2011-02,3,1,2,312,6,1.5,1429,Potential Loyalists,Convert to loyal. Recently active but spending below their cohort. Targeted category offers and a second-order incentive are justified here.,Relative label: recent but below-panel-average value. Not 'new' - see New Customers.
RANDY_BRADLEY,Consumer,EU,Mexico,2011-01-20,2014-12-16,40,83,299,22898.02462,18746.6722,4151.35242,1844.25538,2508.171,2,32,22898.02462,4151.35242,572.4506155,103.7838105,18.12974039854098,15,1426,1,6.25,36.56410256410256,2011-01,3,5,5,355,13,5.0,1441,Loyal Customers,Grow basket size. Consistent buyers with room to move up. Cross-sell adjacent sub-categories and bundle the low-margin items they already buy.,Relative label: upper-middle recency and value within this panel.
RANDY_FERGUSON,Corporate,APAC,United States,2011-03-01,2014-12-25,32,63,232,16599.2978,13505.3428,3093.955,1814.2122,1877.904,2,27,16599.2978,3093.955,518.72805625,96.68609375,18.63907158771499,6,1395,1,7.4074074074074066,45.0,2011-03,4,3,4,434,11,3.5,1401,Loyal Customers,Grow basket size. Consistent buyers with room to move up. Cross-sell adjacent sub-categories and bundle the low-margin items they already buy.,Relative label: upper-middle recency and value within this panel.
RAYMOND_BUCH,Consumer,APAC,United States,2011-06-04,2014-12-11,29,71,262,29602.1426,21149.0931,8453.0495,2985.6074,2084.22254,4,25,29602.1426,8453.0495,1020.7635379310344,291.48446551724135,28.555532666071272,20,1286,1,16.0,45.92857142857143,2011-06,3,2,5,325,10,3.5,1306,Loyal Customers,Grow basket size. Consistent buyers with room to move up. Cross-sell adjacent sub-categories and bundle the low-margin items they already buy.,Relative label: upper-middle recency and value within this panel.
RAYMOND_MESSE,Consumer,APAC,United States,2011-04-25,2014-12-22,32,62,210,18317.12712,16461.7241,1855.40302,3177.30288,2264.12,0,25,18317.12712,1855.40302,572.4102225,57.98134437499999,10.129334190044096,9,1337,1,0.0,43.12903225806452,2011-04,4,3,4,434,11,3.5,1346,Loyal Customers,Grow basket size. Consistent buyers with room to move up. Cross-sell adjacent sub-categories and bundle the low-margin items they already buy.,Relative label: upper-middle recency and value within this panel.
RESI_P_LKING,Consumer,US,United States,2011-01-29,2014-12-16,41,91,303,22050.8875,20982.5037,1068.3838000000003,6320.7625,2201.146,2,34,22050.8875,1068.3838000000003,537.8265243902439,26.05814146341465,4.84508299269134,15,1417,1,5.88235294117647,35.425,2011-01,3,5,5,355,13,5.0,1432,Loyal Customers,Grow basket size. Consistent buyers with room to move up. Cross-sell adjacent sub-categories and bundle the low-margin items they already buy.,Relative label: upper-middle recency and value within this panel.
RICARDO_EMERSON,Consumer,APAC,Australia,2011-03-15,2014-12-03,27,59,181,14040.49518,11396.815,2643.68018,1991.54482,1305.592,1,21,14040.49518,2643.68018,520.01834,97.91408074074072,18.82896682850469,28,1359,1,4.761904761904762,52.26923076923077,2011-03,2,1,3,213,6,2.0,1387,At Risk,"Reactivate now. Previously valuable, engagement slipping. Time-boxed win-back offer plus a service check - review whether returns or late shipments preceded the drop-off.","Relative label. Median dormancy is only ~28 days; this is the second-lowest recency quintile of a highly active panel, NOT evidence of churn."
RICARDO_SPERREN,Corporate,EU,United States,2011-01-10,2014-11-28,35,68,208,14432.58948,12608.9386,1823.65088,2128.69052,1141.235,0,28,14432.58948,1823.65088,412.35969942857145,52.10431085714286,12.63564575523422,33,1418,1,0.0,41.70588235294117,2011-01,2,4,3,243,9,3.5,1451,At Risk,"Reactivate now. Previously valuable, engagement slipping. Time-boxed win-back offer plus a service check - review whether returns or late shipments preceded the drop-off.","Relative label. Median dormancy is only ~28 days; this is the second-lowest recency quintile of a highly active panel, NOT evidence of churn."
RICHARD_BIERNER,Consumer,LATAM,United States,2011-01-18,2014-12-12,34,67,224,14797.22952,15922.8861,-1125.6565799999998,6150.710479999999,1494.552,1,28,14797.22952,-1125.6565799999998,435.2126329411764,-33.10754647058823,-7.607211731618797,19,1424,1,3.571428571428571,43.15151515151515,2011-01,3,4,3,343,10,3.5,1443,Loyal Customers,Grow basket size. Consistent buyers with room to move up. Cross-sell adjacent sub-categories and bundle the low-margin items they already buy.,Relative label: upper-middle recency and value within this panel.
RICHARD_EICHHORN,Consumer,APAC,United States,2011-06-03,2014-12-16,30,67,208,16339.18824,13947.7766,2391.41164,1285.9017600000002,1670.797,1,18,16339.18824,2391.41164,544.6396080000001,79.71372133333332,14.636049263118103,15,1292,1,5.555555555555555,44.55172413793103,2011-06,3,2,3,323,8,2.5,1307,Potential Loyalists,Convert to loyal. Recently active but spending below their cohort. Targeted category offers and a second-order incentive are justified here.,Relative label: recent but below-panel-average value. Not 'new' - see New Customers.
RICK_BENSLEY,Home Office,US,United States,2011-03-14,2014-12-31,39,79,329,20853.6794,16787.2194,4066.46,1816.3806,2295.122,3,36,20853.6794,4066.46,534.7097282051283,104.26820512820512,19.499964116644083,0,1388,1,8.333333333333332,36.526315789473685,2011-03,5,5,5,555,15,5.0,1388,Champions,Protect. Highest value and most recently active. Give early access to new ranges and priority fulfilment; do NOT spend discount here - they already buy at the best margins.,Relative label: top recency and value quintiles within this 795-customer panel.
RICK_DUSTON,Consumer,LATAM,United States,2011-06-08,2014-12-31,33,66,236,17548.9209,13961.476,3587.4449,1454.0890999999997,1586.024,2,27,17548.9209,3587.4449,531.7854818181819,108.71045151515152,20.44253843551144,0,1302,1,7.4074074074074066,40.6875,2011-06,5,3,4,534,12,3.5,1302,Loyal Customers,Grow basket size. Consistent buyers with room to move up. Cross-sell adjacent sub-categories and bundle the low-margin items they already buy.,Relative label: upper-middle recency and value within this panel.
RICK_HANSEN,Consumer,LATAM,United States,2011-05-02,2014-12-07,31,56,230,16352.9586,14502.0683,1850.8903,2913.8114,3260.427,3,28,16352.9586,1850.8903,527.514793548387,59.70613870967741,11.318381861493858,24,1315,1,10.714285714285714,43.833333333333336,2011-05,2,3,3,233,8,3.0,1339,At Risk,"Reactivate now. Previously valuable, engagement slipping. Time-boxed win-back offer plus a service check - review whether returns or late shipments preceded the drop-off.","Relative label. Median dormancy is only ~28 days; this is the second-lowest recency quintile of a highly active panel, NOT evidence of churn."
RICK_HUTHWAITE,Home Office,APAC,United States,2011-02-22,2014-12-11,32,58,182,13437.18096,11772.516500000002,1664.6644599999995,2990.66904,1398.641,2,25,13437.18096,1664.6644599999995,419.911905,52.02076437499999,12.388494766539184,20,1388,1,8.0,44.774193548387096,2011-02,3,3,2,332,8,2.5,1408,Potential Loyalists,Convert to loyal. Recently active but spending below their cohort. Targeted category offers and a second-order incentive are justified here.,Relative label: recent but below-panel-average value. Not 'new' - see New Customers.
RICK_REED,Corporate,LATAM,United States,2011-03-12,2014-12-31,34,73,264,16386.1966,16434.1794,-47.98280000000026,4282.4834,2477.513,3,27,16386.1966,-47.98280000000026,481.94695882352937,-1.4112588235294194,-0.2928245106005884,0,1390,1,11.11111111111111,42.121212121212125,2011-03,5,4,4,544,13,4.0,1390,Champions,Protect. Highest value and most recently active. Give early access to new ranges and priority fulfilment; do NOT spend discount here - they already buy at the best margins.,Relative label: top recency and value quintiles within this 795-customer panel.
RICK_WILSON,Corporate,APAC,United States,2011-02-22,2014-12-05,32,68,265,25122.1225,19944.693700000003,5177.4288,2439.8775,2987.175,1,25,25122.1225,5177.4288,785.066328125,161.79465,20.609042090293126,26,1382,1,4.0,44.58064516129032,2011-02,2,3,5,235,10,4.0,1408,At Risk,"Reactivate now. Previously valuable, engagement slipping. Time-boxed win-back offer plus a service check - review whether returns or late shipments preceded the drop-off.","Relative label. Median dormancy is only ~28 days; this is the second-lowest recency quintile of a highly active panel, NOT evidence of churn."
RITSA_HIGHTOWER,Consumer,EU,France,2011-07-19,2014-12-24,29,60,213,17697.78,15694.9763,2002.8037,3006.06,1816.906,2,21,17697.78,2002.8037,610.2682758620689,69.06219655172413,11.31669452326789,7,1254,1,9.523809523809524,44.785714285714285,2011-07,4,2,4,424,10,3.0,1261,Loyal Customers,Grow basket size. Consistent buyers with room to move up. Cross-sell adjacent sub-categories and bundle the low-margin items they already buy.,Relative label: upper-middle recency and value within this panel.
ROBERT_BARROSO,Corporate,LATAM,United States,2011-08-23,2014-08-03,25,45,143,6256.1884,5616.0650000000005,640.1234,1586.5516,508.365,0,22,6256.1884,640.1234,250.247536,25.604936,10.231843401646918,150,1076,1,0.0,44.833333333333336,2011-08,1,1,1,111,3,1.0,1226,Lost Customers,Reactivate cheaply or release. Longest dormancy in the panel. Use low-cost channels only; do not fund deep discounts to chase them.,"Relative label, and the most easily misread. Dormancy runs 36-428 days with a median near 49 - only 1 customer in the whole panel exceeds 180 days. These customers are not lost in any real sense; they are simply the least recent quintile."
ROBERT_DILBECK,Home Office,APAC,United States,2011-01-06,2014-12-04,30,56,187,16339.7531,12373.88,3965.8731,1578.5069,1725.376,1,21,16339.7531,3965.8731,544.6584366666667,132.19576999999998,24.27131594785236,27,1428,1,4.761904761904762,49.241379310344826,2011-01,2,2,3,223,7,2.5,1455,At Risk,"Reactivate now. Previously valuable, engagement slipping. Time-boxed win-back offer plus a service check - review whether returns or late shipments preceded the drop-off.","Relative label. Median dormancy is only ~28 days; this is the second-lowest recency quintile of a highly active panel, NOT evidence of churn."
ROBERT_MARLEY,Home Office,EU,United States,2011-11-02,2014-12-27,27,47,162,12867.0545,10324.8122,2542.2423,2019.6055,1036.316,0,19,12867.0545,2542.2423,476.55757407407407,94.1571222222222,19.75776429640521,4,1151,1,0.0,44.26923076923077,2011-11,5,1,2,512,8,1.5,1155,Potential Loyalists,Convert to loyal. Recently active but spending below their cohort. Targeted category offers and a second-order incentive are justified here.,Relative label: recent but below-panel-average value. Not 'new' - see New Customers.
ROBERT_WALDORF,Consumer,APAC,United States,2011-06-03,2014-12-16,33,64,214,12599.138,10462.1357,2137.0023,1476.1219999999996,1464.924,1,25,12599.138,2137.0023,381.7920606060606,64.75764545454545,16.961496096002758,15,1292,1,4.0,40.375,2011-06,3,3,2,332,8,2.5,1307,Potential Loyalists,Convert to loyal. Recently active but spending below their cohort. Targeted category offers and a second-order incentive are justified here.,Relative label: recent but below-panel-average value. Not 'new' - see New Customers.
ROB_BEEGHLY,Consumer,EU,United States,2011-10-12,2014-12-11,30,62,241,11548.392,10052.4681,1495.9239000000005,2375.928,1328.977,1,25,11548.392,1495.9239000000005,384.9464,49.86413000000002,12.95352547783276,20,1156,1,4.0,39.86206896551724,2011-10,3,2,2,322,7,2.0,1176,Potential Loyalists,Convert to loyal. Recently active but spending below their cohort. Targeted category offers and a second-order incentive are justified here.,Relative label: recent but below-panel-average value. Not 'new' - see New Customers.
ROB_DOWD,Consumer,US,United States,2011-04-02,2014-12-06,38,90,301,21483.5079,17563.5382,3919.9697,1242.5421,2198.231,1,31,21483.5079,3919.9697,565.3554710526316,103.15709736842103,18.246413566380376,25,1344,1,3.225806451612903,36.32432432432432,2011-04,2,5,5,255,12,5.0,1369,At Risk,"Reactivate now. Previously valuable, engagement slipping. Time-boxed win-back offer plus a service check - review whether returns or late shipments preceded the drop-off.","Relative label. Median dormancy is only ~28 days; this is the second-lowest recency quintile of a highly active panel, NOT evidence of churn."
ROB_HABERLIN,Consumer,EU,France,2011-06-02,2014-12-25,29,47,144,7970.165559999999,6747.793900000001,1222.3716599999998,1004.75444,952.763,0,21,7970.165559999999,1222.3716599999998,274.8332951724138,42.15074689655172,15.33684150972643,6,1302,1,0.0,46.5,2011-06,4,2,1,421,7,1.5,1308,Potential Loyalists,Convert to loyal. Recently active but spending below their cohort. Targeted category offers and a second-order incentive are justified here.,Relative label: recent but below-panel-average value. Not 'new' - see New Customers.
ROB_LUCAS,Consumer,US,United States,2011-02-26,2014-09-02,31,65,220,17287.05048,14583.0616,2703.9888799999994,2818.48952,2131.813,3,23,17287.05048,2703.9888799999994,557.6467896774194,87.22544774193547,15.641701764730422,120,1284,1,13.043478260869565,42.8,2011-02,1,3,4,134,8,3.5,1404,Lost Customers,Reactivate cheaply or release. Longest dormancy in the panel. Use low-cost channels only; do not fund deep discounts to chase them.,"Relative label, and the most easily misread. Dormancy runs 36-428 days with a median near 49 - only 1 customer in the whole panel exceeds 180 days. These customers are not lost in any real sense; they are simply the least recent quintile."
ROB_WILLIAMS,Corporate,US,United States,2011-02-16,2014-10-15,28,48,144,9985.9343,7733.7135,2252.2208,921.2757,849.911,1,26,9985.9343,2252.2208,356.64051071428565,80.43645714285715,22.55393168368833,77,1337,1,3.8461538461538463,49.51851851851852,2011-02,1,2,1,121,4,1.5,1414,Lost Customers,Reactivate cheaply or release. Longest dormancy in the panel. Use low-cost channels only; do not fund deep discounts to chase them.,"Relative label, and the most easily misread. Dormancy runs 36-428 days with a median near 49 - only 1 customer in the whole panel exceeds 180 days. These customers are not lost in any real sense; they are simply the least recent quintile."
ROGER_BARCIO,Home Office,Africa,United States,2011-03-03,2014-12-15,28,54,150,15306.1556,12426.6145,2879.5410999999995,1964.5344,1742.364,3,16,15306.1556,2879.5410999999995,546.6484142857142,102.84075357142856,18.81296110696797,16,1383,1,18.75,51.22222222222222,2011-03,3,2,3,323,8,2.5,1399,Potential Loyalists,Convert to loyal. Recently active but spending below their cohort. Targeted category offers and a second-order incentive are justified here.,Relative label: recent but below-panel-average value. Not 'new' - see New Customers.
ROGER_DEMIR,Consumer,US,United States,2011-01-13,2014-12-10,38,77,269,14736.2375,11699.2266,3037.0109,952.5725,1507.926,0,30,14736.2375,3037.0109,387.79572368421054,79.92133947368421,20.609133776515208,21,1427,1,0.0,38.567567567567565,2011-01,3,5,3,353,11,4.0,1448,Loyal Customers,Grow basket size. Consistent buyers with room to move up. Cross-sell adjacent sub-categories and bundle the low-margin items they already buy.,Relative label: upper-middle recency and value within this panel.
ROLAND_FJELD,Consumer,APAC,United States,2011-02-23,2014-12-30,26,59,210,13089.2177,11965.6892,1123.5285,2149.2423,1485.981,1,23,13089.2177,1123.5285,503.43145,43.21263461538461,8.583618408302582,1,1406,1,4.3478260869565215,56.24,2011-02,5,1,2,512,8,1.5,1407,Potential Loyalists,Convert to loyal. Recently active but spending below their cohort. Targeted category offers and a second-order incentive are justified here.,Relative label: recent but below-panel-average value. Not 'new' - see New Customers.
ROLAND_MURRAY,Consumer,LATAM,Argentina,2011-03-31,2014-12-15,26,37,118,7404.18586,6153.8521,1250.33376,1166.4641400000005,496.631,1,19,7404.18586,1250.33376,284.77637923076924,48.08976,16.886850001358557,16,1355,1,5.263157894736842,54.2,2011-03,3,1,1,311,5,1.0,1371,Potential Loyalists,Convert to loyal. Recently active but spending below their cohort. Targeted category offers and a second-order incentive are justified here.,Relative label: recent but below-panel-average value. Not 'new' - see New Customers.
ROLAND_SCHWARZ,Corporate,LATAM,United States,2011-04-07,2014-11-25,31,49,175,15106.27128,11634.1049,3472.16638,1041.77872,2100.03,2,25,15106.27128,3472.16638,487.2990735483871,112.00536709677418,22.98493331439762,36,1328,1,8.0,44.266666666666666,2011-04,1,3,3,133,7,3.0,1364,Lost Customers,Reactivate cheaply or release. Longest dormancy in the panel. Use low-cost channels only; do not fund deep discounts to chase them.,"Relative label, and the most easily misread. Dormancy runs 36-428 days with a median near 49 - only 1 customer in the whole panel exceeds 180 days. These customers are not lost in any real sense; they are simply the least recent quintile."
ROSE_O_BRIAN,Consumer,APAC,United States,2011-02-25,2014-12-27,38,79,291,21913.5415,21044.6596,868.8819000000002,7108.4685,2562.5370000000003,0,29,21913.5415,868.8819000000002,576.6721447368421,22.865313157894743,3.9650455404481297,4,1401,1,0.0,37.86486486486486,2011-02,5,5,5,555,15,5.0,1405,Champions,Protect. Highest value and most recently active. Give early access to new ranges and priority fulfilment; do NOT spend discount here - they already buy at the best margins.,Relative label: top recency and value quintiles within this 795-customer panel.
ROSS_BAIRD,Home Office,LATAM,United States,2011-01-15,2014-12-01,40,77,310,19312.16934,16961.6392,2350.53014,3933.08066,2080.325,0,35,19312.16934,2350.53014,482.8042335,58.7632535,12.17123824163816,30,1416,1,0.0,36.30769230769231,2011-01,2,5,4,254,11,4.5,1446,At Risk,"Reactivate now. Previously valuable, engagement slipping. Time-boxed win-back offer plus a service check - review whether returns or late shipments preceded the drop-off.","Relative label. Median dormancy is only ~28 days; this is the second-lowest recency quintile of a highly active panel, NOT evidence of churn."
ROSS_DEVINCENTIS,Home Office,APAC,United States,2011-06-09,2014-12-17,37,70,270,10305.88796,8365.9935,1939.89446,1191.5420399999998,1060.155,1,30,10305.88796,1939.89446,278.53751243243244,52.42958000000001,18.82316659689361,14,1287,1,3.333333333333333,35.75,2011-06,3,5,1,351,9,3.0,1301,Loyal Customers,Grow basket size. Consistent buyers with room to move up. Cross-sell adjacent sub-categories and bundle the low-margin items they already buy.,Relative label: upper-middle recency and value within this panel.
ROY_COLLINS,Consumer,LATAM,United States,2011-01-11,2014-09-04,26,45,172,7954.1133,7216.3676,737.7457,1270.1967,888.787,0,25,7954.1133,737.7457,305.92743461538464,28.374834615384614,9.275021264783843,118,1332,1,0.0,53.28,2011-01,1,1,1,111,3,1.0,1450,Lost Customers,Reactivate cheaply or release. Longest dormancy in the panel. Use low-cost channels only; do not fund deep discounts to chase them.,"Relative label, and the most easily misread. Dormancy runs 36-428 days with a median near 49 - only 1 customer in the whole panel exceeds 180 days. These customers are not lost in any real sense; they are simply the least recent quintile."
ROY_FRANZ_SISCH,Consumer,LATAM,United States,2011-04-27,2014-12-25,37,78,272,15649.19768,12807.4659,2841.73178,1399.8523200000002,1405.798,0,31,15649.19768,2841.73178,422.95128864864864,76.80356162162163,18.15896148868892,6,1338,1,0.0,37.16666666666666,2011-04,4,5,3,453,12,4.0,1344,Champions,Protect. Highest value and most recently active. Give early access to new ranges and priority fulfilment; do NOT spend discount here - they already buy at the best margins.,Relative label: top recency and value quintiles within this 795-customer panel.
ROY_PHAN,Corporate,EU,United States,2011-01-12,2014-12-10,33,72,254,14612.2234,14473.3692,138.8541999999999,3887.3066,1673.582,2,27,14612.2234,138.8541999999999,442.7946484848485,4.207703030303027,0.9502605879951158,21,1428,1,7.4074074074074066,44.625,2011-01,3,3,3,333,9,3.0,1449,Loyal Customers,Grow basket size. Consistent buyers with room to move up. Cross-sell adjacent sub-categories and bundle the low-margin items they already buy.,Relative label: upper-middle recency and value within this panel.
ROY_SKARIA,Home Office,EU,France,2011-06-03,2014-12-12,28,56,209,8122.39278,6658.964199999999,1463.42858,953.38722,891.868,0,20,8122.39278,1463.42858,290.08545642857143,52.26530642857143,18.017210194555503,19,1288,1,0.0,47.7037037037037,2011-06,3,2,1,321,6,1.5,1307,Potential Loyalists,Convert to loyal. Recently active but spending below their cohort. Targeted category offers and a second-order incentive are justified here.,Relative label: recent but below-panel-average value. Not 'new' - see New Customers.
RUBEN_AUSMAN,Corporate,EU,United States,2011-04-08,2014-11-18,31,75,240,15938.76708,12618.2984,3320.4686800000004,822.69292,1536.964,1,23,15938.76708,3320.4686800000004,514.1537767741935,107.11189290322582,20.8326570263175,43,1320,1,4.3478260869565215,44.0,2011-04,1,3,3,133,7,3.0,1363,Lost Customers,Reactivate cheaply or release. Longest dormancy in the panel. Use low-cost channels only; do not fund deep discounts to chase them.,"Relative label, and the most easily misread. Dormancy runs 36-428 days with a median near 49 - only 1 customer in the whole panel exceeds 180 days. These customers are not lost in any real sense; they are simply the least recent quintile."
RUBEN_DARTT,Consumer,LATAM,United States,2011-01-20,2014-11-29,39,86,284,18322.969,14992.2948,3330.6742,1008.5309999999996,1992.487,3,29,18322.969,3330.6742,469.819717948718,85.40190256410256,18.17759010562098,32,1409,1,10.344827586206897,37.078947368421055,2011-01,2,5,4,254,11,4.5,1441,At Risk,"Reactivate now. Previously valuable, engagement slipping. Time-boxed win-back offer plus a service check - review whether returns or late shipments preceded the drop-off.","Relative label. Median dormancy is only ~28 days; this is the second-lowest recency quintile of a highly active panel, NOT evidence of churn."
RUSSELL_APPLEGATE,Consumer,US,United States,2011-01-04,2014-12-19,29,76,267,21395.85342,19231.6557,2164.19772,3473.0965800000004,2098.246,1,27,21395.85342,2164.19772,737.7880489655172,74.62750758620689,10.11503340164498,12,1445,1,3.7037037037037033,51.60714285714285,2011-01,3,2,5,325,10,3.5,1457,Loyal Customers,Grow basket size. Consistent buyers with room to move up. Cross-sell adjacent sub-categories and bundle the low-margin items they already buy.,Relative label: upper-middle recency and value within this panel.
RUSSELL_D_ASCENZO,Consumer,LATAM,Guatemala,2011-03-06,2014-12-03,33,71,231,15816.98032,14586.6146,1230.3657199999998,4924.1096800000005,1786.628,0,22,15816.98032,1230.3657199999998,479.302433939394,37.28380969696969,7.778764941903902,28,1368,1,0.0,42.75,2011-03,2,3,3,233,8,3.0,1396,At Risk,"Reactivate now. Previously valuable, engagement slipping. Time-boxed win-back offer plus a service check - review whether returns or late shipments preceded the drop-off.","Relative label. Median dormancy is only ~28 days; this is the second-lowest recency quintile of a highly active panel, NOT evidence of churn."
RYAN_AKIN,Consumer,EU,United States,2011-01-27,2014-12-30,32,55,172,13740.6153,12843.8875,896.7278000000003,3175.0547,1716.552,0,23,13740.6153,896.7278000000003,429.394228125,28.02274375000001,6.526110952251172,1,1433,1,0.0,46.2258064516129,2011-01,5,3,2,532,10,2.5,1434,Potential Loyalists,Convert to loyal. Recently active but spending below their cohort. Targeted category offers and a second-order incentive are justified here.,Relative label: recent but below-panel-average value. Not 'new' - see New Customers.
RYAN_CROWE,Consumer,EU,United States,2011-01-21,2014-12-09,27,50,161,9537.8341,7413.8187,2124.0154,833.0958999999999,959.327,0,22,9537.8341,2124.0154,353.2531148148148,78.66723703703703,22.26936826254925,22,1418,1,0.0,54.53846153846154,2011-01,2,1,1,211,4,1.0,1440,At Risk,"Reactivate now. Previously valuable, engagement slipping. Time-boxed win-back offer plus a service check - review whether returns or late shipments preceded the drop-off.","Relative label. Median dormancy is only ~28 days; this is the second-lowest recency quintile of a highly active panel, NOT evidence of churn."
SALLY_HUGHSBY,Corporate,US,United States,2011-01-21,2014-12-06,37,77,293,18951.65694,17156.2955,1795.3614400000004,2957.12306,2109.829,4,29,18951.65694,1795.3614400000004,512.2069443243244,48.523282162162175,9.473374521731923,25,1415,1,13.79310344827586,39.30555555555556,2011-01,2,5,4,254,11,4.5,1440,At Risk,"Reactivate now. Previously valuable, engagement slipping. Time-boxed win-back offer plus a service check - review whether returns or late shipments preceded the drop-off.","Relative label. Median dormancy is only ~28 days; this is the second-lowest recency quintile of a highly active panel, NOT evidence of churn."
SALLY_KNUTSON,Consumer,LATAM,Mexico,2011-06-30,2014-12-23,26,62,231,13291.82952,10316.3157,2975.51382,1386.3504800000003,1930.746,2,19,13291.82952,2975.51382,511.22421230769226,114.44283923076924,22.38603659129688,8,1272,1,10.526315789473683,50.88,2011-06,4,1,2,412,7,1.5,1280,Potential Loyalists,Convert to loyal. Recently active but spending below their cohort. Targeted category offers and a second-order incentive are justified here.,Relative label: recent but below-panel-average value. Not 'new' - see New Customers.
SALLY_MATTHIAS,Consumer,EU,Australia,2011-06-13,2014-09-18,30,54,170,13063.9675,11535.606700000002,1528.3608,1978.9025,1482.703,0,22,13063.9675,1528.3608,435.46558333333337,50.94536,11.699055436260078,104,1193,1,0.0,41.13793103448276,2011-06,1,2,2,122,5,2.0,1297,Lost Customers,Reactivate cheaply or release. Longest dormancy in the panel. Use low-cost channels only; do not fund deep discounts to chase them.,"Relative label, and the most easily misread. Dormancy runs 36-428 days with a median near 49 - only 1 customer in the whole panel exceeds 180 days. These customers are not lost in any real sense; they are simply the least recent quintile."
SAMPLE_COMPANY_A,Home Office,APAC,United States,2011-01-09,2014-11-21,37,90,309,19125.07302,19106.6477,18.425319999999925,5024.92698,1922.589,1,30,19125.07302,18.425319999999925,516.8938654054054,0.4979816216216196,0.0963411746492768,40,1412,1,3.333333333333333,39.22222222222222,2011-01,1,5,4,154,10,4.5,1452,Lost Customers,Reactivate cheaply or release. Longest dormancy in the panel. Use low-cost channels only; do not fund deep discounts to chase them.,"Relative label, and the most easily misread. Dormancy runs 36-428 days with a median near 49 - only 1 customer in the whole panel exceeds 180 days. These customers are not lost in any real sense; they are simply the least recent quintile."
SAM_CRAVEN,Consumer,APAC,India,2011-02-21,2014-12-23,38,69,245,11055.804,9939.7944,1116.0096,2420.096,1111.991,0,34,11055.804,1116.0096,290.9422105263158,29.368673684210524,10.094332352491053,8,1401,1,0.0,37.86486486486486,2011-02,4,5,1,451,10,3.0,1409,Loyal Customers,Grow basket size. Consistent buyers with room to move up. Cross-sell adjacent sub-categories and bundle the low-margin items they already buy.,Relative label: upper-middle recency and value within this panel.
SAM_ZELDIN,Home Office,LATAM,United States,2011-02-22,2014-12-18,41,77,262,16356.526,13440.6787,2915.8473,2398.604,1943.236,2,37,16356.526,2915.8473,398.9396585365853,71.1182268292683,17.826812979724423,13,1395,1,5.405405405405405,34.875,2011-02,3,5,3,353,11,4.0,1408,Loyal Customers,Grow basket size. Consistent buyers with room to move up. Cross-sell adjacent sub-categories and bundle the low-margin items they already buy.,Relative label: upper-middle recency and value within this panel.
SANDRA_FLANAGAN,Consumer,US,United States,2011-03-03,2014-11-03,29,51,180,11257.175,9391.5237,1865.6513,767.9449999999999,1044.692,0,21,11257.175,1865.6513,388.1784482758621,64.33280344827587,16.57299722177189,58,1341,1,0.0,47.892857142857146,2011-03,1,2,1,121,4,1.5,1399,Lost Customers,Reactivate cheaply or release. Longest dormancy in the panel. Use low-cost channels only; do not fund deep discounts to chase them.,"Relative label, and the most easily misread. Dormancy runs 36-428 days with a median near 49 - only 1 customer in the whole panel exceeds 180 days. These customers are not lost in any real sense; they are simply the least recent quintile."
SANDRA_GLASSCO,Consumer,APAC,United States,2011-05-14,2014-12-28,23,50,148,11853.2314,8969.523000000001,2883.7084,910.9785999999996,1373.669,1,17,11853.2314,2883.7084,515.3578869565217,125.37862608695652,24.328457807716468,3,1324,1,5.88235294117647,60.18181818181818,2011-05,5,1,2,512,8,1.5,1327,Potential Loyalists,Convert to loyal. Recently active but spending below their cohort. Targeted category offers and a second-order incentive are justified here.,Relative label: recent but below-panel-average value. Not 'new' - see New Customers.
SANJIT_CHAND,Consumer,EU,United States,2011-02-13,2014-10-17,35,69,244,26521.132,18315.7521,8205.3799,2946.008,2217.841,2,28,26521.132,8205.3799,757.7466285714286,234.4394257142857,30.939025905832374,75,1342,1,7.142857142857142,39.47058823529412,2011-02,1,4,5,145,10,4.5,1417,Lost Customers,Reactivate cheaply or release. Longest dormancy in the panel. Use low-cost channels only; do not fund deep discounts to chase them.,"Relative label, and the most easily misread. Dormancy runs 36-428 days with a median near 49 - only 1 customer in the whole panel exceeds 180 days. These customers are not lost in any real sense; they are simply the least recent quintile."
SANJIT_ENGLE,Consumer,EU,United States,2011-04-11,2014-12-22,39,82,299,30146.33502,24130.5511,6015.783919999999,2424.26498,1946.476,1,36,30146.33502,6015.783919999999,772.9829492307692,154.2508697435897,19.9552745499874,9,1351,1,2.7777777777777777,35.55263157894737,2011-04,4,5,5,455,14,5.0,1360,Champions,Protect. Highest value and most recently active. Give early access to new ranges and priority fulfilment; do NOT spend discount here - they already buy at the best margins.,Relative label: top recency and value quintiles within this 795-customer panel.
SANJIT_JACOBS,Home Office,US,United States,2011-01-10,2014-11-29,39,79,268,13523.281,11695.2771,1828.0039,2197.349,1184.939,2,30,13523.281,1828.0039,346.7507948717949,46.87189487179488,13.517458522084988,32,1419,1,6.666666666666667,37.3421052631579,2011-01,2,5,2,252,9,3.5,1451,At Risk,"Reactivate now. Previously valuable, engagement slipping. Time-boxed win-back offer plus a service check - review whether returns or late shipments preceded the drop-off.","Relative label. Median dormancy is only ~28 days; this is the second-lowest recency quintile of a highly active panel, NOT evidence of churn."
SAPHHIRA_SHIFLEY,Corporate,APAC,United States,2011-03-09,2014-12-16,39,84,326,23630.23104,24242.5593,-612.3282600000006,7439.78896,1900.258,3,32,23630.23104,-612.3282600000006,605.90336,-15.70072461538463,-2.5912918877664963,15,1378,1,9.375,36.26315789473684,2011-03,3,5,5,355,13,5.0,1393,Loyal Customers,Grow basket size. Consistent buyers with room to move up. Cross-sell adjacent sub-categories and bundle the low-margin items they already buy.,Relative label: upper-middle recency and value within this panel.
SARAH_BERN,Consumer,APAC,Australia,2011-06-06,2014-12-29,20,50,158,14598.174,12231.2142,2366.9598,1683.066,1737.515,2,15,14598.174,2366.9598,729.9087000000001,118.34799,16.21408129537297,2,1302,1,13.333333333333334,68.52631578947368,2011-06,5,1,3,513,9,2.0,1304,Potential Loyalists,Convert to loyal. Recently active but spending below their cohort. Targeted category offers and a second-order incentive are justified here.,Relative label: recent but below-panel-average value. Not 'new' - see New Customers.
SARAH_BROWN,Consumer,EU,United States,2011-02-28,2014-10-18,38,71,262,22302.89772,20634.2436,1668.6541199999992,4458.922280000001,2420.684,1,31,22302.89772,1668.6541199999992,586.9183610526316,43.91195052631577,7.481781699171955,74,1328,1,3.225806451612903,35.891891891891895,2011-02,1,5,5,155,11,5.0,1402,Lost Customers,Reactivate cheaply or release. Longest dormancy in the panel. Use low-cost channels only; do not fund deep discounts to chase them.,"Relative label, and the most easily misread. Dormancy runs 36-428 days with a median near 49 - only 1 customer in the whole panel exceeds 180 days. These customers are not lost in any real sense; they are simply the least recent quintile."
SARAH_FOSTER,Consumer,US,United States,2011-01-31,2014-12-26,36,73,256,15652.945400000002,14823.1814,829.7640000000005,3881.7646,1837.143,2,28,15652.945400000002,829.7640000000005,434.80403888888895,23.049000000000014,5.301008716225384,5,1425,1,7.142857142857142,40.71428571428572,2011-01,4,4,3,443,11,3.5,1430,Loyal Customers,Grow basket size. Consistent buyers with room to move up. Cross-sell adjacent sub-categories and bundle the low-margin items they already buy.,Relative label: upper-middle recency and value within this panel.
SARAH_JORDON,Consumer,APAC,United States,2011-02-21,2014-12-03,41,79,290,16068.95068,13557.0897,2511.8609800000004,2463.85932,1762.81,3,32,16068.95068,2511.8609800000004,391.9256263414634,61.26490195121952,15.63176731338378,28,1381,1,9.375,34.525,2011-02,2,5,3,253,10,4.0,1409,At Risk,"Reactivate now. Previously valuable, engagement slipping. Time-boxed win-back offer plus a service check - review whether returns or late shipments preceded the drop-off.","Relative label. Median dormancy is only ~28 days; this is the second-lowest recency quintile of a highly active panel, NOT evidence of churn."
SARA_LUXEMBURG,Home Office,LATAM,United States,2011-04-20,2014-12-02,46,82,250,16832.471,14932.5405,1899.9305,3226.369,2062.317,2,32,16832.471,1899.9305,365.9232826086957,41.30283695652174,11.287294063955317,29,1322,1,6.25,29.377777777777776,2011-04,2,5,4,254,11,4.5,1351,At Risk,"Reactivate now. Previously valuable, engagement slipping. Time-boxed win-back offer plus a service check - review whether returns or late shipments preceded the drop-off.","Relative label. Median dormancy is only ~28 days; this is the second-lowest recency quintile of a highly active panel, NOT evidence of churn."
SCOTT_COHEN,Corporate,APAC,United States,2011-03-28,2014-12-31,33,74,242,12532.7104,11310.0396,1222.6708,2615.3596,1407.895,0,26,12532.7104,1222.6708,379.779103030303,37.050630303030296,9.755837013516246,0,1374,1,0.0,42.9375,2011-03,5,3,2,532,10,2.5,1374,Potential Loyalists,Convert to loyal. Recently active but spending below their cohort. Targeted category offers and a second-order incentive are justified here.,Relative label: recent but below-panel-average value. Not 'new' - see New Customers.
SCOTT_WILLIAMSON,Consumer,APAC,United States,2011-02-07,2014-12-10,38,68,255,17045.5447,16001.3575,1044.1872,4194.2353,2287.107,1,33,17045.5447,1044.1872,448.56696578947367,27.47861052631579,6.125865839887182,21,1402,1,3.0303030303030303,37.891891891891895,2011-02,3,5,4,354,12,4.5,1423,Loyal Customers,Grow basket size. Consistent buyers with room to move up. Cross-sell adjacent sub-categories and bundle the low-margin items they already buy.,Relative label: upper-middle recency and value within this panel.
SCOT_CORAM,Corporate,APAC,United States,2011-03-03,2014-12-15,28,64,259,22127.775,19056.407000000003,3071.3679999999995,4546.085,1862.146,2,25,22127.775,3071.3679999999995,790.2776785714286,109.69171428571428,13.880148365572223,16,1383,1,8.0,51.22222222222222,2011-03,3,2,5,325,10,3.5,1399,Loyal Customers,Grow basket size. Consistent buyers with room to move up. Cross-sell adjacent sub-categories and bundle the low-margin items they already buy.,Relative label: upper-middle recency and value within this panel.
SCOT_WOOTEN,Consumer,EU,United States,2011-04-14,2014-12-19,30,56,209,15478.59382,13530.2342,1948.35962,2039.0161800000003,2037.878,0,26,15478.59382,1948.35962,515.9531273333333,64.94532066666666,12.587445879499148,12,1345,1,0.0,46.37931034482759,2011-04,3,2,3,323,8,2.5,1357,Potential Loyalists,Convert to loyal. Recently active but spending below their cohort. Targeted category offers and a second-order incentive are justified here.,Relative label: recent but below-panel-average value. Not 'new' - see New Customers.
SEAN_BRAXTON,Corporate,LATAM,United States,2011-05-09,2014-11-20,27,53,208,20513.9368,22410.9161,-1896.9793000000004,8782.3932,2108.245,1,22,20513.9368,-1896.9793000000004,759.775437037037,-70.2584925925926,-9.247270860267058,41,1291,1,4.545454545454546,49.65384615384615,2011-05,1,1,5,115,7,3.0,1332,Lost Customers,Reactivate cheaply or release. Longest dormancy in the panel. Use low-cost channels only; do not fund deep discounts to chase them.,"Relative label, and the most easily misread. Dormancy runs 36-428 days with a median near 49 - only 1 customer in the whole panel exceeds 180 days. These customers are not lost in any real sense; they are simply the least recent quintile."
SEAN_CHRISTENSEN,Consumer,EU,United States,2011-10-18,2014-12-15,33,76,257,20903.902,20441.6233,462.2787000000002,4597.777999999999,1829.539,0,26,20903.902,462.2787000000002,633.4515757575757,14.008445454545464,2.2114469346440693,16,1154,1,0.0,36.0625,2011-10,3,3,5,335,11,4.0,1170,Loyal Customers,Grow basket size. Consistent buyers with room to move up. Cross-sell adjacent sub-categories and bundle the low-margin items they already buy.,Relative label: upper-middle recency and value within this panel.
SEAN_MILLER,Home Office,EU,United States,2011-03-18,2014-12-10,28,50,169,35170.93296,35580.6393,-409.7063400000019,24878.72704,1611.3735,1,21,35170.93296,-409.7063400000019,1256.1047485714284,-14.632369285714352,-1.1649004035973742,21,1363,1,4.761904761904762,50.48148148148148,2011-03,3,2,5,325,10,3.5,1384,Loyal Customers,Grow basket size. Consistent buyers with room to move up. Cross-sell adjacent sub-categories and bundle the low-margin items they already buy.,Relative label: upper-middle recency and value within this panel.
SEAN_O_DONNELL,Consumer,LATAM,United States,2011-04-22,2014-12-02,31,60,204,16366.44492,13959.4013,2407.04362,2215.4250799999995,1870.314,5,27,16366.44492,2407.04362,527.9498361290323,77.64656838709678,14.707186757819118,29,1320,1,18.51851851851852,44.0,2011-04,2,3,3,233,8,3.0,1349,At Risk,"Reactivate now. Previously valuable, engagement slipping. Time-boxed win-back offer plus a service check - review whether returns or late shipments preceded the drop-off.","Relative label. Median dormancy is only ~28 days; this is the second-lowest recency quintile of a highly active panel, NOT evidence of churn."
SEAN_WENDT,Home Office,EU,United Kingdom,2011-03-29,2014-12-19,30,46,149,8167.70344,7136.1557,1031.5477399999995,2023.94656,741.413,0,21,8167.70344,1031.5477399999995,272.2567813333333,34.384924666666656,12.629593466238775,12,1361,1,0.0,46.93103448275862,2011-03,3,2,1,321,6,1.5,1373,Potential Loyalists,Convert to loyal. Recently active but spending below their cohort. Targeted category offers and a second-order incentive are justified here.,Relative label: recent but below-panel-average value. Not 'new' - see New Customers.
SETH_VERNON,Consumer,APAC,United States,2011-01-12,2014-10-05,36,85,317,23632.91948,21410.1658,2222.7536800000003,4206.54052,1999.256,1,31,23632.91948,2222.7536800000003,656.4699855555556,61.74315777777778,9.405328367834816,87,1362,1,3.225806451612903,38.91428571428571,2011-01,1,4,5,145,10,4.5,1449,Lost Customers,Reactivate cheaply or release. Longest dormancy in the panel. Use low-cost channels only; do not fund deep discounts to chase them.,"Relative label, and the most easily misread. Dormancy runs 36-428 days with a median near 49 - only 1 customer in the whole panel exceeds 180 days. These customers are not lost in any real sense; they are simply the least recent quintile."
SHAHID_COLLISTER,Consumer,APAC,United States,2011-03-01,2014-12-01,41,85,330,17678.88424,15986.5045,1692.37974,3613.51576,1791.526,3,37,17678.88424,1692.37974,431.1922985365853,41.27755463414634,9.572887728801598,30,1371,1,8.108108108108109,34.275,2011-03,2,5,4,254,11,4.5,1401,At Risk,"Reactivate now. Previously valuable, engagement slipping. Time-boxed win-back offer plus a service check - review whether returns or late shipments preceded the drop-off.","Relative label. Median dormancy is only ~28 days; this is the second-lowest recency quintile of a highly active panel, NOT evidence of churn."
SHAHID_HOPKINS,Consumer,APAC,United States,2011-01-06,2014-12-08,37,68,223,12978.20384,11918.9709,1059.2329399999996,3091.09616,1182.463,3,33,12978.20384,1059.2329399999996,350.762265945946,28.627917297297287,8.161629706688284,23,1432,1,9.090909090909092,39.77777777777778,2011-01,2,5,2,252,9,3.5,1455,At Risk,"Reactivate now. Previously valuable, engagement slipping. Time-boxed win-back offer plus a service check - review whether returns or late shipments preceded the drop-off.","Relative label. Median dormancy is only ~28 days; this is the second-lowest recency quintile of a highly active panel, NOT evidence of churn."
SHAHID_SHARIARI,Consumer,LATAM,United States,2011-05-30,2014-12-05,37,67,224,18107.94198,17976.430800000002,131.5111799999995,5238.6880200000005,2018.81,2,27,18107.94198,131.5111799999995,489.4038372972973,3.554356216216203,0.7262624330542476,26,1285,1,7.4074074074074066,35.69444444444444,2011-05,2,5,4,254,11,4.5,1311,At Risk,"Reactivate now. Previously valuable, engagement slipping. Time-boxed win-back offer plus a service check - review whether returns or late shipments preceded the drop-off.","Relative label. Median dormancy is only ~28 days; this is the second-lowest recency quintile of a highly active panel, NOT evidence of churn."
SHARELLE_ROACH,Home Office,EU,United States,2011-01-14,2014-12-23,24,52,206,13002.45694,15553.6454,-2551.188460000001,8117.483059999999,1102.179,0,19,13002.45694,-2551.188460000001,541.7690391666666,-106.29951916666673,-19.62081837127008,8,1439,1,0.0,62.56521739130435,2011-01,4,1,2,412,7,1.5,1447,Potential Loyalists,Convert to loyal. Recently active but spending below their cohort. Targeted category offers and a second-order incentive are justified here.,Relative label: recent but below-panel-average value. Not 'new' - see New Customers.
SHAUN_CHANCE,Corporate,LATAM,United States,2011-01-12,2014-12-22,29,56,185,9606.51626,9249.4969,357.01936000000006,2621.83374,994.165,1,25,9606.51626,357.01936000000006,331.25918137931035,12.311012413793106,3.716429039802615,9,1440,1,4.0,51.42857142857143,2011-01,4,2,1,421,7,1.5,1449,Potential Loyalists,Convert to loyal. Recently active but spending below their cohort. Targeted category offers and a second-order incentive are justified here.,Relative label: recent but below-panel-average value. Not 'new' - see New Customers.
SHAUN_WEIEN,Consumer,EU,United States,2011-01-05,2014-12-24,31,42,113,8243.2682,7079.6992,1163.569,1447.5017999999998,797.661,0,22,8243.2682,1163.569,265.9118774193549,37.53448387096774,14.115384478209748,7,1449,1,0.0,48.3,2011-01,4,3,1,431,8,2.0,1456,Potential Loyalists,Convert to loyal. Recently active but spending below their cohort. Targeted category offers and a second-order incentive are justified here.,Relative label: recent but below-panel-average value. Not 'new' - see New Customers.
SHERI_GORDON,Consumer,LATAM,United States,2011-03-12,2014-10-02,31,59,210,13816.9473,11477.9585,2338.9888,1771.8827,2220.093,2,28,13816.9473,2338.9888,445.7079774193549,75.45125161290323,16.928405017510634,90,1300,1,7.142857142857142,43.333333333333336,2011-03,1,3,2,132,6,2.5,1390,Lost Customers,Reactivate cheaply or release. Longest dormancy in the panel. Use low-cost channels only; do not fund deep discounts to chase them.,"Relative label, and the most easily misread. Dormancy runs 36-428 days with a median near 49 - only 1 customer in the whole panel exceeds 180 days. These customers are not lost in any real sense; they are simply the least recent quintile."
SHIRLEY_DANIELS,Home Office,EU,United States,2011-01-17,2014-12-16,40,85,303,17959.4079,14312.1868,3647.2211,2473.1721,1853.429,3,32,17959.4079,3647.2211,448.9851975,91.1805275,20.30813666189964,15,1429,1,9.375,36.64102564102564,2011-01,3,5,4,354,12,4.5,1444,Loyal Customers,Grow basket size. Consistent buyers with room to move up. Cross-sell adjacent sub-categories and bundle the low-margin items they already buy.,Relative label: upper-middle recency and value within this panel.
SHIRLEY_JACKSON,Consumer,APAC,United States,2011-01-24,2014-07-09,29,52,215,13384.859,11803.0497,1581.8093000000003,2512.6309999999994,1426.32,0,26,13384.859,1581.8093000000003,461.5468620689656,54.54514827586208,11.817900360399763,175,1262,1,0.0,45.07142857142857,2011-01,1,2,2,122,5,2.0,1437,Lost Customers,Reactivate cheaply or release. Longest dormancy in the panel. Use low-cost channels only; do not fund deep discounts to chase them.,"Relative label, and the most easily misread. Dormancy runs 36-428 days with a median near 49 - only 1 customer in the whole panel exceeds 180 days. These customers are not lost in any real sense; they are simply the least recent quintile."
SHIRLEY_SCHMIDT,Home Office,EU,United States,2011-07-14,2014-12-31,22,36,150,7905.151620000001,7488.8055,416.3461199999999,2404.43838,668.641,0,19,7905.151620000001,416.3461199999999,359.32507363636364,18.92482363636363,5.266769570195794,0,1266,1,0.0,60.285714285714285,2011-07,5,1,1,511,7,1.0,1266,Potential Loyalists,Convert to loyal. Recently active but spending below their cohort. Targeted category offers and a second-order incentive are justified here.,Relative label: recent but below-panel-average value. Not 'new' - see New Customers.
SHUI_TOM,Consumer,EU,United States,2011-02-09,2014-12-25,38,65,207,15007.27106,12773.1681,2234.10296,1806.0489400000004,2010.161,3,32,15007.27106,2234.10296,394.9281857894737,58.792183157894726,14.886803543881614,6,1415,1,9.375,38.24324324324324,2011-02,4,5,3,453,12,4.0,1421,Champions,Protect. Highest value and most recently active. Give early access to new ranges and priority fulfilment; do NOT spend discount here - they already buy at the best margins.,Relative label: top recency and value quintiles within this 795-customer panel.
SIBELLA_PARKS,Corporate,APAC,United States,2011-08-17,2014-12-15,24,36,144,7219.5187,6470.2917,749.227,1246.1513,713.217,1,20,7219.5187,749.227,300.8132791666667,31.217791666666667,10.37779706838352,16,1216,1,5.0,52.869565217391305,2011-08,3,1,1,311,5,1.0,1232,Potential Loyalists,Convert to loyal. Recently active but spending below their cohort. Targeted category offers and a second-order incentive are justified here.,Relative label: recent but below-panel-average value. Not 'new' - see New Customers.
SKYE_NORLING,Home Office,LATAM,United States,2011-02-18,2014-12-18,31,67,232,14218.814,16856.7945,-2637.9805,8227.876,1415.531,1,25,14218.814,-2637.9805,458.6714193548388,-85.09614516129032,-18.552746382363537,13,1399,1,4.0,46.63333333333333,2011-02,3,3,3,333,9,3.0,1412,Loyal Customers,Grow basket size. Consistent buyers with room to move up. Cross-sell adjacent sub-categories and bundle the low-margin items they already buy.,Relative label: upper-middle recency and value within this panel.
SONIA_COOLEY,Consumer,LATAM,Mexico,2011-05-21,2014-12-04,35,57,214,10013.4443,9075.4427,938.0016,1076.5957,1050.522,1,33,10013.4443,938.0016,286.0984085714286,26.80004571428572,9.367422156629962,27,1293,1,3.0303030303030303,38.02941176470589,2011-05,2,4,1,241,7,2.5,1320,At Risk,"Reactivate now. Previously valuable, engagement slipping. Time-boxed win-back offer plus a service check - review whether returns or late shipments preceded the drop-off.","Relative label. Median dormancy is only ~28 days; this is the second-lowest recency quintile of a highly active panel, NOT evidence of churn."
SONIA_SUNLEY,Consumer,APAC,United States,2011-08-05,2014-12-26,29,61,213,13121.8064,10751.6799,2370.1265,1659.1836,1096.904,1,26,13121.8064,2370.1265,452.4760827586207,81.7285,18.062501668977525,5,1239,1,3.8461538461538463,44.25,2011-08,4,2,2,422,8,2.0,1244,Potential Loyalists,Convert to loyal. Recently active but spending below their cohort. Targeted category offers and a second-order incentive are justified here.,Relative label: recent but below-panel-average value. Not 'new' - see New Customers.
SPEROS_GORANITIS,Consumer,APAC,United States,2011-01-24,2014-10-17,38,66,224,12944.60556,11403.503,1541.10256,1753.65444,1481.335,2,32,12944.60556,1541.10256,340.6475147368421,40.55533052631579,11.905365156603503,75,1362,1,6.25,36.810810810810814,2011-01,1,5,2,152,8,3.5,1437,Lost Customers,Reactivate cheaply or release. Longest dormancy in the panel. Use low-cost channels only; do not fund deep discounts to chase them.,"Relative label, and the most easily misread. Dormancy runs 36-428 days with a median near 49 - only 1 customer in the whole panel exceeds 180 days. These customers are not lost in any real sense; they are simply the least recent quintile."
STEFANIA_PERRINO,Corporate,US,United States,2011-06-20,2014-12-26,36,78,285,19413.2387,19396.1972,17.041500000000962,5737.0613,1820.432,3,31,19413.2387,17.041500000000962,539.2566305555556,0.4733750000000267,0.0877828798344758,5,1285,1,9.67741935483871,36.71428571428572,2011-06,4,4,4,444,12,4.0,1290,Champions,Protect. Highest value and most recently active. Give early access to new ranges and priority fulfilment; do NOT spend discount here - they already buy at the best margins.,Relative label: top recency and value quintiles within this 795-customer panel.
STEFANIE_HOLLOMAN,Corporate,LATAM,China,2011-04-20,2014-12-01,29,55,202,14205.7258,12227.5462,1978.1796,2947.8842000000004,1280.284,0,25,14205.7258,1978.1796,489.8526137931034,68.21308965517242,13.925227248860455,30,1321,1,0.0,47.17857142857143,2011-04,2,2,3,223,7,2.5,1351,At Risk,"Reactivate now. Previously valuable, engagement slipping. Time-boxed win-back offer plus a service check - review whether returns or late shipments preceded the drop-off.","Relative label. Median dormancy is only ~28 days; this is the second-lowest recency quintile of a highly active panel, NOT evidence of churn."
STEPHANIE_PHELPS,Corporate,US,United States,2011-02-01,2014-12-11,30,46,170,11148.76344,9465.9578,1682.80564,2146.52656,1156.87,3,24,11148.76344,1682.80564,371.625448,56.093521333333335,15.094101234244144,20,1409,1,12.5,48.58620689655172,2011-02,3,2,1,321,6,1.5,1429,Potential Loyalists,Convert to loyal. Recently active but spending below their cohort. Targeted category offers and a second-order incentive are justified here.,Relative label: recent but below-panel-average value. Not 'new' - see New Customers.
STEPHANIE_ULPRIGHT,Home Office,US,United States,2011-06-07,2014-12-27,29,72,235,10773.594,10263.3421,510.2519000000002,3375.366,1210.453,0,23,10773.594,510.2519000000002,371.5032413793104,17.594893103448282,4.736134478429391,4,1299,1,0.0,46.392857142857146,2011-06,5,2,1,521,8,1.5,1303,Potential Loyalists,Convert to loyal. Recently active but spending below their cohort. Targeted category offers and a second-order incentive are justified here.,Relative label: recent but below-panel-average value. Not 'new' - see New Customers.
STEVEN_CARTWRIGHT,Consumer,US,United States,2011-06-03,2014-12-24,37,73,324,16919.91808,14853.8787,2066.03938,3039.14192,1826.627,2,30,16919.91808,2066.03938,457.29508324324325,55.83890216216216,12.210693752956988,7,1300,1,6.666666666666667,36.11111111111112,2011-06,4,5,4,454,13,4.5,1307,Champions,Protect. Highest value and most recently active. Give early access to new ranges and priority fulfilment; do NOT spend discount here - they already buy at the best margins.,Relative label: top recency and value quintiles within this 795-customer panel.
STEVEN_ROELLE,Home Office,APAC,United States,2011-02-21,2014-12-10,37,65,218,19374.3,14986.941600000002,4387.3584,1505.34,1882.522,1,33,19374.3,4387.3584,523.6297297297297,118.57725405405404,22.64524860253016,21,1388,1,3.0303030303030303,38.55555555555556,2011-02,3,5,4,354,12,4.5,1409,Loyal Customers,Grow basket size. Consistent buyers with room to move up. Cross-sell adjacent sub-categories and bundle the low-margin items they already buy.,Relative label: upper-middle recency and value within this panel.
STEVEN_WARD,Corporate,LATAM,Mexico,2011-06-02,2014-12-16,38,106,383,25668.486,22873.7544,2794.7316,3302.6939999999995,2363.26,5,31,25668.486,2794.7316,675.4864736842105,73.54556842105262,10.887792914626909,15,1293,1,16.129032258064516,34.945945945945944,2011-06,3,5,5,355,13,5.0,1308,Loyal Customers,Grow basket size. Consistent buyers with room to move up. Cross-sell adjacent sub-categories and bundle the low-margin items they already buy.,Relative label: upper-middle recency and value within this panel.
STEVE_CARROLL,Home Office,APAC,United States,2011-01-11,2014-12-10,35,71,258,19821.84528,18113.0522,1708.79308,4635.274719999999,1883.021,2,31,19821.84528,1708.79308,566.3384365714286,48.82265942857144,8.620756825925543,21,1429,1,6.451612903225806,42.02941176470589,2011-01,3,4,4,344,11,4.0,1450,Loyal Customers,Grow basket size. Consistent buyers with room to move up. Cross-sell adjacent sub-categories and bundle the low-margin items they already buy.,Relative label: upper-middle recency and value within this panel.
STEVE_CHAPMAN,Corporate,APAC,United States,2011-05-05,2014-12-22,39,74,293,23399.9425,21234.2589,2165.6836,6397.6675000000005,3019.129,1,35,23399.9425,2165.6836,599.9985256410257,55.53034871794871,9.255080861843997,9,1327,1,2.857142857142857,34.921052631578945,2011-05,4,5,5,455,14,5.0,1336,Champions,Protect. Highest value and most recently active. Give early access to new ranges and priority fulfilment; do NOT spend discount here - they already buy at the best margins.,Relative label: top recency and value quintiles within this 795-customer panel.
STEVE_NGUYEN,Home Office,LATAM,United States,2011-01-14,2014-11-17,28,61,233,13406.18056,11021.3293,2384.85126,1593.6294400000002,1362.195,1,24,13406.18056,2384.85126,478.7921628571429,85.17325928571428,17.789192449903865,44,1403,1,4.166666666666666,51.96296296296296,2011-01,1,2,2,122,5,2.0,1447,Lost Customers,Reactivate cheaply or release. Longest dormancy in the panel. Use low-cost channels only; do not fund deep discounts to chase them.,"Relative label, and the most easily misread. Dormancy runs 36-428 days with a median near 49 - only 1 customer in the whole panel exceeds 180 days. These customers are not lost in any real sense; they are simply the least recent quintile."
STEWART_CARMICHAEL,Corporate,APAC,United States,2011-03-11,2014-11-21,39,83,308,16528.322079999998,16210.2344,318.0876800000003,6652.787919999999,1837.096,2,32,16528.322079999998,318.0876800000003,423.8031302564102,8.156094358974368,1.9245007355277797,40,1351,1,6.25,35.55263157894737,2011-03,1,5,4,154,10,4.5,1391,Lost Customers,Reactivate cheaply or release. Longest dormancy in the panel. Use low-cost channels only; do not fund deep discounts to chase them.,"Relative label, and the most easily misread. Dormancy runs 36-428 days with a median near 49 - only 1 customer in the whole panel exceeds 180 days. These customers are not lost in any real sense; they are simply the least recent quintile."
STEWART_VISINSKY,Consumer,US,United States,2011-01-03,2014-12-10,34,75,274,17232.3651,15049.5778,2182.7872999999995,2509.2249,2134.628,0,27,17232.3651,2182.7872999999995,506.8342676470588,64.19962647058821,12.6667888437438,21,1437,1,0.0,43.54545454545455,2011-01,3,4,4,344,11,4.0,1458,Loyal Customers,Grow basket size. Consistent buyers with room to move up. Cross-sell adjacent sub-categories and bundle the low-margin items they already buy.,Relative label: upper-middle recency and value within this panel.
STUART_CALHOUN,Consumer,EU,Germany,2011-01-13,2014-12-01,26,45,168,11410.5646,10134.2108,1276.3538,2390.6554,1061.627,2,24,11410.5646,1276.3538,438.8678692307692,49.09053076923077,11.185719942376908,30,1418,1,8.333333333333332,56.72,2011-01,2,1,1,211,4,1.0,1448,At Risk,"Reactivate now. Previously valuable, engagement slipping. Time-boxed win-back offer plus a service check - review whether returns or late shipments preceded the drop-off.","Relative label. Median dormancy is only ~28 days; this is the second-lowest recency quintile of a highly active panel, NOT evidence of churn."
STUART_VAN,Corporate,LATAM,Mexico,2011-06-22,2014-12-23,33,62,227,22304.41318,21325.7398,978.6733800000004,5921.20682,2700.655,0,24,22304.41318,978.6733800000004,675.8913084848484,29.656769090909105,4.387801517582901,8,1280,1,0.0,40.0,2011-06,4,3,5,435,12,4.0,1288,Champions,Protect. Highest value and most recently active. Give early access to new ranges and priority fulfilment; do NOT spend discount here - they already buy at the best margins.,Relative label: top recency and value quintiles within this 795-customer panel.
SUE_ANN_REED,Consumer,US,United States,2011-01-25,2014-12-21,40,64,227,16495.05466,15140.3519,1354.70276,3916.315339999999,2055.082,2,30,16495.05466,1354.70276,412.3763665,33.867569,8.212781272468968,10,1426,1,6.666666666666667,36.56410256410256,2011-01,4,5,4,454,13,4.5,1436,Champions,Protect. Highest value and most recently active. Give early access to new ranges and priority fulfilment; do NOT spend discount here - they already buy at the best margins.,Relative label: top recency and value quintiles within this 795-customer panel.
SUNG_CHUNG,Consumer,LATAM,Mexico,2011-06-07,2014-12-23,28,46,184,11266.74502,9570.0463,1696.69872,2041.68498,1606.153,1,24,11266.74502,1696.69872,402.3837507142857,60.59638285714285,15.059351365351128,8,1295,1,4.166666666666666,47.96296296296296,2011-06,4,2,1,421,7,1.5,1303,Potential Loyalists,Convert to loyal. Recently active but spending below their cohort. Targeted category offers and a second-order incentive are justified here.,Relative label: recent but below-panel-average value. Not 'new' - see New Customers.
SUNG_PAK,Corporate,US,United States,2011-02-11,2014-11-07,28,52,168,13498.08846,11747.4074,1750.68106,2582.4715399999995,1099.175,2,26,13498.08846,1750.68106,482.0745878571428,62.52432357142857,12.9698443241644,54,1365,1,7.6923076923076925,50.55555555555556,2011-02,1,2,2,122,5,2.0,1419,Lost Customers,Reactivate cheaply or release. Longest dormancy in the panel. Use low-cost channels only; do not fund deep discounts to chase them.,"Relative label, and the most easily misread. Dormancy runs 36-428 days with a median near 49 - only 1 customer in the whole panel exceeds 180 days. These customers are not lost in any real sense; they are simply the least recent quintile."
SUNG_SHARIARI,Consumer,APAC,United States,2011-01-22,2014-12-17,25,43,150,5328.4648,5888.442,-559.9772000000002,2731.6152,504.557,0,21,5328.4648,-559.9772000000002,213.138592,-22.39908800000001,-10.509165791993224,14,1425,1,0.0,59.375,2011-01,3,1,1,311,5,1.0,1439,Potential Loyalists,Convert to loyal. Recently active but spending below their cohort. Targeted category offers and a second-order incentive are justified here.,Relative label: recent but below-panel-average value. Not 'new' - see New Customers.
SUSAN_GILCREST,Corporate,APAC,United Kingdom,2011-03-30,2014-12-15,28,58,192,12685.08186,12143.7733,541.3085600000002,3043.47814,1422.386,1,22,12685.08186,541.3085600000002,453.0386378571429,19.33244857142858,4.267284720541804,16,1356,1,4.545454545454546,50.22222222222222,2011-03,3,2,2,322,7,2.0,1372,Potential Loyalists,Convert to loyal. Recently active but spending below their cohort. Targeted category offers and a second-order incentive are justified here.,Relative label: recent but below-panel-average value. Not 'new' - see New Customers.
SUSAN_MACKENDRICK,Consumer,APAC,France,2011-02-07,2014-11-24,22,41,133,8630.4744,7102.1995,1528.2749,1169.6056,956.952,1,17,8630.4744,1528.2749,392.2942909090909,69.46704090909091,17.70788984670414,37,1386,1,5.88235294117647,66.0,2011-02,1,1,1,111,3,1.0,1423,Lost Customers,Reactivate cheaply or release. Longest dormancy in the panel. Use low-cost channels only; do not fund deep discounts to chase them.,"Relative label, and the most easily misread. Dormancy runs 36-428 days with a median near 49 - only 1 customer in the whole panel exceeds 180 days. These customers are not lost in any real sense; they are simply the least recent quintile."
SUSAN_PISTEK,Consumer,EU,United States,2011-09-08,2014-12-25,32,68,235,29020.603860000003,22536.1966,6484.40726,3943.1461400000007,2481.347,5,28,29020.603860000003,6484.40726,906.893870625,202.637726875,22.344150009013628,6,1204,1,17.857142857142858,38.83870967741935,2011-09,4,3,5,435,12,4.0,1210,Champions,Protect. Highest value and most recently active. Give early access to new ranges and priority fulfilment; do NOT spend discount here - they already buy at the best margins.,Relative label: top recency and value quintiles within this 795-customer panel.
SUSAN_VITTORINI,Consumer,APAC,United States,2011-03-16,2014-12-31,31,67,229,15685.4387,15016.9598,668.4789000000001,3121.1213,1538.745,1,29,15685.4387,668.4789000000001,505.9818935483871,21.56383548387097,4.261780067394609,0,1386,1,3.4482758620689653,46.2,2011-03,5,3,3,533,11,3.0,1386,Loyal Customers,Grow basket size. Consistent buyers with room to move up. Cross-sell adjacent sub-categories and bundle the low-margin items they already buy.,Relative label: upper-middle recency and value within this panel.
SUZANNE_MCNAIR,Corporate,US,United States,2011-01-20,2014-12-06,38,64,212,12889.08614,11718.2278,1170.85834,1703.86386,1547.719,4,29,12889.08614,1170.85834,339.18647736842104,30.812061578947368,9.084106718523335,25,1416,1,13.79310344827586,38.270270270270274,2011-01,2,5,2,252,9,3.5,1441,At Risk,"Reactivate now. Previously valuable, engagement slipping. Time-boxed win-back offer plus a service check - review whether returns or late shipments preceded the drop-off.","Relative label. Median dormancy is only ~28 days; this is the second-lowest recency quintile of a highly active panel, NOT evidence of churn."
SYLVIA_FOULSTON,Corporate,US,United States,2011-08-17,2014-11-13,23,47,154,9253.9828,7358.799800000001,1895.183,883.4771999999999,1128.946,0,17,9253.9828,1895.183,402.3470782608696,82.39926086956521,20.479646882421264,48,1184,1,0.0,53.81818181818182,2011-08,1,1,1,111,3,1.0,1232,Lost Customers,Reactivate cheaply or release. Longest dormancy in the panel. Use low-cost channels only; do not fund deep discounts to chase them.,"Relative label, and the most easily misread. Dormancy runs 36-428 days with a median near 49 - only 1 customer in the whole panel exceeds 180 days. These customers are not lost in any real sense; they are simply the least recent quintile."
TAMARA_CHAND,Corporate,LATAM,United States,2011-05-06,2014-12-04,36,88,271,37457.333,28784.434099999995,8672.898899999998,5276.236999999999,2527.955,1,28,37457.333,8672.898899999998,1040.4814722222222,240.91385833333328,23.15407479758369,27,1308,1,3.571428571428571,37.371428571428574,2011-05,2,4,5,245,11,4.5,1335,At Risk,"Reactivate now. Previously valuable, engagement slipping. Time-boxed win-back offer plus a service check - review whether returns or late shipments preceded the drop-off.","Relative label. Median dormancy is only ~28 days; this is the second-lowest recency quintile of a highly active panel, NOT evidence of churn."
TAMARA_DAHLEN,Consumer,US,United States,2011-05-19,2014-12-31,28,58,184,7704.5655,8652.6883,-948.1228,3229.6844999999994,855.584,2,25,7704.5655,-948.1228,275.1630535714286,-33.86152857142857,-12.305986625722111,0,1322,1,8.0,48.96296296296296,2011-05,5,2,1,521,8,1.5,1322,Potential Loyalists,Convert to loyal. Recently active but spending below their cohort. Targeted category offers and a second-order incentive are justified here.,Relative label: recent but below-panel-average value. Not 'new' - see New Customers.
TAMARA_MANNING,Consumer,EU,United States,2011-02-22,2014-10-28,30,55,200,14459.6286,12531.4947,1928.1339,1321.8813999999998,1155.956,1,27,14459.6286,1928.1339,481.98762,64.27113,13.33460183064453,64,1344,1,3.7037037037037033,46.3448275862069,2011-02,1,2,3,123,6,2.5,1408,Lost Customers,Reactivate cheaply or release. Longest dormancy in the panel. Use low-cost channels only; do not fund deep discounts to chase them.,"Relative label, and the most easily misread. Dormancy runs 36-428 days with a median near 49 - only 1 customer in the whole panel exceeds 180 days. These customers are not lost in any real sense; they are simply the least recent quintile."
TAMARA_WILLINGHAM,Home Office,EU,United States,2011-01-17,2014-12-12,35,59,194,14255.0056,10979.9255,3275.0801,1554.4643999999996,2322.201,4,27,14255.0056,3275.0801,407.2858742857143,93.57371714285712,22.97494783165851,19,1425,1,14.814814814814811,41.91176470588236,2011-01,3,4,3,343,10,3.5,1444,Loyal Customers,Grow basket size. Consistent buyers with room to move up. Cross-sell adjacent sub-categories and bundle the low-margin items they already buy.,Relative label: upper-middle recency and value within this panel.
TANJA_NORVELL,Home Office,LATAM,United States,2011-01-11,2014-12-09,31,53,179,9597.61404,10303.7962,-706.18216,4185.96596,933.684,1,29,9597.61404,-706.18216,309.6004529032258,-22.780069677419352,-7.357892878968072,22,1428,1,3.4482758620689653,47.6,2011-01,2,3,1,231,6,2.0,1450,At Risk,"Reactivate now. Previously valuable, engagement slipping. Time-boxed win-back offer plus a service check - review whether returns or late shipments preceded the drop-off.","Relative label. Median dormancy is only ~28 days; this is the second-lowest recency quintile of a highly active panel, NOT evidence of churn."
TED_BUTTERFIELD,Consumer,LATAM,United States,2011-01-14,2014-11-26,32,76,326,16026.84872,14467.5797,1559.2690199999995,2729.9112800000003,1528.063,5,29,16026.84872,1559.2690199999995,500.8390225,48.72715687499999,9.729105498164332,35,1412,1,17.24137931034483,45.54838709677419,2011-01,2,3,3,233,8,3.0,1447,At Risk,"Reactivate now. Previously valuable, engagement slipping. Time-boxed win-back offer plus a service check - review whether returns or late shipments preceded the drop-off.","Relative label. Median dormancy is only ~28 days; this is the second-lowest recency quintile of a highly active panel, NOT evidence of churn."
TED_TREVINO,Consumer,APAC,United States,2011-04-26,2014-12-17,33,64,229,17245.3939,14925.0353,2320.3586,1961.2761,1928.828,1,31,17245.3939,2320.3586,522.587693939394,70.31389696969697,13.454946946732251,14,1331,1,3.225806451612903,41.59375,2011-04,3,3,4,334,10,3.5,1345,Loyal Customers,Grow basket size. Consistent buyers with room to move up. Cross-sell adjacent sub-categories and bundle the low-margin items they already buy.,Relative label: upper-middle recency and value within this panel.
THAIS_SISSMAN,Consumer,LATAM,Brazil,2011-03-03,2014-11-20,27,60,188,6785.8894,5676.3286,1109.5608000000002,756.9305999999999,553.405,1,19,6785.8894,1109.5608000000002,251.32923703703705,41.094844444444455,16.3510003567108,41,1358,1,5.263157894736842,52.23076923076923,2011-03,1,1,1,111,3,1.0,1399,Lost Customers,Reactivate cheaply or release. Longest dormancy in the panel. Use low-cost channels only; do not fund deep discounts to chase them.,"Relative label, and the most easily misread. Dormancy runs 36-428 days with a median near 49 - only 1 customer in the whole panel exceeds 180 days. These customers are not lost in any real sense; they are simply the least recent quintile."
THEA_HENDRICKS,Consumer,APAC,United States,2011-03-26,2014-12-25,31,59,193,15541.0626,13588.5665,1952.4961,3489.6274,1359.727,1,27,15541.0626,1952.4961,501.3246,62.98374516129032,12.563465898400024,6,1370,1,3.7037037037037033,45.66666666666666,2011-03,4,3,3,433,10,3.0,1376,Loyal Customers,Grow basket size. Consistent buyers with room to move up. Cross-sell adjacent sub-categories and bundle the low-margin items they already buy.,Relative label: upper-middle recency and value within this panel.
THEA_HUDGINGS,Corporate,LATAM,Mexico,2011-04-05,2014-11-18,31,64,222,15353.79368,13088.1059,2265.68778,1938.22632,1346.783,0,25,15353.79368,2265.68778,495.2836670967742,73.08670258064517,14.756533969525115,43,1323,1,0.0,44.1,2011-04,1,3,3,133,7,3.0,1366,Lost Customers,Reactivate cheaply or release. Longest dormancy in the panel. Use low-cost channels only; do not fund deep discounts to chase them.,"Relative label, and the most easily misread. Dormancy runs 36-428 days with a median near 49 - only 1 customer in the whole panel exceeds 180 days. These customers are not lost in any real sense; they are simply the least recent quintile."
THEONE_PIPPENGER,Consumer,LATAM,United States,2011-10-15,2014-12-29,43,88,304,23959.02628,21885.1399,2073.88638,4997.75372,2930.526,2,37,23959.02628,2073.88638,557.1866576744186,48.22991581395349,8.655971055598341,2,1171,1,5.405405405405405,27.88095238095238,2011-10,5,5,5,555,15,5.0,1173,Champions,Protect. Highest value and most recently active. Give early access to new ranges and priority fulfilment; do NOT spend discount here - they already buy at the best margins.,Relative label: top recency and value quintiles within this 795-customer panel.
THERESA_COYNE,Corporate,APAC,Mexico,2011-09-27,2014-12-20,35,84,332,22219.86906,18860.0568,3359.81226,2701.61094,2762.401,0,25,22219.86906,3359.81226,634.8534017142857,95.994636,15.120756341666755,11,1180,1,0.0,34.705882352941174,2011-09,4,4,5,445,13,4.5,1191,Champions,Protect. Highest value and most recently active. Give early access to new ranges and priority fulfilment; do NOT spend discount here - they already buy at the best margins.,Relative label: top recency and value quintiles within this 795-customer panel.
THERESA_SWINT,Corporate,EU,United States,2011-02-03,2014-12-23,27,63,195,7936.012000000001,6801.989600000001,1134.0223999999998,1565.698,685.078,3,22,7936.012000000001,1134.0223999999998,293.9263703703704,42.00082962962962,14.289575166973032,8,1419,1,13.636363636363637,54.57692307692308,2011-02,4,1,1,411,6,1.0,1427,Potential Loyalists,Convert to loyal. Recently active but spending below their cohort. Targeted category offers and a second-order incentive are justified here.,Relative label: recent but below-panel-average value. Not 'new' - see New Customers.
THOMAS_BOLAND,Corporate,LATAM,United States,2011-08-12,2014-11-22,31,69,256,17423.9244,15137.5225,2286.4019000000003,2379.5556,2626.186,0,27,17423.9244,2286.4019000000003,562.0620774193549,73.7549,13.12219823451484,39,1198,1,0.0,39.93333333333333,2011-08,1,3,4,134,8,3.5,1237,Lost Customers,Reactivate cheaply or release. Longest dormancy in the panel. Use low-cost channels only; do not fund deep discounts to chase them.,"Relative label, and the most easily misread. Dormancy runs 36-428 days with a median near 49 - only 1 customer in the whole panel exceeds 180 days. These customers are not lost in any real sense; they are simply the least recent quintile."
THOMAS_BRUMLEY,Home Office,APAC,United States,2011-03-25,2014-11-12,21,38,147,11801.84152,9749.5302,2052.31132,1365.3984799999998,1006.739,1,17,11801.84152,2052.31132,561.9924533333333,97.72911047619048,17.389754950717215,49,1328,1,5.88235294117647,66.4,2011-03,1,1,2,112,4,1.5,1377,Lost Customers,Reactivate cheaply or release. Longest dormancy in the panel. Use low-cost channels only; do not fund deep discounts to chase them.,"Relative label, and the most easily misread. Dormancy runs 36-428 days with a median near 49 - only 1 customer in the whole panel exceeds 180 days. These customers are not lost in any real sense; they are simply the least recent quintile."
THOMAS_SEIO,Corporate,APAC,United States,2011-01-12,2014-12-05,35,68,218,14530.27092,12180.7223,2349.54862,1940.55908,1716.264,2,32,14530.27092,2349.54862,415.15059771428577,67.12996057142857,16.170026236510115,26,1423,1,6.25,41.85294117647059,2011-01,2,4,3,243,9,3.5,1449,At Risk,"Reactivate now. Previously valuable, engagement slipping. Time-boxed win-back offer plus a service check - review whether returns or late shipments preceded the drop-off.","Relative label. Median dormancy is only ~28 days; this is the second-lowest recency quintile of a highly active panel, NOT evidence of churn."
THOMAS_THORNTON,Consumer,US,United States,2011-06-20,2014-12-26,31,63,234,15050.96416,13389.7569,1661.20726,2202.73584,1629.77,1,22,15050.96416,1661.20726,485.5149729032258,53.587330967741934,11.037214907566426,5,1285,1,4.545454545454546,42.833333333333336,2011-06,4,3,3,433,10,3.0,1290,Loyal Customers,Grow basket size. Consistent buyers with room to move up. Cross-sell adjacent sub-categories and bundle the low-margin items they already buy.,Relative label: upper-middle recency and value within this panel.
TIFFANY_HOUSE,Corporate,EU,United States,2011-01-10,2014-12-23,36,67,196,16797.599,15141.312,1656.2869999999998,2650.901,1904.922,1,26,16797.599,1656.2869999999998,466.59997222222216,46.00797222222221,9.860260386023024,8,1443,1,3.8461538461538463,41.22857142857143,2011-01,4,4,4,444,12,4.0,1451,Champions,Protect. Highest value and most recently active. Give early access to new ranges and priority fulfilment; do NOT spend discount here - they already buy at the best margins.,Relative label: top recency and value quintiles within this 795-customer panel.
TIM_BROCKMAN,Consumer,EMEA,United States,2011-08-25,2014-12-30,43,89,305,19100.9267,16035.2205,3065.7062,2706.6033,1936.56,1,28,19100.9267,3065.7062,444.2075976744186,71.29549302325582,16.050039080041074,1,1223,1,3.571428571428571,29.11904761904762,2011-08,5,5,4,554,14,4.5,1224,Champions,Protect. Highest value and most recently active. Give early access to new ranges and priority fulfilment; do NOT spend discount here - they already buy at the best margins.,Relative label: top recency and value quintiles within this 795-customer panel.
TIM_TASLIMI,Corporate,LATAM,South Africa,2011-05-09,2014-12-30,29,55,150,9779.68,8494.8438,1284.8362,1792.9499999999998,1016.13,1,20,9779.68,1284.8362,337.23034482758624,44.304696551724135,13.137814325213093,1,1331,1,5.0,47.535714285714285,2011-05,5,2,1,521,8,1.5,1332,Potential Loyalists,Convert to loyal. Recently active but spending below their cohort. Targeted category offers and a second-order incentive are justified here.,Relative label: recent but below-panel-average value. Not 'new' - see New Customers.
TOBY_BRAUNHARDT,Consumer,LATAM,United States,2011-01-01,2014-11-04,35,67,212,11701.33466,10453.8733,1247.4613599999998,1884.5853400000003,1542.135,2,26,11701.33466,1247.4613599999998,334.32384742857147,35.641753142857134,10.66084678583152,57,1403,1,7.6923076923076925,41.26470588235294,2011-01,1,4,2,142,7,3.0,1460,Lost Customers,Reactivate cheaply or release. Longest dormancy in the panel. Use low-cost channels only; do not fund deep discounts to chase them.,"Relative label, and the most easily misread. Dormancy runs 36-428 days with a median near 49 - only 1 customer in the whole panel exceeds 180 days. These customers are not lost in any real sense; they are simply the least recent quintile."
TOBY_CARLISLE,Consumer,EU,United States,2011-02-14,2014-12-19,34,67,238,20122.8061,18625.3293,1497.4768,4435.8739,3124.951,3,29,20122.8061,1497.4768,591.8472382352941,44.04343529411765,7.441689755187773,12,1404,1,10.344827586206897,42.54545454545455,2011-02,3,4,5,345,12,4.5,1416,Loyal Customers,Grow basket size. Consistent buyers with room to move up. Cross-sell adjacent sub-categories and bundle the low-margin items they already buy.,Relative label: upper-middle recency and value within this panel.
TOBY_GNADE,Consumer,EU,France,2011-02-14,2014-12-17,35,63,221,13019.6486,10033.1916,2986.457,1663.4914,1542.007,2,32,13019.6486,2986.457,371.98996,85.32734285714285,22.938076838725124,14,1402,1,6.25,41.23529411764706,2011-02,3,4,2,342,9,3.0,1416,Loyal Customers,Grow basket size. Consistent buyers with room to move up. Cross-sell adjacent sub-categories and bundle the low-margin items they already buy.,Relative label: upper-middle recency and value within this panel.
TOBY_RITTER,Consumer,APAC,United States,2011-01-20,2014-12-30,26,65,205,12428.90306,9991.9976,2436.90546,933.92694,1492.709,1,22,12428.90306,2436.90546,478.0347330769231,93.72713307692308,19.60676214333592,1,1440,1,4.545454545454546,57.6,2011-01,5,1,2,512,8,1.5,1441,Potential Loyalists,Convert to loyal. Recently active but spending below their cohort. Targeted category offers and a second-order incentive are justified here.,Relative label: recent but below-panel-average value. Not 'new' - see New Customers.
TOBY_SWINDELL,Consumer,LATAM,United States,2011-01-20,2014-12-23,36,76,249,18628.34548,16025.380900000002,2602.96458,2580.24452,2624.423,0,31,18628.34548,2602.96458,517.4540411111111,72.30457166666666,13.973138853338464,8,1433,1,0.0,40.94285714285714,2011-01,4,4,4,444,12,4.0,1441,Champions,Protect. Highest value and most recently active. Give early access to new ranges and priority fulfilment; do NOT spend discount here - they already buy at the best margins.,Relative label: top recency and value quintiles within this 795-customer panel.
TODD_BOYES,Corporate,LATAM,United States,2011-06-07,2014-12-17,28,67,234,9643.275,8871.261,772.014,2552.655,1036.147,1,20,9643.275,772.014,344.40267857142857,27.57192857142857,8.005724196395935,14,1289,1,5.0,47.74074074074074,2011-06,3,2,1,321,6,1.5,1303,Potential Loyalists,Convert to loyal. Recently active but spending below their cohort. Targeted category offers and a second-order incentive are justified here.,Relative label: recent but below-panel-average value. Not 'new' - see New Customers.
TODD_SUMRALL,Corporate,EU,United States,2011-01-27,2014-12-13,37,75,228,27775.262,22681.2966,5093.9654,2610.728,2467.624,1,27,27775.262,5093.9654,750.6827567567567,137.67474054054054,18.33993645136453,18,1416,1,3.7037037037037033,39.333333333333336,2011-01,3,5,5,355,13,5.0,1434,Loyal Customers,Grow basket size. Consistent buyers with room to move up. Cross-sell adjacent sub-categories and bundle the low-margin items they already buy.,Relative label: upper-middle recency and value within this panel.
TOM_ASHBROOK,Home Office,EU,France,2011-06-28,2014-12-23,30,80,284,40488.0708,34176.091700000004,6311.979099999999,6541.1392000000005,2809.631,0,25,40488.0708,6311.979099999999,1349.60236,210.39930333333328,15.589725505024552,8,1274,1,0.0,43.93103448275862,2011-06,4,2,5,425,11,3.5,1282,Loyal Customers,Grow basket size. Consistent buyers with room to move up. Cross-sell adjacent sub-categories and bundle the low-margin items they already buy.,Relative label: upper-middle recency and value within this panel.
TOM_BOECKENHAUER,Consumer,LATAM,United States,2011-01-22,2014-12-06,35,93,283,24479.311,20282.9611,4196.3499,3386.129,2276.139,1,26,24479.311,4196.3499,699.4088857142857,119.89571142857145,17.142434686989354,25,1414,1,3.8461538461538463,41.588235294117645,2011-01,2,4,5,245,11,4.5,1439,At Risk,"Reactivate now. Previously valuable, engagement slipping. Time-boxed win-back offer plus a service check - review whether returns or late shipments preceded the drop-off.","Relative label. Median dormancy is only ~28 days; this is the second-lowest recency quintile of a highly active panel, NOT evidence of churn."
TOM_PRESCOTT,Consumer,APAC,United States,2011-02-09,2014-11-13,26,50,175,12877.67182,12531.4846,346.18721999999974,3964.708180000001,1610.12,1,22,12877.67182,346.18721999999974,495.29507,13.314893076923068,2.688274905890557,48,1373,1,4.545454545454546,54.92,2011-02,1,1,2,112,4,1.5,1421,Lost Customers,Reactivate cheaply or release. Longest dormancy in the panel. Use low-cost channels only; do not fund deep discounts to chase them.,"Relative label, and the most easily misread. Dormancy runs 36-428 days with a median near 49 - only 1 customer in the whole panel exceeds 180 days. These customers are not lost in any real sense; they are simply the least recent quintile."
TOM_STIVERS,Corporate,APAC,United States,2011-02-04,2014-12-12,29,69,240,15344.9966,12980.0083,2364.9883,1800.0734,1802.175,2,22,15344.9966,2364.9883,529.1378137931034,81.55132068965517,15.41211354846439,19,1407,1,9.090909090909092,50.25,2011-02,3,2,3,323,8,2.5,1426,Potential Loyalists,Convert to loyal. Recently active but spending below their cohort. Targeted category offers and a second-order incentive are justified here.,Relative label: recent but below-panel-average value. Not 'new' - see New Customers.
TOM_ZANDUSKY,Corporate,LATAM,Australia,2011-03-12,2014-12-23,35,73,222,15346.8114,14979.32,367.4914000000002,3692.7586,1580.763,3,28,15346.8114,367.4914000000002,438.48032571428575,10.499754285714292,2.394578198830281,8,1382,1,10.714285714285714,40.64705882352941,2011-03,4,4,3,443,11,3.5,1390,Loyal Customers,Grow basket size. Consistent buyers with room to move up. Cross-sell adjacent sub-categories and bundle the low-margin items they already buy.,Relative label: upper-middle recency and value within this panel.
TONJA_TURNELL,Home Office,LATAM,United States,2011-03-10,2014-12-19,40,84,283,20081.79746,17851.0081,2230.78936,3113.072540000001,1987.409,0,32,20081.79746,2230.78936,502.04493650000006,55.76973399999999,11.108514386938744,12,1380,1,0.0,35.38461538461539,2011-03,3,5,5,355,13,5.0,1392,Loyal Customers,Grow basket size. Consistent buyers with room to move up. Cross-sell adjacent sub-categories and bundle the low-margin items they already buy.,Relative label: upper-middle recency and value within this panel.
TONY_CHAPMAN,Home Office,APAC,United States,2011-05-06,2014-12-30,38,67,227,12630.28056,11229.152,1401.12856,2500.78944,1095.163,0,29,12630.28056,1401.12856,332.3758042105263,36.87180421052632,11.093408046986408,1,1334,1,0.0,36.054054054054056,2011-05,5,5,2,552,12,3.5,1335,Loyal Customers,Grow basket size. Consistent buyers with room to move up. Cross-sell adjacent sub-categories and bundle the low-margin items they already buy.,Relative label: upper-middle recency and value within this panel.
TONY_MOLINARI,Consumer,APAC,France,2011-04-02,2014-11-21,35,80,232,15971.8783,14470.907,1500.9712999999997,2804.6317000000004,1988.568,2,27,15971.8783,1500.9712999999997,456.33938,42.88489428571428,9.397587884200192,40,1329,1,7.4074074074074066,39.088235294117645,2011-04,1,4,3,143,8,3.5,1369,Lost Customers,Reactivate cheaply or release. Longest dormancy in the panel. Use low-cost channels only; do not fund deep discounts to chase them.,"Relative label, and the most easily misread. Dormancy runs 36-428 days with a median near 49 - only 1 customer in the whole panel exceeds 180 days. These customers are not lost in any real sense; they are simply the least recent quintile."
TONY_SAYRE,Consumer,APAC,United States,2011-03-23,2014-12-20,31,66,219,19737.3623,17588.0161,2149.3461999999995,5172.6277,2013.038,1,27,19737.3623,2149.3461999999995,636.6891064516128,69.33374838709676,10.889733731036593,11,1368,1,3.7037037037037033,45.6,2011-03,4,3,4,434,11,3.5,1379,Loyal Customers,Grow basket size. Consistent buyers with room to move up. Cross-sell adjacent sub-categories and bundle the low-margin items they already buy.,Relative label: upper-middle recency and value within this panel.
TRACY_BLUMSTEIN,Consumer,APAC,United States,2011-05-07,2014-12-13,45,91,314,20708.28272,20450.9211,257.3616199999996,7041.86728,2380.399,2,34,20708.28272,257.3616199999996,460.1840604444444,5.719147111111101,1.2427955687095216,18,1316,1,5.88235294117647,29.90909090909091,2011-05,3,5,5,355,13,5.0,1334,Loyal Customers,Grow basket size. Consistent buyers with room to move up. Cross-sell adjacent sub-categories and bundle the low-margin items they already buy.,Relative label: upper-middle recency and value within this panel.
TRACY_COLLINS,Home Office,LATAM,United States,2011-09-08,2014-12-31,34,55,192,11103.0321,10720.035,382.9971000000005,3160.8679,1501.983,4,30,11103.0321,382.9971000000005,326.55976764705883,11.264620588235308,3.449482056347477,0,1210,1,13.333333333333334,36.66666666666666,2011-09,5,4,1,541,10,2.5,1210,Potential Loyalists,Convert to loyal. Recently active but spending below their cohort. Targeted category offers and a second-order incentive are justified here.,Relative label: recent but below-panel-average value. Not 'new' - see New Customers.
TRACY_HOPKINS,Home Office,LATAM,United States,2011-02-25,2014-12-26,31,55,189,13092.7363,13826.4838,-733.7475000000005,7449.163699999999,1446.704,1,26,13092.7363,-733.7475000000005,422.3463322580645,-23.669274193548404,-5.604233394664799,5,1400,1,3.8461538461538463,46.66666666666666,2011-02,4,3,2,432,9,2.5,1405,Potential Loyalists,Convert to loyal. Recently active but spending below their cohort. Targeted category offers and a second-order incentive are justified here.,Relative label: recent but below-panel-average value. Not 'new' - see New Customers.
TRACY_PODDAR,Corporate,EU,France,2011-02-15,2014-12-17,35,68,253,13287.1713,11491.5113,1795.66,2254.2387,1104.947,2,30,13287.1713,1795.66,379.6334657142857,51.30457142857142,13.514238354103252,14,1401,1,6.666666666666667,41.20588235294117,2011-02,3,4,2,342,9,3.0,1415,Loyal Customers,Grow basket size. Consistent buyers with room to move up. Cross-sell adjacent sub-categories and bundle the low-margin items they already buy.,Relative label: upper-middle recency and value within this panel.
TRACY_ZIC,Consumer,LATAM,Germany,2011-02-16,2014-11-26,24,48,163,10858.5418,10938.6573,-80.11549999999991,4345.1482000000005,733.548,0,19,10858.5418,-80.11549999999991,452.4392416666667,-3.33814583333333,-0.7378108541240768,35,1379,1,0.0,59.95652173913044,2011-02,2,1,1,211,4,1.0,1414,At Risk,"Reactivate now. Previously valuable, engagement slipping. Time-boxed win-back offer plus a service check - review whether returns or late shipments preceded the drop-off.","Relative label. Median dormancy is only ~28 days; this is the second-lowest recency quintile of a highly active panel, NOT evidence of churn."
TROY_BLACKWELL,Consumer,APAC,United States,2011-02-19,2014-12-03,30,46,163,9190.059,7751.4081,1438.6509,911.571,1145.915,2,26,9190.059,1438.6509,306.3353,47.95503,15.654425069523494,28,1383,1,7.6923076923076925,47.689655172413794,2011-02,2,2,1,221,5,1.5,1411,At Risk,"Reactivate now. Previously valuable, engagement slipping. Time-boxed win-back offer plus a service check - review whether returns or late shipments preceded the drop-off.","Relative label. Median dormancy is only ~28 days; this is the second-lowest recency quintile of a highly active panel, NOT evidence of churn."
TROY_STAEBEL,Consumer,LATAM,United States,2011-01-31,2014-12-11,35,83,313,22577.09,20857.5221,1719.5679,3725.51,2159.973,1,30,22577.09,1719.5679,645.0597142857143,49.13051142857143,7.616428423680819,20,1410,1,3.333333333333333,41.47058823529412,2011-01,3,4,5,345,12,4.5,1430,Loyal Customers,Grow basket size. Consistent buyers with room to move up. Cross-sell adjacent sub-categories and bundle the low-margin items they already buy.,Relative label: upper-middle recency and value within this panel.
TRUDY_BROWN,Consumer,APAC,United States,2011-02-15,2014-12-01,36,69,230,15076.9491,13576.286,1500.6631000000002,3421.4409,2270.499,1,31,15076.9491,1500.6631000000002,418.8041416666667,41.68508611111112,9.95336052437824,30,1385,1,3.225806451612903,39.57142857142857,2011-02,2,4,3,243,9,3.5,1415,At Risk,"Reactivate now. Previously valuable, engagement slipping. Time-boxed win-back offer plus a service check - review whether returns or late shipments preceded the drop-off.","Relative label. Median dormancy is only ~28 days; this is the second-lowest recency quintile of a highly active panel, NOT evidence of churn."
TRUDY_GLOCKE,Consumer,EU,Brazil,2011-03-31,2014-12-26,42,75,288,18880.3103,15784.0705,3096.2398000000003,1544.0696999999998,2588.596,2,33,18880.3103,3096.2398000000003,449.5311976190477,73.71999523809525,16.399305683021534,5,1366,1,6.0606060606060606,33.31707317073171,2011-03,4,5,4,454,13,4.5,1371,Champions,Protect. Highest value and most recently active. Give early access to new ranges and priority fulfilment; do NOT spend discount here - they already buy at the best margins.,Relative label: top recency and value quintiles within this 795-customer panel.
TRUDY_SCHMIDT,Consumer,EU,United States,2011-08-25,2014-10-08,30,56,182,9978.3372,8952.717700000001,1025.6195,1270.3928,887.657,2,24,9978.3372,1025.6195,332.61124,34.18731666666667,10.27846102454826,84,1140,1,8.333333333333332,39.310344827586206,2011-08,1,2,1,121,4,1.5,1224,Lost Customers,Reactivate cheaply or release. Longest dormancy in the panel. Use low-cost channels only; do not fund deep discounts to chase them.,"Relative label, and the most easily misread. Dormancy runs 36-428 days with a median near 49 - only 1 customer in the whole panel exceeds 180 days. These customers are not lost in any real sense; they are simply the least recent quintile."
VALERIE_DOMINGUEZ,Consumer,EMEA,United States,2011-05-02,2014-12-31,30,67,235,15984.9224,13953.0066,2031.9158,3719.9576,2200.813,3,21,15984.9224,2031.9158,532.8307466666666,67.73052666666666,12.711452387157038,0,1339,1,14.285714285714285,46.172413793103445,2011-05,5,2,3,523,10,2.5,1339,Potential Loyalists,Convert to loyal. Recently active but spending below their cohort. Targeted category offers and a second-order incentive are justified here.,Relative label: recent but below-panel-average value. Not 'new' - see New Customers.
VALERIE_MITCHUM,Home Office,APAC,United States,2011-03-25,2014-12-18,38,68,219,14567.10032,16212.8991,-1645.7987800000003,4627.73968,2079.701,5,32,14567.10032,-1645.7987800000003,383.3447452631579,-43.31049421052633,-11.298053448155292,13,1364,1,15.625,36.86486486486486,2011-03,3,5,3,353,11,4.0,1377,Loyal Customers,Grow basket size. Consistent buyers with room to move up. Cross-sell adjacent sub-categories and bundle the low-margin items they already buy.,Relative label: upper-middle recency and value within this panel.
VALERIE_TAKAHITO,Home Office,APAC,Indonesia,2011-06-06,2014-12-24,32,72,260,19370.7481,18279.9649,1090.7832,3052.7519,1737.306,4,25,19370.7481,1090.7832,605.335878125,34.086974999999995,5.631084532042414,7,1297,1,16.0,41.83870967741935,2011-06,4,3,4,434,11,3.5,1304,Loyal Customers,Grow basket size. Consistent buyers with room to move up. Cross-sell adjacent sub-categories and bundle the low-margin items they already buy.,Relative label: upper-middle recency and value within this panel.
VICKY_FREYMANN,Home Office,APAC,United States,2011-03-01,2014-12-18,28,49,179,12602.485,12576.372,26.11299999999987,2581.055,1836.713,2,24,12602.485,26.11299999999987,450.08875,0.9326071428571384,0.2072051662826805,13,1388,1,8.333333333333332,51.407407407407405,2011-03,3,2,2,322,7,2.0,1401,Potential Loyalists,Convert to loyal. Recently active but spending below their cohort. Targeted category offers and a second-order incentive are justified here.,Relative label: recent but below-panel-average value. Not 'new' - see New Customers.
VICTORIA_BRENNAN,Corporate,APAC,United States,2011-06-27,2014-12-27,25,45,184,10744.68,9836.1162,908.5637999999998,2044.55,1365.272,1,21,10744.68,908.5637999999998,429.7872,36.34255199999999,8.455940986609185,4,1279,1,4.761904761904762,53.29166666666666,2011-06,5,1,1,511,7,1.0,1283,Potential Loyalists,Convert to loyal. Recently active but spending below their cohort. Targeted category offers and a second-order incentive are justified here.,Relative label: recent but below-panel-average value. Not 'new' - see New Customers.
VICTORIA_PISTEKA,Corporate,APAC,United States,2011-04-01,2014-10-17,31,60,226,18551.2255,16160.3628,2390.8627,3069.8745000000004,1438.568,0,28,18551.2255,2390.8627,598.4266290322581,77.12460322580644,12.887896274022436,75,1295,1,0.0,43.16666666666666,2011-04,1,3,4,134,8,3.5,1370,Lost Customers,Reactivate cheaply or release. Longest dormancy in the panel. Use low-cost channels only; do not fund deep discounts to chase them.,"Relative label, and the most easily misread. Dormancy runs 36-428 days with a median near 49 - only 1 customer in the whole panel exceeds 180 days. These customers are not lost in any real sense; they are simply the least recent quintile."
VICTORIA_WILSON,Corporate,APAC,United States,2011-05-11,2014-12-25,35,66,249,17038.5434,16744.162500000002,294.38089999999977,5384.7266,1500.787,2,30,17038.5434,294.38089999999977,486.8155257142857,8.41088285714285,1.7277351302224568,6,1324,1,6.666666666666667,38.94117647058823,2011-05,4,4,4,444,12,4.0,1330,Champions,Protect. Highest value and most recently active. Give early access to new ranges and priority fulfilment; do NOT spend discount here - they already buy at the best margins.,Relative label: top recency and value quintiles within this 795-customer panel.
VICTOR_PREIS,Home Office,APAC,India,2011-06-09,2014-12-03,33,58,199,12061.269,9828.4732,2232.7958,1635.991,1443.607,0,29,12061.269,2232.7958,365.493,67.66047878787879,18.51211344345276,28,1273,1,0.0,39.78125,2011-06,2,3,2,232,7,2.5,1301,At Risk,"Reactivate now. Previously valuable, engagement slipping. Time-boxed win-back offer plus a service check - review whether returns or late shipments preceded the drop-off.","Relative label. Median dormancy is only ~28 days; this is the second-lowest recency quintile of a highly active panel, NOT evidence of churn."
VIVEK_GONZALEZ,Consumer,APAC,United States,2011-01-18,2014-09-12,31,50,167,10294.7785,10659.2032,-364.42469999999975,3697.9815,1275.787,0,27,10294.7785,-364.42469999999975,332.089629032258,-11.75563548387096,-3.5398984057792,110,1333,1,0.0,44.43333333333333,2011-01,1,3,1,131,5,2.0,1443,Lost Customers,Reactivate cheaply or release. Longest dormancy in the panel. Use low-cost channels only; do not fund deep discounts to chase them.,"Relative label, and the most easily misread. Dormancy runs 36-428 days with a median near 49 - only 1 customer in the whole panel exceeds 180 days. These customers are not lost in any real sense; they are simply the least recent quintile."
VIVEK_GRADY,Corporate,APAC,United States,2011-06-16,2014-12-29,27,61,209,23763.59116,19716.685,4046.90616,2879.78884,2862.2070000000003,0,23,23763.59116,4046.90616,880.1330059259259,149.88541333333333,17.02985938763306,2,1292,1,0.0,49.69230769230769,2011-06,5,1,5,515,11,3.0,1294,Loyal Customers,Grow basket size. Consistent buyers with room to move up. Cross-sell adjacent sub-categories and bundle the low-margin items they already buy.,Relative label: upper-middle recency and value within this panel.
VIVEK_SUNDARESAM,Consumer,EU,United States,2011-01-08,2014-12-09,22,40,143,11411.989,9825.3703,1586.6186999999998,1584.9009999999998,1662.161,1,15,11411.989,1586.6186999999998,518.7267727272728,72.11903181818181,13.90308648211981,22,1431,1,6.666666666666667,68.14285714285714,2011-01,2,1,1,211,4,1.0,1453,At Risk,"Reactivate now. Previously valuable, engagement slipping. Time-boxed win-back offer plus a service check - review whether returns or late shipments preceded the drop-off.","Relative label. Median dormancy is only ~28 days; this is the second-lowest recency quintile of a highly active panel, NOT evidence of churn."
VIVIAN_MATHIS,Consumer,APAC,United States,2011-01-17,2014-12-23,23,36,120,3892.227,3235.3127,656.9143,246.54300000000003,406.043,0,20,3892.227,656.9143,169.2272608695652,28.56149130434783,16.877594754879404,8,1436,1,0.0,65.27272727272727,2011-01,4,1,1,411,6,1.0,1444,Potential Loyalists,Convert to loyal. Recently active but spending below their cohort. Targeted category offers and a second-order incentive are justified here.,Relative label: recent but below-panel-average value. Not 'new' - see New Customers.
WILLIAM_BROWN,Consumer,US,United States,2011-05-16,2014-12-11,40,84,298,16887.1932,14339.2909,2547.9023,2472.6568,1961.977,1,38,16887.1932,2547.9023,422.17983,63.6975575,15.087778471084226,20,1305,1,2.631578947368421,33.46153846153846,2011-05,3,5,4,354,12,4.5,1325,Loyal Customers,Grow basket size. Consistent buyers with room to move up. Cross-sell adjacent sub-categories and bundle the low-margin items they already buy.,Relative label: upper-middle recency and value within this panel.
XYLONA_PREIS,Consumer,US,United States,2011-01-21,2014-11-18,30,61,213,12198.9506,10894.228,1304.7225999999998,1880.9694,1074.833,4,27,12198.9506,1304.7225999999998,406.63168666666667,43.49075333333333,10.69536751792404,43,1397,1,14.814814814814811,48.172413793103445,2011-01,1,2,2,122,5,2.0,1440,Lost Customers,Reactivate cheaply or release. Longest dormancy in the panel. Use low-cost channels only; do not fund deep discounts to chase them.,"Relative label, and the most easily misread. Dormancy runs 36-428 days with a median near 49 - only 1 customer in the whole panel exceeds 180 days. These customers are not lost in any real sense; they are simply the least recent quintile."
YANA_SORENSEN,Corporate,LATAM,United States,2011-03-03,2014-12-27,32,62,215,20032.438,16582.0317,3450.4063,2873.921999999999,1725.126,2,26,20032.438,3450.4063,626.0136875,107.825196875,17.224095739120724,4,1395,1,7.6923076923076925,45.0,2011-03,5,3,5,535,13,4.0,1399,Champions,Protect. Highest value and most recently active. Give early access to new ranges and priority fulfilment; do NOT spend discount here - they already buy at the best margins.,Relative label: top recency and value quintiles within this 795-customer panel.
YOSEPH_CARROLL,Corporate,EU,France,2011-02-09,2014-12-27,31,56,203,20164.3776,15817.201,4347.1766,2246.6924,2341.383,1,27,20164.3776,4347.1766,650.4637935483871,140.23150322580645,21.558694675505382,4,1417,1,3.7037037037037033,47.23333333333333,2011-02,5,3,5,535,13,4.0,1421,Champions,Protect. Highest value and most recently active. Give early access to new ranges and priority fulfilment; do NOT spend discount here - they already buy at the best margins.,Relative label: top recency and value quintiles within this 795-customer panel.
ZUSCHUSS_CARROLL,Consumer,US,United States,2011-09-23,2014-12-28,38,85,334,28479.99226,28043.056,436.9362599999991,9856.627740000002,3078.805,2,37,28479.99226,436.9362599999991,749.4734805263157,11.498322631578924,1.534186723125181,3,1192,1,5.405405405405405,32.21621621621622,2011-09,5,5,5,555,15,5.0,1195,Champions,Protect. Highest value and most recently active. Give early access to new ranges and priority fulfilment; do NOT spend discount here - they already buy at the best margins.,Relative label: top recency and value quintiles within this 795-customer panel.
ZUSCHUSS_DONATELLI,Consumer,EU,United States,2011-02-21,2014-12-30,29,54,174,12430.5704,12228.8333,201.73710000000008,2863.1796,1196.282,2,20,12430.5704,201.73710000000008,428.64035862068965,6.956451724137934,1.6229110451761737,1,1408,1,10.0,50.285714285714285,2011-02,5,2,2,522,9,2.0,1409,Potential Loyalists,Convert to loyal. Recently active but spending below their cohort. Targeted category offers and a second-order incentive are justified here.,Relative label: recent but below-panel-average value. Not 'new' - see New Customers.
