customer_key,customer_segment,primary_market,primary_country,first_order_date,last_order_date,order_frequency,lifetime_revenue,lifetime_profit,avg_order_value,profit_margin_pct,cohort_month,is_repeat_customer,avg_days_between_orders,returned_orders,measured_orders,segment,segment_action,label_caveat,r_score,f_score,m_score,rfm_sum,days_since_last_purchase,days_since_first_purchase,customer_name,is_unprofitable,cohort_year,first_order_date_key
AARON_BERGMAN,Consumer,EU,France,2011-02-19,2014-12-15,37,24644.6275,4683.208,666.0710135135135,19.002957135383763,2011-02,1,38.75,0,32,Loyal Customers,Grow basket size. Consistent buyers with room to move up. Cross-sell adjacent sub-categories and bundle the low-margin items they already buy.,Relative label: upper-middle recency and value within this panel.,3,4,5,12,16,1411,Aaron Bergman,0,2011,20110219
AARON_HAWKINS,Corporate,EU,United States,2011-04-22,2014-12-19,34,20759.51384,2450.9290400000004,610.5739364705883,11.806293051417626,2011-04,1,40.51515151515152,0,27,Champions,Protect. Highest value and most recently active. Give early access to new ranges and priority fulfilment; do NOT spend discount here - they already buy at the best margins.,Relative label: top recency and value quintiles within this 795-customer panel.,4,3,5,12,12,1349,Aaron Hawkins,0,2011,20110422
AARON_SMAYLING,Corporate,EU,United States,2011-03-21,2014-12-08,31,14212.6284,369.1617999999999,458.4718838709677,2.5974210371953426,2011-03,1,45.266666666666666,2,28,At Risk,"Reactivate now. Previously valuable, engagement slipping. Time-boxed win-back offer plus a service check - review whether returns or late shipments preceded the drop-off.","Relative label. Median dormancy is only ~28 days; this is the second-lowest recency quintile of a highly active panel, NOT evidence of churn.",2,2,3,7,23,1381,Aaron Smayling,0,2011,20110321
ADAM_BELLAVANCE,Home Office,LATAM,United States,2011-01-07,2014-11-26,41,20186.7784,4979.9769,492.3604487804878,24.669498031444185,2011-01,1,35.475,1,32,At Risk,"Reactivate now. Previously valuable, engagement slipping. Time-boxed win-back offer plus a service check - review whether returns or late shipments preceded the drop-off.","Relative label. Median dormancy is only ~28 days; this is the second-lowest recency quintile of a highly active panel, NOT evidence of churn.",2,5,5,12,35,1454,Adam Bellavance,0,2011,20110107
ADAM_HART,Corporate,US,United States,2011-06-10,2014-12-29,42,21718.20142,1902.03342,517.1000338095239,8.757785155489177,2011-06,1,31.65853658536585,2,34,Champions,Protect. Highest value and most recently active. Give early access to new ranges and priority fulfilment; do NOT spend discount here - they already buy at the best margins.,Relative label: top recency and value quintiles within this 795-customer panel.,5,5,5,15,2,1300,Adam Hart,0,2011,20110610
ADAM_SHILLINGSBURG,Consumer,LATAM,United States,2011-04-06,2014-12-16,36,15444.67672,1421.2741199999998,429.0187977777778,9.202355904021797,2011-04,1,38.57142857142857,2,32,Loyal Customers,Grow basket size. Consistent buyers with room to move up. Cross-sell adjacent sub-categories and bundle the low-margin items they already buy.,Relative label: upper-middle recency and value within this panel.,3,4,3,10,15,1365,Adam Shillingsburg,0,2011,20110406
ADRIAN_BARTON,Consumer,LATAM,United States,2011-05-18,2014-12-04,40,25123.18,6417.2845,628.0795,25.543281145141652,2011-05,1,33.23076923076923,5,33,At Risk,"Reactivate now. Previously valuable, engagement slipping. Time-boxed win-back offer plus a service check - review whether returns or late shipments preceded the drop-off.","Relative label. Median dormancy is only ~28 days; this is the second-lowest recency quintile of a highly active panel, NOT evidence of churn.",2,5,5,12,27,1323,Adrian Barton,0,2011,20110518
ADRIAN_HANE,Home Office,US,United States,2011-07-18,2014-12-10,26,11405.91788,2081.37928,438.6891492307692,18.24824009692064,2011-07,1,49.64,2,22,Potential Loyalists,Convert to loyal. Recently active but spending below their cohort. Targeted category offers and a second-order incentive are justified here.,Relative label: recent but below-panel-average value. Not 'new' - see New Customers.,3,1,1,5,21,1262,Adrian Hane,0,2011,20110718
ADRIAN_SHAMI,Home Office,APAC,China,2011-11-17,2014-11-20,24,11286.0542,1564.4937999999995,470.2522583333334,13.862185776141317,2011-11,1,47.78260869565217,0,19,Lost Customers,Reactivate cheaply or release. Longest dormancy in the panel. Use low-cost channels only; do not fund deep discounts to chase them.,"Relative label, and the most easily misread. Dormancy runs 36-428 days with a median near 49 - only 1 customer in the whole panel exceeds 180 days. These customers are not lost in any real sense; they are simply the least recent quintile.",1,1,1,3,41,1140,Adrian Shami,0,2011,20111117
AIMEE_BIXBY,Consumer,LATAM,United States,2011-01-25,2014-11-26,28,16201.1746,2926.3543,578.6133785714286,18.062605781682027,2011-01,1,51.888888888888886,0,24,At Risk,"Reactivate now. Previously valuable, engagement slipping. Time-boxed win-back offer plus a service check - review whether returns or late shipments preceded the drop-off.","Relative label. Median dormancy is only ~28 days; this is the second-lowest recency quintile of a highly active panel, NOT evidence of churn.",2,1,3,6,35,1436,Aimee Bixby,0,2011,20110125
ALAN_BARNES,Consumer,EU,United States,2011-02-18,2014-12-18,35,13049.041,2436.0660000000003,372.8297428571429,18.6685443014548,2011-02,1,41.14705882352941,3,29,Loyal Customers,Grow basket size. Consistent buyers with room to move up. Cross-sell adjacent sub-categories and bundle the low-margin items they already buy.,Relative label: upper-middle recency and value within this panel.,3,4,2,9,13,1412,Alan Barnes,0,2011,20110218
ALAN_DOMINGUEZ,Home Office,APAC,United States,2011-08-16,2014-12-26,30,18539.7928,1539.9922,617.9930933333333,8.30641537698307,2011-08,1,42.3448275862069,0,27,Loyal Customers,Grow basket size. Consistent buyers with room to move up. Cross-sell adjacent sub-categories and bundle the low-margin items they already buy.,Relative label: upper-middle recency and value within this panel.,5,2,4,11,5,1233,Alan Dominguez,0,2011,20110816
ALAN_HAINES,Corporate,EU,Italy,2011-01-17,2014-11-12,34,15279.75678,-592.2461199999998,449.40461117647055,-3.876017979390898,2011-01,1,42.27272727272727,1,25,Lost Customers,Reactivate cheaply or release. Longest dormancy in the panel. Use low-cost channels only; do not fund deep discounts to chase them.,"Relative label, and the most easily misread. Dormancy runs 36-428 days with a median near 49 - only 1 customer in the whole panel exceeds 180 days. These customers are not lost in any real sense; they are simply the least recent quintile.",1,3,3,7,49,1444,Alan Haines,1,2011,20110117
ALAN_HWANG,Consumer,LATAM,United States,2011-08-13,2014-12-25,38,23642.85018,4342.37078,622.1802678947369,18.366528345526238,2011-08,1,33.24324324324324,0,34,Champions,Protect. Highest value and most recently active. Give early access to new ranges and priority fulfilment; do NOT spend discount here - they already buy at the best margins.,Relative label: top recency and value quintiles within this 795-customer panel.,4,5,5,14,6,1236,Alan Hwang,0,2011,20110813
ALAN_SCHOENBERGER,Corporate,APAC,United States,2011-05-18,2014-12-29,35,21836.4137,2503.6348,623.8975342857143,11.465412014977533,2011-05,1,38.85294117647059,2,28,Champions,Protect. Highest value and most recently active. Give early access to new ranges and priority fulfilment; do NOT spend discount here - they already buy at the best margins.,Relative label: top recency and value quintiles within this 795-customer panel.,5,4,5,14,2,1323,Alan Schoenberger,0,2011,20110518
ALAN_SHONELY,Consumer,EU,United States,2011-01-26,2014-12-19,36,10693.17636,1175.45416,297.03267666666665,10.992563111528067,2011-01,1,40.65714285714286,1,31,Potential Loyalists,Convert to loyal. Recently active but spending below their cohort. Targeted category offers and a second-order incentive are justified here.,Relative label: recent but below-panel-average value. Not 'new' - see New Customers.,4,4,1,9,12,1435,Alan Shonely,0,2011,20110126
ALEJANDRO_BALLENTINE,Home Office,LATAM,United States,2011-01-20,2014-12-26,39,15466.218400000002,758.6138999999998,396.5697025641026,4.904973409660371,2011-01,1,37.78947368421053,2,31,Champions,Protect. Highest value and most recently active. Give early access to new ranges and priority fulfilment; do NOT spend discount here - they already buy at the best margins.,Relative label: top recency and value quintiles within this 795-customer panel.,5,5,3,13,5,1441,Alejandro Ballentine,0,2011,20110120
ALEJANDRO_GROVE,Consumer,LATAM,United States,2011-01-09,2014-12-18,33,13417.21022,2602.57212,406.58212787878784,19.397267221173493,2011-01,1,44.96875,3,25,Potential Loyalists,Convert to loyal. Recently active but spending below their cohort. Targeted category offers and a second-order incentive are justified here.,Relative label: recent but below-panel-average value. Not 'new' - see New Customers.,3,3,2,8,13,1452,Alejandro Grove,0,2011,20110109
ALEJANDRO_SAVELY,Corporate,APAC,United States,2011-03-21,2014-12-13,43,21118.32446,2533.56606,491.1238246511628,11.99700319406874,2011-03,1,32.45238095238095,5,30,Loyal Customers,Grow basket size. Consistent buyers with room to move up. Cross-sell adjacent sub-categories and bundle the low-margin items they already buy.,Relative label: upper-middle recency and value within this panel.,3,5,5,13,18,1381,Alejandro Savely,0,2011,20110321
ALEKSANDRA_GANNAWAY,Corporate,LATAM,United States,2011-01-19,2014-12-29,30,14717.1862,773.1466000000003,490.57287333333335,5.253358824800356,2011-01,1,49.6551724137931,1,24,Potential Loyalists,Convert to loyal. Recently active but spending below their cohort. Targeted category offers and a second-order incentive are justified here.,Relative label: recent but below-panel-average value. Not 'new' - see New Customers.,5,2,3,10,2,1442,Aleksandra Gannaway,0,2011,20110119
ALEX_AVILA,Consumer,EU,United States,2011-03-31,2014-12-29,26,15990.669,983.2564999999996,615.0257307692308,6.148939109426877,2011-03,1,54.76,2,19,Potential Loyalists,Convert to loyal. Recently active but spending below their cohort. Targeted category offers and a second-order incentive are justified here.,Relative label: recent but below-panel-average value. Not 'new' - see New Customers.,5,1,3,9,2,1371,Alex Avila,0,2011,20110331
ALEX_GRAYSON,Consumer,LATAM,United States,2011-07-20,2014-12-29,36,15067.05118,1006.97208,418.5291994444444,6.683272446413764,2011-07,1,35.94285714285714,1,29,Loyal Customers,Grow basket size. Consistent buyers with room to move up. Cross-sell adjacent sub-categories and bundle the low-margin items they already buy.,Relative label: upper-middle recency and value within this panel.,5,4,3,12,2,1260,Alex Grayson,0,2011,20110720
ALEX_RUSSELL,Corporate,APAC,United States,2011-03-30,2014-12-02,35,16466.868199999997,2290.6598000000004,470.4819485714285,13.91071922225017,2011-03,1,39.5,2,26,At Risk,"Reactivate now. Previously valuable, engagement slipping. Time-boxed win-back offer plus a service check - review whether returns or late shipments preceded the drop-off.","Relative label. Median dormancy is only ~28 days; this is the second-lowest recency quintile of a highly active panel, NOT evidence of churn.",2,4,4,10,29,1372,Alex Russell,0,2011,20110330
ALICE_MCCARTHY,Corporate,EU,France,2011-02-21,2014-12-16,39,18766.1566,2977.8524,481.1835025641026,15.868206066233078,2011-02,1,36.68421052631579,3,33,Loyal Customers,Grow basket size. Consistent buyers with room to move up. Cross-sell adjacent sub-categories and bundle the low-margin items they already buy.,Relative label: upper-middle recency and value within this panel.,3,5,4,12,15,1409,Alice McCarthy,0,2011,20110221
ALLEN_ARMOLD,Consumer,US,United States,2011-04-21,2014-12-25,31,6538.687,754.9194,210.9253870967742,11.545428004123764,2011-04,1,44.8,2,23,Potential Loyalists,Convert to loyal. Recently active but spending below their cohort. Targeted category offers and a second-order incentive are justified here.,Relative label: recent but below-panel-average value. Not 'new' - see New Customers.,4,2,1,7,6,1350,Allen Armold,0,2011,20110421
ALLEN_GOLDENEN,Consumer,LATAM,United States,2011-04-19,2014-09-10,23,8926.1216,447.2650000000001,388.0922434782609,5.010742851632226,2011-04,1,56.36363636363637,3,19,Lost Customers,Reactivate cheaply or release. Longest dormancy in the panel. Use low-cost channels only; do not fund deep discounts to chase them.,"Relative label, and the most easily misread. Dormancy runs 36-428 days with a median near 49 - only 1 customer in the whole panel exceeds 180 days. These customers are not lost in any real sense; they are simply the least recent quintile.",1,1,1,3,112,1352,Allen Goldenen,0,2011,20110419
ALLEN_ROSENBLATT,Corporate,EU,United States,2011-01-26,2014-11-07,28,9527.93078,-552.2818199999999,340.28324214285715,-5.796450800831698,2011-01,1,51.14814814814815,3,22,Lost Customers,Reactivate cheaply or release. Longest dormancy in the panel. Use low-cost channels only; do not fund deep discounts to chase them.,"Relative label, and the most easily misread. Dormancy runs 36-428 days with a median near 49 - only 1 customer in the whole panel exceeds 180 days. These customers are not lost in any real sense; they are simply the least recent quintile.",1,1,1,3,54,1435,Allen Rosenblatt,1,2011,20110126
ALYSSA_CROUSE,Corporate,LATAM,Mexico,2011-01-07,2014-12-25,33,12297.3697,444.0355000000002,372.6475666666667,3.610816872489409,2011-01,1,45.25,1,24,Potential Loyalists,Convert to loyal. Recently active but spending below their cohort. Targeted category offers and a second-order incentive are justified here.,Relative label: recent but below-panel-average value. Not 'new' - see New Customers.,4,3,2,9,6,1454,Alyssa Crouse,0,2011,20110107
ALYSSA_TATE,Home Office,EMEA,United States,2011-06-02,2014-12-19,36,14942.2985,2795.5313,415.0638472222223,18.708843890382727,2011-06,1,37.02857142857143,2,24,Loyal Customers,Grow basket size. Consistent buyers with room to move up. Cross-sell adjacent sub-categories and bundle the low-margin items they already buy.,Relative label: upper-middle recency and value within this panel.,4,4,3,11,12,1308,Alyssa Tate,0,2011,20110602
AMY_COX,Consumer,US,United States,2011-08-08,2014-12-26,26,17152.9874,3980.4112,659.7302846153847,23.20535255567202,2011-08,1,49.44,1,19,Potential Loyalists,Convert to loyal. Recently active but spending below their cohort. Targeted category offers and a second-order incentive are justified here.,Relative label: recent but below-panel-average value. Not 'new' - see New Customers.,5,1,4,10,5,1241,Amy Cox,0,2011,20110808
AMY_HUNT,Consumer,LATAM,United States,2011-04-06,2014-10-22,24,9198.65668,718.3349799999999,383.27736166666665,7.809129147757256,2011-04,1,56.30434782608695,3,20,Lost Customers,Reactivate cheaply or release. Longest dormancy in the panel. Use low-cost channels only; do not fund deep discounts to chase them.,"Relative label, and the most easily misread. Dormancy runs 36-428 days with a median near 49 - only 1 customer in the whole panel exceeds 180 days. These customers are not lost in any real sense; they are simply the least recent quintile.",1,1,1,3,70,1365,Amy Hunt,0,2011,20110406
ANDREW_ALLEN,Consumer,EU,United States,2011-05-04,2014-08-28,25,19759.08278,2071.08818,790.3633112,10.481702025644328,2011-05,1,50.5,0,20,Lost Customers,Reactivate cheaply or release. Longest dormancy in the panel. Use low-cost channels only; do not fund deep discounts to chase them.,"Relative label, and the most easily misread. Dormancy runs 36-428 days with a median near 49 - only 1 customer in the whole panel exceeds 180 days. These customers are not lost in any real sense; they are simply the least recent quintile.",1,1,4,6,125,1337,Andrew Allen,0,2011,20110504
ANDREW_GJERTSEN,Corporate,EU,United States,2011-02-22,2014-11-13,40,16384.30206,2642.21386,409.60755150000006,16.126496266512312,2011-02,1,34.87179487179487,5,29,Lost Customers,Reactivate cheaply or release. Longest dormancy in the panel. Use low-cost channels only; do not fund deep discounts to chase them.,"Relative label, and the most easily misread. Dormancy runs 36-428 days with a median near 49 - only 1 customer in the whole panel exceeds 180 days. These customers are not lost in any real sense; they are simply the least recent quintile.",1,5,4,10,48,1408,Andrew Gjertsen,0,2011,20110222
ANDREW_ROBERTS,Consumer,APAC,United States,2011-02-21,2014-12-17,39,16916.52336,3561.7588600000004,433.7570092307692,21.05491054043625,2011-02,1,36.71052631578947,3,29,Loyal Customers,Grow basket size. Consistent buyers with room to move up. Cross-sell adjacent sub-categories and bundle the low-margin items they already buy.,Relative label: upper-middle recency and value within this panel.,3,5,4,12,14,1409,Andrew Roberts,0,2011,20110221
ANDY_GERBODE,Corporate,EU,Italy,2011-06-23,2014-12-19,27,11339.639,169.3897000000001,419.9866296296296,1.493783885007275,2011-06,1,49.03846153846154,0,20,Potential Loyalists,Convert to loyal. Recently active but spending below their cohort. Targeted category offers and a second-order incentive are justified here.,Relative label: recent but below-panel-average value. Not 'new' - see New Customers.,4,1,1,6,12,1287,Andy Gerbode,0,2011,20110623
ANDY_REITER,Consumer,US,United States,2011-04-28,2014-12-25,23,8545.5505,3139.0833,371.54567391304346,36.73354103986631,2011-04,1,60.77272727272727,1,15,Potential Loyalists,Convert to loyal. Recently active but spending below their cohort. Targeted category offers and a second-order incentive are justified here.,Relative label: recent but below-panel-average value. Not 'new' - see New Customers.,4,1,1,6,6,1343,Andy Reiter,0,2011,20110428
ANDY_YOTOV,Corporate,EMEA,United States,2011-04-06,2014-12-17,27,8543.03044,2290.97634,316.40853481481486,26.816904798480383,2011-04,1,51.96153846153846,2,16,Potential Loyalists,Convert to loyal. Recently active but spending below their cohort. Targeted category offers and a second-order incentive are justified here.,Relative label: recent but below-panel-average value. Not 'new' - see New Customers.,3,1,1,5,14,1365,Andy Yotov,0,2011,20110406
ANEMONE_RATNER,Consumer,APAC,India,2011-04-21,2014-12-29,27,11489.92732,1994.65032,425.5528637037037,17.359990750576827,2011-04,1,51.84615384615385,1,18,Potential Loyalists,Convert to loyal. Recently active but spending below their cohort. Targeted category offers and a second-order incentive are justified here.,Relative label: recent but below-panel-average value. Not 'new' - see New Customers.,5,1,1,7,2,1350,Anemone Ratner,0,2011,20110421
ANGELE_HOOD,Consumer,APAC,United States,2011-06-08,2014-12-10,31,11358.1131,1610.0721,366.3907451612904,14.175524453969384,2011-06,1,42.7,0,22,Potential Loyalists,Convert to loyal. Recently active but spending below their cohort. Targeted category offers and a second-order incentive are justified here.,Relative label: recent but below-panel-average value. Not 'new' - see New Customers.,3,2,1,6,21,1302,Angele Hood,0,2011,20110608
ANNA_ANDREADI,Consumer,APAC,United States,2011-01-26,2014-12-03,47,17312.2147,2443.0930000000003,368.34499361702126,14.11196107682283,2011-01,1,30.58695652173913,1,36,At Risk,"Reactivate now. Previously valuable, engagement slipping. Time-boxed win-back offer plus a service check - review whether returns or late shipments preceded the drop-off.","Relative label. Median dormancy is only ~28 days; this is the second-lowest recency quintile of a highly active panel, NOT evidence of churn.",2,5,4,11,28,1435,Anna Andreadi,0,2011,20110126
ANNA_CHUNG,Consumer,EU,United States,2011-06-06,2014-12-29,25,8931.70908,-272.12731999999994,357.2683632,-3.0467553025137257,2011-06,1,54.25,1,21,Potential Loyalists,Convert to loyal. Recently active but spending below their cohort. Targeted category offers and a second-order incentive are justified here.,Relative label: recent but below-panel-average value. Not 'new' - see New Customers.,5,1,1,7,2,1304,Anna Chung,1,2011,20110606
ANNA_GAYMAN,Consumer,EU,United States,2011-03-09,2014-11-14,31,15391.967,923.0617,496.515064516129,5.99703533667919,2011-03,1,44.86666666666667,2,21,Lost Customers,Reactivate cheaply or release. Longest dormancy in the panel. Use low-cost channels only; do not fund deep discounts to chase them.,"Relative label, and the most easily misread. Dormancy runs 36-428 days with a median near 49 - only 1 customer in the whole panel exceeds 180 days. These customers are not lost in any real sense; they are simply the least recent quintile.",1,2,3,6,47,1393,Anna Gayman,0,2011,20110309
ANNA_H_BERLIN,Corporate,US,United States,2011-02-11,2014-12-01,36,18094.05912,2466.0117199999995,502.6127533333334,13.628847477757104,2011-02,1,39.68571428571428,4,31,At Risk,"Reactivate now. Previously valuable, engagement slipping. Time-boxed win-back offer plus a service check - review whether returns or late shipments preceded the drop-off.","Relative label. Median dormancy is only ~28 days; this is the second-lowest recency quintile of a highly active panel, NOT evidence of churn.",2,4,4,10,30,1419,Anna Häberlin,0,2011,20110211
ANNE_MCFARLAND,Consumer,APAC,United States,2011-05-03,2014-12-06,36,25522.3345,3238.5851,708.9537361111111,12.689219710681249,2011-05,1,37.51428571428571,1,30,At Risk,"Reactivate now. Previously valuable, engagement slipping. Time-boxed win-back offer plus a service check - review whether returns or late shipments preceded the drop-off.","Relative label. Median dormancy is only ~28 days; this is the second-lowest recency quintile of a highly active panel, NOT evidence of churn.",2,4,5,11,25,1338,Anne McFarland,0,2011,20110503
ANNE_PRYOR,Home Office,US,United States,2011-03-03,2014-11-24,26,16361.7603,2992.7651,629.2984730769231,18.29121711311221,2011-03,1,54.48,1,20,Lost Customers,Reactivate cheaply or release. Longest dormancy in the panel. Use low-cost channels only; do not fund deep discounts to chase them.,"Relative label, and the most easily misread. Dormancy runs 36-428 days with a median near 49 - only 1 customer in the whole panel exceeds 180 days. These customers are not lost in any real sense; they are simply the least recent quintile.",1,1,3,5,37,1399,Anne Pryor,0,2011,20110303
ANNIE_THURMAN,Consumer,US,United States,2011-01-01,2014-12-29,34,13387.7549,2659.7779,393.7574970588235,19.867243760191634,2011-01,1,44.18181818181818,0,29,Potential Loyalists,Convert to loyal. Recently active but spending below their cohort. Targeted category offers and a second-order incentive are justified here.,Relative label: recent but below-panel-average value. Not 'new' - see New Customers.,5,3,2,10,2,1460,Annie Thurman,0,2011,20110101
ANNIE_ZYPERN,Consumer,US,United States,2011-03-17,2014-12-05,28,11871.078,924.3603,423.9670714285714,7.786658465221103,2011-03,1,50.333333333333336,1,18,At Risk,"Reactivate now. Previously valuable, engagement slipping. Time-boxed win-back offer plus a service check - review whether returns or late shipments preceded the drop-off.","Relative label. Median dormancy is only ~28 days; this is the second-lowest recency quintile of a highly active panel, NOT evidence of churn.",2,1,2,5,26,1385,Annie Zypern,0,2011,20110317
ANN_BLUME,Corporate,APAC,United States,2011-01-19,2014-12-24,27,18727.2131,1870.0107,693.6004851851852,9.98552582284654,2011-01,1,55.19230769230769,1,22,Potential Loyalists,Convert to loyal. Recently active but spending below their cohort. Targeted category offers and a second-order incentive are justified here.,Relative label: recent but below-panel-average value. Not 'new' - see New Customers.,4,1,4,9,7,1442,Ann Blume,0,2011,20110119
ANN_CHONG,Corporate,APAC,India,2011-04-30,2014-12-25,36,15028.15648,880.1277799999998,417.4487911111112,5.856525257581026,2011-04,1,38.142857142857146,4,29,Loyal Customers,Grow basket size. Consistent buyers with room to move up. Cross-sell adjacent sub-categories and bundle the low-margin items they already buy.,Relative label: upper-middle recency and value within this panel.,4,4,3,11,6,1341,Ann Chong,0,2011,20110430
ANN_STEELE,Home Office,Africa,United States,2011-02-04,2014-11-28,30,11815.9495,2091.0534,393.8649833333333,17.696871504063218,2011-02,1,48.03448275862069,0,19,At Risk,"Reactivate now. Previously valuable, engagement slipping. Time-boxed win-back offer plus a service check - review whether returns or late shipments preceded the drop-off.","Relative label. Median dormancy is only ~28 days; this is the second-lowest recency quintile of a highly active panel, NOT evidence of churn.",2,2,2,6,33,1426,Ann Steele,0,2011,20110204
ANTHONY_GARVERICK,Home Office,LATAM,United States,2011-01-12,2014-12-03,35,11684.3115,175.30650000000014,333.8374714285714,1.5003579800144848,2011-01,1,41.794117647058826,2,27,At Risk,"Reactivate now. Previously valuable, engagement slipping. Time-boxed win-back offer plus a service check - review whether returns or late shipments preceded the drop-off.","Relative label. Median dormancy is only ~28 days; this is the second-lowest recency quintile of a highly active panel, NOT evidence of churn.",2,4,2,8,28,1449,Anthony Garverick,0,2011,20110112
ANTHONY_JACOBS,Corporate,Africa,United States,2011-01-11,2014-12-30,37,17757.0612,1172.2401999999995,479.920572972973,6.601543953680802,2011-01,1,40.25,3,25,Champions,Protect. Highest value and most recently active. Give early access to new ranges and priority fulfilment; do NOT spend discount here - they already buy at the best margins.,Relative label: top recency and value quintiles within this 795-customer panel.,5,4,4,13,1,1450,Anthony Jacobs,0,2011,20110111
ANTHONY_JOHNSON,Corporate,US,United States,2011-05-03,2014-11-25,32,12282.657,2478.5824,383.83303125,20.17952955944304,2011-05,1,42.0,3,22,At Risk,"Reactivate now. Previously valuable, engagement slipping. Time-boxed win-back offer plus a service check - review whether returns or late shipments preceded the drop-off.","Relative label. Median dormancy is only ~28 days; this is the second-lowest recency quintile of a highly active panel, NOT evidence of churn.",2,3,2,7,36,1338,Anthony Johnson,0,2011,20110503
ANTHONY_O_DONNELL,Corporate,APAC,Australia,2011-08-30,2014-12-24,32,15022.8036,1093.0995999999998,469.4626125,7.276268991495035,2011-08,1,39.096774193548384,1,27,Loyal Customers,Grow basket size. Consistent buyers with room to move up. Cross-sell adjacent sub-categories and bundle the low-margin items they already buy.,Relative label: upper-middle recency and value within this panel.,4,3,3,10,7,1219,Anthony O'Donnell,0,2011,20110830
ANTHONY_RAWLES,Corporate,EU,United States,2011-04-26,2014-12-09,45,17339.9476,3117.6468,385.3321688888889,17.97956298322378,2011-04,1,30.068181818181817,1,38,Loyal Customers,Grow basket size. Consistent buyers with room to move up. Cross-sell adjacent sub-categories and bundle the low-margin items they already buy.,Relative label: upper-middle recency and value within this panel.,3,5,4,12,22,1345,Anthony Rawles,0,2011,20110426
ANTHONY_WITT,Consumer,LATAM,China,2011-02-05,2014-12-15,32,15147.25552,1216.4120199999995,473.351735,8.030577013729543,2011-02,1,45.45161290322581,4,25,Loyal Customers,Grow basket size. Consistent buyers with room to move up. Cross-sell adjacent sub-categories and bundle the low-margin items they already buy.,Relative label: upper-middle recency and value within this panel.,3,3,3,9,16,1425,Anthony Witt,0,2011,20110205
ARIANNE_IRVING,Consumer,US,United States,2011-04-28,2014-12-18,26,9278.5763,1538.1774,356.86831923076926,16.577730788289145,2011-04,1,53.2,0,22,Potential Loyalists,Convert to loyal. Recently active but spending below their cohort. Targeted category offers and a second-order incentive are justified here.,Relative label: recent but below-panel-average value. Not 'new' - see New Customers.,3,1,1,5,13,1343,Arianne Irving,0,2011,20110428
ARTHUR_GAINER,Consumer,US,United States,2011-01-30,2014-12-08,33,19873.64176,1733.2471599999997,602.2315684848485,8.721336436125835,2011-01,1,44.0,4,29,At Risk,"Reactivate now. Previously valuable, engagement slipping. Time-boxed win-back offer plus a service check - review whether returns or late shipments preceded the drop-off.","Relative label. Median dormancy is only ~28 days; this is the second-lowest recency quintile of a highly active panel, NOT evidence of churn.",2,3,4,9,23,1431,Arthur Gainer,0,2011,20110130
ARTHUR_PRICHEP,Consumer,US,United States,2011-01-04,2014-10-16,37,18545.9403,3137.6156,501.2416297297297,16.91807236109781,2011-01,1,38.36111111111112,3,32,Lost Customers,Reactivate cheaply or release. Longest dormancy in the panel. Use low-cost channels only; do not fund deep discounts to chase them.,"Relative label, and the most easily misread. Dormancy runs 36-428 days with a median near 49 - only 1 customer in the whole panel exceeds 180 days. These customers are not lost in any real sense; they are simply the least recent quintile.",1,4,4,9,76,1457,Arthur Prichep,0,2011,20110104
ARTHUR_WIEDIGER,Home Office,US,United States,2011-01-04,2014-11-26,28,11013.01356,2680.96696,393.3219128571428,24.343627158850055,2011-01,1,52.66666666666666,2,22,At Risk,"Reactivate now. Previously valuable, engagement slipping. Time-boxed win-back offer plus a service check - review whether returns or late shipments preceded the drop-off.","Relative label. Median dormancy is only ~28 days; this is the second-lowest recency quintile of a highly active panel, NOT evidence of churn.",2,1,1,4,35,1457,Arthur Wiediger,0,2011,20110104
ART_FERGUSON,Consumer,APAC,United States,2011-03-30,2014-12-26,45,28187.3405,2278.3037,626.3853444444445,8.082719616630735,2011-03,1,31.068181818181817,1,36,Champions,Protect. Highest value and most recently active. Give early access to new ranges and priority fulfilment; do NOT spend discount here - they already buy at the best margins.,Relative label: top recency and value quintiles within this 795-customer panel.,5,5,5,15,5,1372,Art Ferguson,0,2011,20110330
ART_FOSTER,Consumer,EU,Italy,2011-03-28,2014-11-08,37,20066.15728,2971.23478,542.3285751351351,14.807193716962631,2011-03,1,36.69444444444444,1,35,Lost Customers,Reactivate cheaply or release. Longest dormancy in the panel. Use low-cost channels only; do not fund deep discounts to chase them.,"Relative label, and the most easily misread. Dormancy runs 36-428 days with a median near 49 - only 1 customer in the whole panel exceeds 180 days. These customers are not lost in any real sense; they are simply the least recent quintile.",1,4,5,10,53,1374,Art Foster,0,2011,20110328
ASHLEY_JARBOE,Consumer,APAC,United States,2011-03-03,2014-12-03,36,15947.948,3006.7032,442.9985555555556,18.8532292681165,2011-03,1,39.17142857142857,2,29,At Risk,"Reactivate now. Previously valuable, engagement slipping. Time-boxed win-back offer plus a service check - review whether returns or late shipments preceded the drop-off.","Relative label. Median dormancy is only ~28 days; this is the second-lowest recency quintile of a highly active panel, NOT evidence of churn.",2,4,3,9,28,1399,Ashley Jarboe,0,2011,20110303
ASTREA_JONES,Consumer,Africa,Turkey,2011-03-03,2014-11-13,27,13262.74948,2531.35798,491.2129437037037,19.08622328889832,2011-03,1,51.96153846153846,0,17,Lost Customers,Reactivate cheaply or release. Longest dormancy in the panel. Use low-cost channels only; do not fund deep discounts to chase them.,"Relative label, and the most easily misread. Dormancy runs 36-428 days with a median near 49 - only 1 customer in the whole panel exceeds 180 days. These customers are not lost in any real sense; they are simply the least recent quintile.",1,1,2,4,48,1399,Astrea Jones,0,2011,20110303
BARBARA_FISHER,Corporate,APAC,United States,2011-07-14,2014-12-09,30,9835.0112,1833.7316,327.83370666666667,18.64493657109409,2011-07,1,42.89655172413793,1,22,Potential Loyalists,Convert to loyal. Recently active but spending below their cohort. Targeted category offers and a second-order incentive are justified here.,Relative label: recent but below-panel-average value. Not 'new' - see New Customers.,3,2,1,6,22,1266,Barbara Fisher,0,2011,20110714
BARRY_BLUMSTEIN,Corporate,APAC,United States,2011-04-05,2014-12-17,37,9886.8207,299.4245999999998,267.21137027027027,3.028522606867947,2011-04,1,37.55555555555556,0,30,Potential Loyalists,Convert to loyal. Recently active but spending below their cohort. Targeted category offers and a second-order incentive are justified here.,Relative label: recent but below-panel-average value. Not 'new' - see New Customers.,3,4,1,8,14,1366,Barry Blumstein,0,2011,20110405
BARRY_FRANZ,Home Office,APAC,United States,2011-04-25,2014-12-23,27,24079.87166,1115.67056,891.8470985185186,4.633208082471981,2011-04,1,51.46153846153846,4,25,Loyal Customers,Grow basket size. Consistent buyers with room to move up. Cross-sell adjacent sub-categories and bundle the low-margin items they already buy.,Relative label: upper-middle recency and value within this panel.,4,1,5,10,8,1346,Barry Franz,0,2011,20110425
BARRY_FRANZ_SISCH,Corporate,EU,United States,2011-02-16,2014-12-16,31,13208.2773,940.1213,426.0734612903226,7.117667797601435,2011-02,1,46.63333333333333,0,24,Potential Loyalists,Convert to loyal. Recently active but spending below their cohort. Targeted category offers and a second-order incentive are justified here.,Relative label: recent but below-panel-average value. Not 'new' - see New Customers.,3,2,2,7,15,1414,Barry Französisch,0,2011,20110216
BARRY_GONZALEZ,Consumer,LATAM,United States,2011-09-27,2014-12-03,34,20023.5634,1530.178,588.9283352941176,7.641886558513357,2011-09,1,35.24242424242424,1,33,At Risk,"Reactivate now. Previously valuable, engagement slipping. Time-boxed win-back offer plus a service check - review whether returns or late shipments preceded the drop-off.","Relative label. Median dormancy is only ~28 days; this is the second-lowest recency quintile of a highly active panel, NOT evidence of churn.",2,3,5,10,28,1191,Barry Gonzalez,0,2011,20110927
BARRY_POND,Corporate,EU,United States,2011-03-05,2014-12-26,30,10385.32876,2090.96176,346.17762533333337,20.133804218635053,2011-03,1,48.0,1,21,Potential Loyalists,Convert to loyal. Recently active but spending below their cohort. Targeted category offers and a second-order incentive are justified here.,Relative label: recent but below-panel-average value. Not 'new' - see New Customers.,5,2,1,8,5,1397,Barry Pond,0,2011,20110305
BARRY_WEIRICH,Consumer,APAC,Australia,2011-01-27,2014-12-09,23,17436.5359,3695.4033,758.1102565217391,21.193448751480503,2011-01,1,64.18181818181819,0,18,At Risk,"Reactivate now. Previously valuable, engagement slipping. Time-boxed win-back offer plus a service check - review whether returns or late shipments preceded the drop-off.","Relative label. Median dormancy is only ~28 days; this is the second-lowest recency quintile of a highly active panel, NOT evidence of churn.",2,1,4,7,22,1434,Barry Weirich,0,2011,20110127
BART_FOLK,Consumer,APAC,United States,2011-03-30,2014-12-06,27,13942.7317,2084.5089,516.3974703703703,14.950505717613428,2011-03,1,51.80769230769231,0,21,At Risk,"Reactivate now. Previously valuable, engagement slipping. Time-boxed win-back offer plus a service check - review whether returns or late shipments preceded the drop-off.","Relative label. Median dormancy is only ~28 days; this is the second-lowest recency quintile of a highly active panel, NOT evidence of churn.",2,1,2,5,25,1372,Bart Folk,0,2011,20110330
BART_PISTOLE,Corporate,US,United States,2011-01-14,2014-12-29,38,10087.5376,984.2586999999996,265.46151578947365,9.757175031496288,2011-01,1,39.054054054054056,1,32,Loyal Customers,Grow basket size. Consistent buyers with room to move up. Cross-sell adjacent sub-categories and bundle the low-margin items they already buy.,Relative label: upper-middle recency and value within this panel.,5,5,1,11,2,1447,Bart Pistole,0,2011,20110114
BART_WATTERS,Corporate,APAC,United States,2011-02-16,2014-11-07,45,32310.4465,3595.8859,718.0099222222223,11.1291742749516,2011-02,1,30.90909090909091,4,35,Lost Customers,Reactivate cheaply or release. Longest dormancy in the panel. Use low-cost channels only; do not fund deep discounts to chase them.,"Relative label, and the most easily misread. Dormancy runs 36-428 days with a median near 49 - only 1 customer in the whole panel exceeds 180 days. These customers are not lost in any real sense; they are simply the least recent quintile.",1,5,5,11,54,1414,Bart Watters,0,2011,20110216
BECKY_CASTELL,Home Office,EU,United States,2011-03-10,2014-12-02,34,15185.489,2485.9604,446.6320294117647,16.370631199298224,2011-03,1,41.30303030303031,0,28,At Risk,"Reactivate now. Previously valuable, engagement slipping. Time-boxed win-back offer plus a service check - review whether returns or late shipments preceded the drop-off.","Relative label. Median dormancy is only ~28 days; this is the second-lowest recency quintile of a highly active panel, NOT evidence of churn.",2,3,3,8,29,1392,Becky Castell,0,2011,20110310
BECKY_MARTIN,Consumer,LATAM,Brazil,2011-06-02,2014-12-23,35,27169.9827,-1096.925400000002,776.2852199999999,-4.037269409082113,2011-06,1,38.23529411764706,0,29,Champions,Protect. Highest value and most recently active. Give early access to new ranges and priority fulfilment; do NOT spend discount here - they already buy at the best margins.,Relative label: top recency and value quintiles within this 795-customer panel.,4,4,5,13,8,1308,Becky Martin,1,2011,20110602
BECKY_PAK,Consumer,EU,United States,2011-06-08,2014-11-29,30,14806.92346,3576.2071599999995,493.56411533333335,24.152263430420945,2011-06,1,43.793103448275865,1,24,At Risk,"Reactivate now. Previously valuable, engagement slipping. Time-boxed win-back offer plus a service check - review whether returns or late shipments preceded the drop-off.","Relative label. Median dormancy is only ~28 days; this is the second-lowest recency quintile of a highly active panel, NOT evidence of churn.",2,2,3,7,32,1302,Becky Pak,0,2011,20110608
BENJAMIN_FARHAT,Home Office,APAC,Australia,2011-02-16,2014-12-05,32,13367.8575,641.3188,417.745546875,4.797468853928163,2011-02,1,44.774193548387096,3,27,At Risk,"Reactivate now. Previously valuable, engagement slipping. Time-boxed win-back offer plus a service check - review whether returns or late shipments preceded the drop-off.","Relative label. Median dormancy is only ~28 days; this is the second-lowest recency quintile of a highly active panel, NOT evidence of churn.",2,3,2,7,26,1414,Benjamin Farhat,0,2011,20110216
BENJAMIN_PATTERSON,Consumer,APAC,United States,2011-04-01,2014-11-22,31,18708.6016,912.2121,603.5032774193548,4.875896763978339,2011-04,1,44.36666666666667,4,23,Lost Customers,Reactivate cheaply or release. Longest dormancy in the panel. Use low-cost channels only; do not fund deep discounts to chase them.,"Relative label, and the most easily misread. Dormancy runs 36-428 days with a median near 49 - only 1 customer in the whole panel exceeds 180 days. These customers are not lost in any real sense; they are simply the least recent quintile.",1,2,4,7,39,1370,Benjamin Patterson,0,2011,20110401
BENJAMIN_VENIER,Corporate,EU,United States,2011-06-02,2014-11-17,25,21365.942000000003,2819.7504,854.6376800000002,13.19740735044586,2011-06,1,52.66666666666666,4,22,Lost Customers,Reactivate cheaply or release. Longest dormancy in the panel. Use low-cost channels only; do not fund deep discounts to chase them.,"Relative label, and the most easily misread. Dormancy runs 36-428 days with a median near 49 - only 1 customer in the whole panel exceeds 180 days. These customers are not lost in any real sense; they are simply the least recent quintile.",1,1,5,7,44,1308,Benjamin Venier,0,2011,20110602
BEN_FERRER,Home Office,US,United States,2011-04-13,2014-12-15,37,23219.76044,4135.10114,627.561092972973,17.808543506230933,2011-04,1,37.27777777777778,1,31,Loyal Customers,Grow basket size. Consistent buyers with room to move up. Cross-sell adjacent sub-categories and bundle the low-margin items they already buy.,Relative label: upper-middle recency and value within this panel.,3,4,5,12,16,1358,Ben Ferrer,0,2011,20110413
BEN_PETERMAN,Corporate,US,United States,2011-09-23,2014-12-30,38,16806.64772,1343.95582,442.28020315789473,7.996572798992421,2011-09,1,32.270270270270274,0,28,Champions,Protect. Highest value and most recently active. Give early access to new ranges and priority fulfilment; do NOT spend discount here - they already buy at the best margins.,Relative label: top recency and value quintiles within this 795-customer panel.,5,5,4,14,1,1195,Ben Peterman,0,2011,20110923
BEN_WALLACE,Consumer,LATAM,United States,2011-01-13,2014-11-21,33,14968.18508,2352.20638,453.58136606060606,15.714706675714089,2011-01,1,44.0,2,29,Lost Customers,Reactivate cheaply or release. Longest dormancy in the panel. Use low-cost channels only; do not fund deep discounts to chase them.,"Relative label, and the most easily misread. Dormancy runs 36-428 days with a median near 49 - only 1 customer in the whole panel exceeds 180 days. These customers are not lost in any real sense; they are simply the least recent quintile.",1,3,3,7,40,1448,Ben Wallace,0,2011,20110113
BERENIKE_KAMPE,Consumer,EU,United States,2011-04-11,2014-12-05,33,13586.25136,2447.67896,411.7045866666666,18.015852166597924,2011-04,1,41.6875,3,27,At Risk,"Reactivate now. Previously valuable, engagement slipping. Time-boxed win-back offer plus a service check - review whether returns or late shipments preceded the drop-off.","Relative label. Median dormancy is only ~28 days; this is the second-lowest recency quintile of a highly active panel, NOT evidence of churn.",2,3,2,7,26,1360,Berenike Kampe,0,2011,20110411
BETH_FRITZLER,Corporate,EU,France,2011-03-22,2014-12-25,30,10588.57264,661.4528400000003,352.95242133333335,6.246855572405085,2011-03,1,47.37931034482759,2,23,Potential Loyalists,Convert to loyal. Recently active but spending below their cohort. Targeted category offers and a second-order incentive are justified here.,Relative label: recent but below-panel-average value. Not 'new' - see New Customers.,4,2,1,7,6,1380,Beth Fritzler,0,2011,20110322
BETH_PAIGE,Consumer,LATAM,United States,2011-01-18,2014-12-19,33,12832.23978,1958.0990799999995,388.8557509090909,15.259215176541844,2011-01,1,44.71875,2,29,Potential Loyalists,Convert to loyal. Recently active but spending below their cohort. Targeted category offers and a second-order incentive are justified here.,Relative label: recent but below-panel-average value. Not 'new' - see New Customers.,4,3,2,9,12,1443,Beth Paige,0,2011,20110118
BETH_THOMPSON,Home Office,EU,United States,2011-01-04,2014-12-03,34,11627.78,863.9258000000001,341.9935294117647,7.429843013885712,2011-01,1,43.30303030303031,2,24,At Risk,"Reactivate now. Previously valuable, engagement slipping. Time-boxed win-back offer plus a service check - review whether returns or late shipments preceded the drop-off.","Relative label. Median dormancy is only ~28 days; this is the second-lowest recency quintile of a highly active panel, NOT evidence of churn.",2,3,2,7,28,1457,Beth Thompson,0,2011,20110104
BILL_DONATELLI,Consumer,US,United States,2011-04-22,2014-12-26,38,15275.317,1622.6797,401.9820263157894,10.622887236971907,2011-04,1,36.32432432432432,3,32,Champions,Protect. Highest value and most recently active. Give early access to new ranges and priority fulfilment; do NOT spend discount here - they already buy at the best margins.,Relative label: top recency and value quintiles within this 795-customer panel.,5,5,3,13,5,1349,Bill Donatelli,0,2011,20110422
BILL_EPLETT,Home Office,EU,United States,2011-04-13,2014-11-26,42,28479.1674,7410.0053,678.0754142857144,26.01903769138981,2011-04,1,32.26829268292683,4,37,At Risk,"Reactivate now. Previously valuable, engagement slipping. Time-boxed win-back offer plus a service check - review whether returns or late shipments preceded the drop-off.","Relative label. Median dormancy is only ~28 days; this is the second-lowest recency quintile of a highly active panel, NOT evidence of churn.",2,5,5,12,35,1358,Bill Eplett,0,2011,20110413
BILL_OVERFELT,Corporate,APAC,United States,2011-10-13,2014-12-10,26,8092.4907,415.21969999999993,311.24964230769234,5.1309258841656735,2011-10,1,46.16,1,20,Potential Loyalists,Convert to loyal. Recently active but spending below their cohort. Targeted category offers and a second-order incentive are justified here.,Relative label: recent but below-panel-average value. Not 'new' - see New Customers.,3,1,1,5,21,1175,Bill Overfelt,0,2011,20111013
BILL_SHONELY,Corporate,LATAM,Brazil,2011-05-04,2014-12-31,31,23508.65596,5968.90736,758.3437406451613,25.39025357364581,2011-05,1,44.56666666666667,1,26,Loyal Customers,Grow basket size. Consistent buyers with room to move up. Cross-sell adjacent sub-categories and bundle the low-margin items they already buy.,Relative label: upper-middle recency and value within this panel.,5,2,5,12,0,1337,Bill Shonely,0,2011,20110504
BILL_STEWART,Corporate,LATAM,United States,2011-02-26,2014-12-03,28,18775.4363,1815.0301,670.5512964285715,9.66704619268954,2011-02,1,50.96296296296296,0,23,At Risk,"Reactivate now. Previously valuable, engagement slipping. Time-boxed win-back offer plus a service check - review whether returns or late shipments preceded the drop-off.","Relative label. Median dormancy is only ~28 days; this is the second-lowest recency quintile of a highly active panel, NOT evidence of churn.",2,1,4,7,28,1404,Bill Stewart,0,2011,20110226
BILL_TYLER,Corporate,APAC,United States,2011-03-10,2014-12-03,28,11796.377,2544.9303,421.29917857142857,21.57382982927724,2011-03,1,50.51851851851852,1,24,At Risk,"Reactivate now. Previously valuable, engagement slipping. Time-boxed win-back offer plus a service check - review whether returns or late shipments preceded the drop-off.","Relative label. Median dormancy is only ~28 days; this is the second-lowest recency quintile of a highly active panel, NOT evidence of churn.",2,1,2,5,28,1392,Bill Tyler,0,2011,20110310
BOBBY_ELIAS,Consumer,APAC,United States,2011-04-08,2014-12-10,37,18411.92896,3789.15606,497.6197016216216,20.579897240707147,2011-04,1,37.27777777777778,0,30,Loyal Customers,Grow basket size. Consistent buyers with room to move up. Cross-sell adjacent sub-categories and bundle the low-margin items they already buy.,Relative label: upper-middle recency and value within this panel.,3,4,4,11,21,1363,Bobby Elias,0,2011,20110408
BOBBY_ODEGARD,Consumer,EU,Netherlands,2011-02-26,2014-12-30,29,15027.84252,2556.82472,518.2014662068966,17.01391744421873,2011-02,1,50.10714285714285,2,21,Potential Loyalists,Convert to loyal. Recently active but spending below their cohort. Targeted category offers and a second-order incentive are justified here.,Relative label: recent but below-panel-average value. Not 'new' - see New Customers.,5,2,3,10,1,1404,Bobby Odegard,0,2011,20110226
BOBBY_TRAFTON,Consumer,EMEA,United States,2011-04-04,2014-11-10,31,10396.5405,-469.7911,335.3722741935484,-4.51872524326722,2011-04,1,43.86666666666667,0,21,Lost Customers,Reactivate cheaply or release. Longest dormancy in the panel. Use low-cost channels only; do not fund deep discounts to chase them.,"Relative label, and the most easily misread. Dormancy runs 36-428 days with a median near 49 - only 1 customer in the whole panel exceeds 180 days. These customers are not lost in any real sense; they are simply the least recent quintile.",1,3,1,5,51,1367,Bobby Trafton,1,2011,20110404
BRADLEY_DRUCKER,Consumer,EU,United States,2011-01-04,2014-12-12,30,13141.896500000004,2381.066,438.06321666666673,18.11813081924667,2011-01,1,49.58620689655172,0,27,Potential Loyalists,Convert to loyal. Recently active but spending below their cohort. Targeted category offers and a second-order incentive are justified here.,Relative label: recent but below-panel-average value. Not 'new' - see New Customers.,3,2,2,7,19,1457,Bradley Drucker,0,2011,20110104
BRADLEY_NGUYEN,Consumer,LATAM,United States,2011-03-17,2014-12-22,31,12879.02752,2544.06892,415.4525006451613,19.75357934478581,2011-03,1,45.86666666666667,3,23,Potential Loyalists,Convert to loyal. Recently active but spending below their cohort. Targeted category offers and a second-order incentive are justified here.,Relative label: recent but below-panel-average value. Not 'new' - see New Customers.,4,3,2,9,9,1385,Bradley Nguyen,0,2011,20110317
BRADLEY_TALBOTT,Home Office,EU,United States,2011-01-26,2014-11-28,32,15344.099,1453.6353,479.50309375,9.473578735382246,2011-01,1,45.2258064516129,1,25,At Risk,"Reactivate now. Previously valuable, engagement slipping. Time-boxed win-back offer plus a service check - review whether returns or late shipments preceded the drop-off.","Relative label. Median dormancy is only ~28 days; this is the second-lowest recency quintile of a highly active panel, NOT evidence of churn.",2,3,3,8,33,1435,Bradley Talbott,0,2011,20110126
BRAD_EASON,Home Office,APAC,United States,2011-03-04,2014-12-28,29,18983.8353,978.0241,654.6150103448275,5.151878345678652,2011-03,1,49.82142857142857,2,27,Loyal Customers,Grow basket size. Consistent buyers with room to move up. Cross-sell adjacent sub-categories and bundle the low-margin items they already buy.,Relative label: upper-middle recency and value within this panel.,5,2,4,11,3,1398,Brad Eason,0,2011,20110304
BRAD_NORVELL,Corporate,APAC,United States,2011-09-12,2014-12-20,36,26201.95588,2124.05298,727.8321077777778,8.10646727949532,2011-09,1,34.142857142857146,1,29,Champions,Protect. Highest value and most recently active. Give early access to new ranges and priority fulfilment; do NOT spend discount here - they already buy at the best margins.,Relative label: top recency and value quintiles within this 795-customer panel.,4,4,5,13,11,1206,Brad Norvell,0,2011,20110912
BRAD_THOMAS,Home Office,LATAM,France,2011-01-25,2014-12-01,38,11682.02454,939.62794,307.42169842105267,8.04336557231714,2011-01,1,38.0,2,29,At Risk,"Reactivate now. Previously valuable, engagement slipping. Time-boxed win-back offer plus a service check - review whether returns or late shipments preceded the drop-off.","Relative label. Median dormancy is only ~28 days; this is the second-lowest recency quintile of a highly active panel, NOT evidence of churn.",2,5,2,9,30,1436,Brad Thomas,0,2011,20110125
BRENDAN_DODSON,Home Office,EU,Germany,2011-01-31,2014-12-24,24,10920.79974,2024.70374,455.0333225,18.539885248367348,2011-01,1,61.869565217391305,0,19,Potential Loyalists,Convert to loyal. Recently active but spending below their cohort. Targeted category offers and a second-order incentive are justified here.,Relative label: recent but below-panel-average value. Not 'new' - see New Customers.,4,1,1,6,7,1430,Brendan Dodson,0,2011,20110131
BRENDAN_MURRY,Corporate,APAC,United States,2011-01-22,2014-11-27,34,12055.31508,282.1346800000001,354.5680905882353,2.340334351509957,2011-01,1,42.57575757575758,0,25,At Risk,"Reactivate now. Previously valuable, engagement slipping. Time-boxed win-back offer plus a service check - review whether returns or late shipments preceded the drop-off.","Relative label. Median dormancy is only ~28 days; this is the second-lowest recency quintile of a highly active panel, NOT evidence of churn.",2,3,2,7,34,1439,Brendan Murry,0,2011,20110122
BRENDAN_SWEED,Corporate,APAC,United States,2011-01-15,2014-11-26,28,12178.03602,2045.68872,434.9298578571429,16.79818253649738,2011-01,1,52.25925925925926,1,23,At Risk,"Reactivate now. Previously valuable, engagement slipping. Time-boxed win-back offer plus a service check - review whether returns or late shipments preceded the drop-off.","Relative label. Median dormancy is only ~28 days; this is the second-lowest recency quintile of a highly active panel, NOT evidence of churn.",2,1,2,5,35,1446,Brendan Sweed,0,2011,20110115
BRENDA_BOWMAN,Corporate,US,United States,2011-10-13,2014-12-03,31,16004.79988,1738.8468799999996,516.2838670967742,10.864533721367591,2011-10,1,38.23333333333333,1,26,At Risk,"Reactivate now. Previously valuable, engagement slipping. Time-boxed win-back offer plus a service check - review whether returns or late shipments preceded the drop-off.","Relative label. Median dormancy is only ~28 days; this is the second-lowest recency quintile of a highly active panel, NOT evidence of churn.",2,3,3,8,28,1175,Brenda Bowman,0,2011,20111013
BRIAN_DAHLEN,Consumer,US,United States,2011-01-10,2014-09-25,24,9892.30214,1425.66744,412.1792558333333,14.411887342535213,2011-01,1,58.869565217391305,1,19,Lost Customers,Reactivate cheaply or release. Longest dormancy in the panel. Use low-cost channels only; do not fund deep discounts to chase them.,"Relative label, and the most easily misread. Dormancy runs 36-428 days with a median near 49 - only 1 customer in the whole panel exceeds 180 days. These customers are not lost in any real sense; they are simply the least recent quintile.",1,1,1,3,97,1451,Brian Dahlen,0,2011,20110110
BRIAN_DECHERNEY,Consumer,APAC,United States,2011-03-01,2014-11-12,36,10768.59702,984.4239199999996,299.127695,9.141617224339218,2011-03,1,38.62857142857143,0,25,Lost Customers,Reactivate cheaply or release. Longest dormancy in the panel. Use low-cost channels only; do not fund deep discounts to chase them.,"Relative label, and the most easily misread. Dormancy runs 36-428 days with a median near 49 - only 1 customer in the whole panel exceeds 180 days. These customers are not lost in any real sense; they are simply the least recent quintile.",1,4,1,6,49,1401,Brian DeCherney,0,2011,20110301
BRIAN_DERR,Consumer,EU,Germany,2011-04-12,2014-12-22,34,16919.961300000003,2792.3093,497.64592058823536,16.50304779361404,2011-04,1,40.90909090909091,2,25,Loyal Customers,Grow basket size. Consistent buyers with room to move up. Cross-sell adjacent sub-categories and bundle the low-margin items they already buy.,Relative label: upper-middle recency and value within this panel.,4,3,4,11,9,1359,Brian Derr,0,2011,20110412
BRIAN_MOSS,Corporate,US,United States,2011-07-09,2014-11-28,32,17458.10208,4385.84518,545.56569,25.122119001838257,2011-07,1,39.935483870967744,2,24,At Risk,"Reactivate now. Previously valuable, engagement slipping. Time-boxed win-back offer plus a service check - review whether returns or late shipments preceded the drop-off.","Relative label. Median dormancy is only ~28 days; this is the second-lowest recency quintile of a highly active panel, NOT evidence of churn.",2,3,4,9,33,1271,Brian Moss,0,2011,20110709
BRIAN_STUGART,Consumer,EU,Spain,2011-05-14,2014-12-02,31,22570.789,3612.8758,728.0899677419355,16.00686533377278,2011-05,1,43.266666666666666,1,24,At Risk,"Reactivate now. Previously valuable, engagement slipping. Time-boxed win-back offer plus a service check - review whether returns or late shipments preceded the drop-off.","Relative label. Median dormancy is only ~28 days; this is the second-lowest recency quintile of a highly active panel, NOT evidence of churn.",2,3,5,10,29,1327,Brian Stugart,0,2011,20110514
BRIAN_THOMPSON,Consumer,APAC,United States,2011-03-16,2014-12-13,26,14895.1231,1795.5495,572.88935,12.054613365363862,2011-03,1,54.72,3,22,Potential Loyalists,Convert to loyal. Recently active but spending below their cohort. Targeted category offers and a second-order incentive are justified here.,Relative label: recent but below-panel-average value. Not 'new' - see New Customers.,3,1,3,7,18,1386,Brian Thompson,0,2011,20110316
BROOKE_GILLINGHAM,Corporate,APAC,United States,2011-04-30,2014-12-22,24,11212.17038,417.31987999999967,467.1737658333333,3.722025850984256,2011-04,1,57.91304347826087,2,19,Potential Loyalists,Convert to loyal. Recently active but spending below their cohort. Targeted category offers and a second-order incentive are justified here.,Relative label: recent but below-panel-average value. Not 'new' - see New Customers.,4,1,1,6,9,1341,Brooke Gillingham,0,2011,20110430
BROSINA_HOFFMAN,Consumer,LATAM,United States,2011-01-06,2014-12-08,41,28120.621,4876.939799999999,685.8688048780488,17.342930655763254,2011-01,1,35.8,3,31,At Risk,"Reactivate now. Previously valuable, engagement slipping. Time-boxed win-back offer plus a service check - review whether returns or late shipments preceded the drop-off.","Relative label. Median dormancy is only ~28 days; this is the second-lowest recency quintile of a highly active panel, NOT evidence of churn.",2,5,5,12,23,1455,Brosina Hoffman,0,2011,20110106
BRUCE_DEGENHARDT,Consumer,LATAM,United States,2011-01-14,2014-12-27,43,15956.227,2475.1561,371.07504651162793,15.512163997165496,2011-01,1,34.357142857142854,2,30,Champions,Protect. Highest value and most recently active. Give early access to new ranges and priority fulfilment; do NOT spend discount here - they already buy at the best margins.,Relative label: top recency and value quintiles within this 795-customer panel.,5,5,3,13,4,1447,Bruce Degenhardt,0,2011,20110114
BRUCE_GELD,Consumer,EU,United States,2011-03-23,2014-12-25,28,15381.7965,1426.6283999999998,549.349875,9.274783995484531,2011-03,1,50.851851851851855,0,24,Potential Loyalists,Convert to loyal. Recently active but spending below their cohort. Targeted category offers and a second-order incentive are justified here.,Relative label: recent but below-panel-average value. Not 'new' - see New Customers.,4,1,3,8,6,1379,Bruce Geld,0,2011,20110323
BRUCE_STEWART,Consumer,LATAM,United States,2011-05-18,2014-12-30,34,19237.2195,496.9591000000002,565.8005735294117,2.583320838024436,2011-05,1,40.06060606060606,4,29,Loyal Customers,Grow basket size. Consistent buyers with room to move up. Cross-sell adjacent sub-categories and bundle the low-margin items they already buy.,Relative label: upper-middle recency and value within this panel.,5,3,4,12,1,1323,Bruce Stewart,0,2011,20110518
BRYAN_DAVIS,Consumer,LATAM,United States,2011-01-31,2014-11-26,31,13573.39126,1528.2702600000002,437.85133096774194,11.259310445899578,2011-01,1,46.5,0,26,At Risk,"Reactivate now. Previously valuable, engagement slipping. Time-boxed win-back offer plus a service check - review whether returns or late shipments preceded the drop-off.","Relative label. Median dormancy is only ~28 days; this is the second-lowest recency quintile of a highly active panel, NOT evidence of churn.",2,3,2,7,35,1430,Bryan Davis,0,2011,20110131
BRYAN_MILLS,Consumer,APAC,United States,2011-03-10,2014-12-29,45,20691.1949,2512.6168,459.8043311111111,12.143410818676305,2011-03,1,31.59090909090909,3,36,Champions,Protect. Highest value and most recently active. Give early access to new ranges and priority fulfilment; do NOT spend discount here - they already buy at the best margins.,Relative label: top recency and value quintiles within this 795-customer panel.,5,5,5,15,2,1392,Bryan Mills,0,2011,20110310
BRYAN_SPRUELL,Home Office,LATAM,France,2011-03-01,2014-12-22,30,17252.0658,2783.2074,575.06886,16.132603667672075,2011-03,1,48.0,1,21,Loyal Customers,Grow basket size. Consistent buyers with room to move up. Cross-sell adjacent sub-categories and bundle the low-margin items they already buy.,Relative label: upper-middle recency and value within this panel.,4,2,4,10,9,1401,Bryan Spruell,0,2011,20110301
CANDACE_MCMAHON,Corporate,EU,United States,2011-03-14,2014-11-21,28,14794.6744,-2798.7906,528.3812285714286,-18.917554549223468,2011-03,1,49.92592592592592,2,23,Lost Customers,Reactivate cheaply or release. Longest dormancy in the panel. Use low-cost channels only; do not fund deep discounts to chase them.,"Relative label, and the most easily misread. Dormancy runs 36-428 days with a median near 49 - only 1 customer in the whole panel exceeds 180 days. These customers are not lost in any real sense; they are simply the least recent quintile.",1,1,3,5,40,1388,Candace McMahon,1,2011,20110314
CARI_MACINTYRE,Corporate,EU,China,2011-07-08,2014-12-25,37,21606.226,2484.686,583.952054054054,11.499861197415964,2011-07,1,35.166666666666664,3,24,Champions,Protect. Highest value and most recently active. Give early access to new ranges and priority fulfilment; do NOT spend discount here - they already buy at the best margins.,Relative label: top recency and value quintiles within this 795-customer panel.,4,4,5,13,6,1272,Cari MacIntyre,0,2011,20110708
CARI_SAYRE,Corporate,APAC,United States,2011-01-13,2014-12-16,34,22064.3646,2915.3282,648.9519,13.212835505809217,2011-01,1,43.42424242424242,4,26,Loyal Customers,Grow basket size. Consistent buyers with room to move up. Cross-sell adjacent sub-categories and bundle the low-margin items they already buy.,Relative label: upper-middle recency and value within this panel.,3,4,5,12,15,1448,Cari Sayre,0,2011,20110113
CARI_SCHNELLING,Consumer,LATAM,United States,2011-03-03,2014-11-11,30,12174.59882,1319.89432,405.81996066666665,10.841378344489875,2011-03,1,46.51724137931034,0,21,Lost Customers,Reactivate cheaply or release. Longest dormancy in the panel. Use low-cost channels only; do not fund deep discounts to chase them.,"Relative label, and the most easily misread. Dormancy runs 36-428 days with a median near 49 - only 1 customer in the whole panel exceeds 180 days. These customers are not lost in any real sense; they are simply the least recent quintile.",1,2,2,5,50,1399,Cari Schnelling,0,2011,20110303
CARLOS_DALY,Consumer,EU,France,2011-03-12,2014-12-29,31,20117.9664,5028.9094,648.9666580645162,24.99710606932915,2011-03,1,46.266666666666666,3,27,Champions,Protect. Highest value and most recently active. Give early access to new ranges and priority fulfilment; do NOT spend discount here - they already buy at the best margins.,Relative label: top recency and value quintiles within this 795-customer panel.,5,3,5,13,2,1390,Carlos Daly,0,2011,20110312
CARLOS_MEADOR,Consumer,APAC,Nigeria,2011-02-23,2014-11-25,25,10148.3064,2206.362,405.932256,21.74118432214463,2011-02,1,57.125,0,18,At Risk,"Reactivate now. Previously valuable, engagement slipping. Time-boxed win-back offer plus a service check - review whether returns or late shipments preceded the drop-off.","Relative label. Median dormancy is only ~28 days; this is the second-lowest recency quintile of a highly active panel, NOT evidence of churn.",2,1,1,4,36,1407,Carlos Meador,0,2011,20110223
CARLOS_SOLTERO,Consumer,US,United States,2011-02-24,2014-12-06,36,14937.04334,-1000.0759599999998,414.9178705555556,-6.695273872051306,2011-02,1,39.457142857142856,4,31,At Risk,"Reactivate now. Previously valuable, engagement slipping. Time-boxed win-back offer plus a service check - review whether returns or late shipments preceded the drop-off.","Relative label. Median dormancy is only ~28 days; this is the second-lowest recency quintile of a highly active panel, NOT evidence of churn.",2,4,3,9,25,1406,Carlos Soltero,1,2011,20110224
CARL_JACKSON,Corporate,APAC,Australia,2011-09-12,2014-12-18,29,13970.26496,1957.42696,481.7332744827586,14.011380353948566,2011-09,1,42.60714285714285,2,23,Potential Loyalists,Convert to loyal. Recently active but spending below their cohort. Targeted category offers and a second-order incentive are justified here.,Relative label: recent but below-panel-average value. Not 'new' - see New Customers.,3,2,3,8,13,1206,Carl Jackson,0,2011,20110912
CARL_LUDWIG,Consumer,LATAM,United States,2011-01-22,2014-12-18,40,18183.15636,-164.2629400000007,454.578909,-0.903379681436126,2011-01,1,36.56410256410256,2,31,Loyal Customers,Grow basket size. Consistent buyers with room to move up. Cross-sell adjacent sub-categories and bundle the low-margin items they already buy.,Relative label: upper-middle recency and value within this panel.,3,5,4,12,13,1439,Carl Ludwig,1,2011,20110122
CARL_WEISS,Home Office,EU,United States,2011-06-09,2014-12-23,29,14353.9416,3007.3994,494.96350344827584,20.95173217090419,2011-06,1,46.17857142857143,1,25,Potential Loyalists,Convert to loyal. Recently active but spending below their cohort. Targeted category offers and a second-order incentive are justified here.,Relative label: recent but below-panel-average value. Not 'new' - see New Customers.,4,2,3,9,8,1301,Carl Weiss,0,2011,20110609
CAROLINE_JUMPER,Consumer,LATAM,United States,2011-06-02,2014-11-28,29,19579.5646,2417.592,675.1573999999999,12.347526869928457,2011-06,1,45.535714285714285,0,26,At Risk,"Reactivate now. Previously valuable, engagement slipping. Time-boxed win-back offer plus a service check - review whether returns or late shipments preceded the drop-off.","Relative label. Median dormancy is only ~28 days; this is the second-lowest recency quintile of a highly active panel, NOT evidence of churn.",2,2,4,8,33,1308,Caroline Jumper,0,2011,20110602
CAROL_ADAMS,Corporate,EU,United States,2011-01-27,2014-12-13,34,23993.6624,3279.0812999999994,705.6959529411765,13.666447603263766,2011-01,1,42.90909090909091,2,26,Loyal Customers,Grow basket size. Consistent buyers with room to move up. Cross-sell adjacent sub-categories and bundle the low-margin items they already buy.,Relative label: upper-middle recency and value within this panel.,3,4,5,12,18,1434,Carol Adams,0,2011,20110127
CAROL_DARLEY,Consumer,EU,Australia,2011-03-22,2014-12-30,30,13228.39046,1880.35726,440.94634866666667,14.214558193499228,2011-03,1,47.55172413793103,2,23,Potential Loyalists,Convert to loyal. Recently active but spending below their cohort. Targeted category offers and a second-order incentive are justified here.,Relative label: recent but below-panel-average value. Not 'new' - see New Customers.,5,2,2,9,1,1380,Carol Darley,0,2011,20110322
CAROL_TRIGGS,Consumer,EU,United States,2011-04-29,2014-12-03,29,14138.57504,2437.80334,487.5370703448276,17.24221382355092,2011-04,1,46.92857142857143,1,27,At Risk,"Reactivate now. Previously valuable, engagement slipping. Time-boxed win-back offer plus a service check - review whether returns or late shipments preceded the drop-off.","Relative label. Median dormancy is only ~28 days; this is the second-lowest recency quintile of a highly active panel, NOT evidence of churn.",2,2,3,7,28,1342,Carol Triggs,0,2011,20110429
CASSANDRA_BRANDOW,Consumer,US,United States,2011-03-21,2014-12-22,30,13526.2086,208.82849999999945,450.87362,1.5438805224399648,2011-03,1,47.310344827586206,0,25,Potential Loyalists,Convert to loyal. Recently active but spending below their cohort. Targeted category offers and a second-order incentive are justified here.,Relative label: recent but below-panel-average value. Not 'new' - see New Customers.,4,2,2,8,9,1381,Cassandra Brandow,0,2011,20110321
CATHERINE_GLOTZBACH,Home Office,APAC,United States,2011-07-15,2014-12-10,24,4115.2080000000005,-246.8394,171.467,-5.998224148086803,2011-07,1,54.08695652173913,0,19,Potential Loyalists,Convert to loyal. Recently active but spending below their cohort. Targeted category offers and a second-order incentive are justified here.,Relative label: recent but below-panel-average value. Not 'new' - see New Customers.,3,1,1,5,21,1265,Catherine Glotzbach,1,2011,20110715
CATHY_ARMSTRONG,Home Office,EU,United States,2011-03-21,2014-12-18,25,12292.758,1869.7699,491.71032,15.210336850363444,2011-03,1,57.0,1,22,Potential Loyalists,Convert to loyal. Recently active but spending below their cohort. Targeted category offers and a second-order incentive are justified here.,Relative label: recent but below-panel-average value. Not 'new' - see New Customers.,3,1,2,6,13,1381,Cathy Armstrong,0,2011,20110321
CATHY_HWANG,Home Office,EU,France,2011-04-12,2014-10-03,29,15668.17456,2671.50966,540.2818813793103,17.0505482292763,2011-04,1,45.35714285714285,2,21,Lost Customers,Reactivate cheaply or release. Longest dormancy in the panel. Use low-cost channels only; do not fund deep discounts to chase them.,"Relative label, and the most easily misread. Dormancy runs 36-428 days with a median near 49 - only 1 customer in the whole panel exceeds 180 days. These customers are not lost in any real sense; they are simply the least recent quintile.",1,2,3,6,89,1359,Cathy Hwang,0,2011,20110412
CATHY_PRESCOTT,Corporate,US,United States,2011-06-27,2014-10-23,33,19769.5819,1750.5737,599.0782393939393,8.85488478641018,2011-06,1,37.9375,2,23,Lost Customers,Reactivate cheaply or release. Longest dormancy in the panel. Use low-cost channels only; do not fund deep discounts to chase them.,"Relative label, and the most easily misread. Dormancy runs 36-428 days with a median near 49 - only 1 customer in the whole panel exceeds 180 days. These customers are not lost in any real sense; they are simply the least recent quintile.",1,3,4,8,69,1283,Cathy Prescott,0,2011,20110627
CHAD_CUNNINGHAM,Home Office,LATAM,United States,2011-11-15,2014-11-10,30,12520.17124,2622.62744,417.3390413333333,20.947217012664435,2011-11,1,37.62068965517241,2,25,Lost Customers,Reactivate cheaply or release. Longest dormancy in the panel. Use low-cost channels only; do not fund deep discounts to chase them.,"Relative label, and the most easily misread. Dormancy runs 36-428 days with a median near 49 - only 1 customer in the whole panel exceeds 180 days. These customers are not lost in any real sense; they are simply the least recent quintile.",1,2,2,5,51,1142,Chad Cunningham,0,2011,20111115
CHAD_MCGUIRE,Consumer,APAC,United States,2011-02-10,2014-12-23,23,16565.3193,2442.3472,720.2312739130434,14.743737538460852,2011-02,1,64.18181818181819,1,20,Potential Loyalists,Convert to loyal. Recently active but spending below their cohort. Targeted category offers and a second-order incentive are justified here.,Relative label: recent but below-panel-average value. Not 'new' - see New Customers.,4,1,4,9,8,1420,Chad McGuire,0,2011,20110210
CHAD_SIEVERT,Consumer,APAC,United States,2011-03-18,2014-12-20,26,12348.499,-4.067100000000039,474.9422692307692,-0.0329359867948326,2011-03,1,54.92,1,22,Potential Loyalists,Convert to loyal. Recently active but spending below their cohort. Targeted category offers and a second-order incentive are justified here.,Relative label: recent but below-panel-average value. Not 'new' - see New Customers.,4,1,2,7,11,1384,Chad Sievert,1,2011,20110318
CHARLES_CRESTANI,Consumer,APAC,United States,2011-06-17,2014-10-10,30,13348.8466,1307.7990999999995,444.96155333333337,9.797094379674718,2011-06,1,41.75862068965517,1,24,Lost Customers,Reactivate cheaply or release. Longest dormancy in the panel. Use low-cost channels only; do not fund deep discounts to chase them.,"Relative label, and the most easily misread. Dormancy runs 36-428 days with a median near 49 - only 1 customer in the whole panel exceeds 180 days. These customers are not lost in any real sense; they are simply the least recent quintile.",1,2,2,5,82,1293,Charles Crestani,0,2011,20110617
CHARLES_MCCROSSIN,Consumer,APAC,United States,2011-01-31,2014-12-05,31,20155.95942,746.6868199999997,650.1922393548386,3.704546156503424,2011-01,1,46.8,0,26,At Risk,"Reactivate now. Previously valuable, engagement slipping. Time-boxed win-back offer plus a service check - review whether returns or late shipments preceded the drop-off.","Relative label. Median dormancy is only ~28 days; this is the second-lowest recency quintile of a highly active panel, NOT evidence of churn.",2,3,5,10,26,1430,Charles McCrossin,0,2011,20110131
CHARLES_SHELDON,Corporate,APAC,Australia,2011-01-18,2014-11-04,34,20046.1943,4328.5768,589.59395,21.59301030021444,2011-01,1,42.0,3,29,Lost Customers,Reactivate cheaply or release. Longest dormancy in the panel. Use low-cost channels only; do not fund deep discounts to chase them.,"Relative label, and the most easily misread. Dormancy runs 36-428 days with a median near 49 - only 1 customer in the whole panel exceeds 180 days. These customers are not lost in any real sense; they are simply the least recent quintile.",1,4,5,10,57,1443,Charles Sheldon,0,2011,20110118
CHARLOTTE_MELTON,Consumer,LATAM,United States,2011-06-06,2014-12-31,29,12826.54222,117.79152000000012,442.2945593103448,0.9183419660548248,2011-06,1,46.57142857142857,2,25,Potential Loyalists,Convert to loyal. Recently active but spending below their cohort. Targeted category offers and a second-order incentive are justified here.,Relative label: recent but below-panel-average value. Not 'new' - see New Customers.,5,2,2,9,0,1304,Charlotte Melton,0,2011,20110606
CHLORIS_KASTENSMIDT,Consumer,US,United States,2011-03-11,2014-12-27,43,14575.90484,965.8129399999998,338.9745311627907,6.626092517766463,2011-03,1,33.023809523809526,2,38,Champions,Protect. Highest value and most recently active. Give early access to new ranges and priority fulfilment; do NOT spend discount here - they already buy at the best margins.,Relative label: top recency and value quintiles within this 795-customer panel.,5,5,3,13,4,1391,Chloris Kastensmidt,0,2011,20110311
CHRISTINA_ANDERSON,Consumer,APAC,United States,2011-01-26,2014-11-27,38,21837.3069,3662.118,574.6659710526316,16.770007477433037,2011-01,1,37.86486486486486,1,31,At Risk,"Reactivate now. Previously valuable, engagement slipping. Time-boxed win-back offer plus a service check - review whether returns or late shipments preceded the drop-off.","Relative label. Median dormancy is only ~28 days; this is the second-lowest recency quintile of a highly active panel, NOT evidence of churn.",2,5,5,12,34,1435,Christina Anderson,0,2011,20110126
CHRISTINA_DEMOSS,Consumer,LATAM,Brazil,2011-06-27,2014-12-19,31,17984.58838,2591.78178,580.1480122580646,14.411126489179065,2011-06,1,42.36666666666667,0,24,Loyal Customers,Grow basket size. Consistent buyers with room to move up. Cross-sell adjacent sub-categories and bundle the low-margin items they already buy.,Relative label: upper-middle recency and value within this panel.,4,3,4,11,12,1283,Christina DeMoss,0,2011,20110627
CHRISTINA_VANDERZANDEN,Consumer,LATAM,United States,2011-03-28,2014-11-22,29,10325.50918,605.33728,356.0520406896552,5.86254168629774,2011-03,1,47.67857142857143,2,20,Lost Customers,Reactivate cheaply or release. Longest dormancy in the panel. Use low-cost channels only; do not fund deep discounts to chase them.,"Relative label, and the most easily misread. Dormancy runs 36-428 days with a median near 49 - only 1 customer in the whole panel exceeds 180 days. These customers are not lost in any real sense; they are simply the least recent quintile.",1,2,1,4,39,1374,Christina VanderZanden,0,2011,20110328
CHRISTINE_ABELMAN,Corporate,EU,France,2011-03-23,2014-12-18,26,7802.29086,867.15866,300.08811000000003,11.114154490774778,2011-03,1,54.64,1,21,Potential Loyalists,Convert to loyal. Recently active but spending below their cohort. Targeted category offers and a second-order incentive are justified here.,Relative label: recent but below-panel-average value. Not 'new' - see New Customers.,3,1,1,5,13,1379,Christine Abelman,0,2011,20110323
CHRISTINE_KARGATIS,Home Office,LATAM,United States,2011-03-14,2014-12-31,35,13053.19332,1380.71322,372.9483805714286,10.577589607015794,2011-03,1,40.8235294117647,2,27,Loyal Customers,Grow basket size. Consistent buyers with room to move up. Cross-sell adjacent sub-categories and bundle the low-margin items they already buy.,Relative label: upper-middle recency and value within this panel.,5,4,2,11,0,1388,Christine Kargatis,0,2011,20110314
CHRISTINE_PHAN,Corporate,LATAM,United States,2011-01-24,2014-12-23,34,25154.11928,1748.28138,739.8270376470588,6.950278642393398,2011-01,1,43.30303030303031,2,30,Champions,Protect. Highest value and most recently active. Give early access to new ranges and priority fulfilment; do NOT spend discount here - they already buy at the best margins.,Relative label: top recency and value quintiles within this 795-customer panel.,4,4,5,13,8,1437,Christine Phan,0,2011,20110124
CHRISTINE_SUNDARESAM,Consumer,LATAM,United States,2011-04-02,2014-12-25,40,10548.057,-1.1517999999999091,263.701425,-0.0109195466046486,2011-04,1,34.94871794871795,1,31,Loyal Customers,Grow basket size. Consistent buyers with room to move up. Cross-sell adjacent sub-categories and bundle the low-margin items they already buy.,Relative label: upper-middle recency and value within this panel.,4,5,1,10,6,1369,Christine Sundaresam,1,2011,20110402
CHRISTOPHER_CONANT,Consumer,APAC,United States,2011-02-04,2014-12-25,39,35187.0764,5603.333699999999,902.2327282051282,15.92440825802737,2011-02,1,37.36842105263158,2,30,Champions,Protect. Highest value and most recently active. Give early access to new ranges and priority fulfilment; do NOT spend discount here - they already buy at the best margins.,Relative label: top recency and value quintiles within this 795-customer panel.,4,5,5,14,6,1426,Christopher Conant,0,2011,20110204
CHRISTOPHER_MARTINEZ,Consumer,APAC,Australia,2011-01-08,2014-11-24,29,22463.58392,3010.03432,774.6063420689655,13.39961749077838,2011-01,1,50.57142857142857,2,25,Lost Customers,Reactivate cheaply or release. Longest dormancy in the panel. Use low-cost channels only; do not fund deep discounts to chase them.,"Relative label, and the most easily misread. Dormancy runs 36-428 days with a median near 49 - only 1 customer in the whole panel exceeds 180 days. These customers are not lost in any real sense; they are simply the least recent quintile.",1,2,5,8,37,1453,Christopher Martinez,0,2011,20110108
CHRISTOPHER_SCHILD,Home Office,US,United States,2011-06-24,2014-12-30,28,12514.53436,2080.04256,446.9476557142857,16.62101441543367,2011-06,1,47.5925925925926,2,23,Potential Loyalists,Convert to loyal. Recently active but spending below their cohort. Targeted category offers and a second-order incentive are justified here.,Relative label: recent but below-panel-average value. Not 'new' - see New Customers.,5,1,2,8,1,1286,Christopher Schild,0,2011,20110624
CHRISTY_BRITTAIN,Consumer,LATAM,United States,2011-02-24,2014-12-05,27,13938.11536,2087.08366,516.2264948148148,14.97393016267875,2011-02,1,53.07692307692308,1,23,At Risk,"Reactivate now. Previously valuable, engagement slipping. Time-boxed win-back offer plus a service check - review whether returns or late shipments preceded the drop-off.","Relative label. Median dormancy is only ~28 days; this is the second-lowest recency quintile of a highly active panel, NOT evidence of churn.",2,1,2,5,26,1406,Christy Brittain,0,2011,20110224
CHRIS_CORTES,Consumer,US,United States,2011-03-03,2014-12-11,44,11482.9148,2505.8886,260.9753363636364,21.822757058164363,2011-03,1,32.06976744186046,2,32,Loyal Customers,Grow basket size. Consistent buyers with room to move up. Cross-sell adjacent sub-categories and bundle the low-margin items they already buy.,Relative label: upper-middle recency and value within this panel.,3,5,1,9,20,1399,Chris Cortes,0,2011,20110303
CHRIS_MCAFEE,Consumer,APAC,United States,2011-01-03,2014-11-19,27,11620.621,1887.6977,430.3933703703704,16.244378850321336,2011-01,1,54.46153846153846,2,22,Lost Customers,Reactivate cheaply or release. Longest dormancy in the panel. Use low-cost channels only; do not fund deep discounts to chase them.,"Relative label, and the most easily misread. Dormancy runs 36-428 days with a median near 49 - only 1 customer in the whole panel exceeds 180 days. These customers are not lost in any real sense; they are simply the least recent quintile.",1,1,2,4,42,1458,Chris McAfee,0,2011,20110103
CHRIS_SELESNICK,Corporate,US,United States,2011-01-14,2014-12-29,34,14413.7293,2602.5059,423.9332147058824,18.055742867323037,2011-01,1,43.78787878787879,0,30,Loyal Customers,Grow basket size. Consistent buyers with room to move up. Cross-sell adjacent sub-categories and bundle the low-margin items they already buy.,Relative label: upper-middle recency and value within this panel.,5,4,3,12,2,1447,Chris Selesnick,0,2011,20110114
CHUCK_CLARK,Home Office,US,United States,2011-01-24,2014-12-31,31,15039.16256,2940.5108599999994,485.1342761290323,19.55235770787492,2011-01,1,47.9,3,29,Loyal Customers,Grow basket size. Consistent buyers with room to move up. Cross-sell adjacent sub-categories and bundle the low-margin items they already buy.,Relative label: upper-middle recency and value within this panel.,5,3,3,11,0,1437,Chuck Clark,0,2011,20110124
CHUCK_MAGEE,Consumer,LATAM,Mexico,2011-04-25,2014-12-16,29,13713.28608,1476.6556799999998,472.8719337931034,10.768065884322308,2011-04,1,47.535714285714285,1,25,Potential Loyalists,Convert to loyal. Recently active but spending below their cohort. Targeted category offers and a second-order incentive are justified here.,Relative label: recent but below-panel-average value. Not 'new' - see New Customers.,3,2,2,7,15,1346,Chuck Magee,0,2011,20110425
CHUCK_SACHS,Consumer,APAC,Germany,2011-01-11,2014-12-25,31,22755.44428,2943.10958,734.0465896774193,12.933650267539404,2011-01,1,48.13333333333333,2,23,Champions,Protect. Highest value and most recently active. Give early access to new ranges and priority fulfilment; do NOT spend discount here - they already buy at the best margins.,Relative label: top recency and value quintiles within this 795-customer panel.,4,3,5,12,6,1450,Chuck Sachs,0,2011,20110111
CINDY_CHAPMAN,Consumer,APAC,United States,2011-05-03,2014-12-15,37,20869.68146,4034.85446,564.0454448648649,19.333569933654367,2011-05,1,36.72222222222222,2,30,Loyal Customers,Grow basket size. Consistent buyers with room to move up. Cross-sell adjacent sub-categories and bundle the low-margin items they already buy.,Relative label: upper-middle recency and value within this panel.,3,4,5,12,16,1338,Cindy Chapman,0,2011,20110503
CINDY_SCHNELLING,Corporate,LATAM,Mexico,2011-04-09,2014-12-29,33,12774.6265,188.87189999999987,387.10989393939394,1.4784925414453398,2011-04,1,42.5,1,30,Potential Loyalists,Convert to loyal. Recently active but spending below their cohort. Targeted category offers and a second-order incentive are justified here.,Relative label: recent but below-panel-average value. Not 'new' - see New Customers.,5,3,2,10,2,1362,Cindy Schnelling,0,2011,20110409
CINDY_STEWART,Consumer,LATAM,United States,2011-03-26,2014-12-04,23,13429.746400000002,-6151.558100000001,583.9020173913044,-45.80546733183287,2011-03,1,61.31818181818182,1,16,At Risk,"Reactivate now. Previously valuable, engagement slipping. Time-boxed win-back offer plus a service check - review whether returns or late shipments preceded the drop-off.","Relative label. Median dormancy is only ~28 days; this is the second-lowest recency quintile of a highly active panel, NOT evidence of churn.",2,1,2,5,27,1376,Cindy Stewart,1,2011,20110326
CLAIRE_GUTE,Consumer,APAC,United Kingdom,2011-07-06,2014-12-03,25,14661.67402,2566.57842,586.4669608,17.505357277067603,2011-07,1,51.91666666666666,0,18,At Risk,"Reactivate now. Previously valuable, engagement slipping. Time-boxed win-back offer plus a service check - review whether returns or late shipments preceded the drop-off.","Relative label. Median dormancy is only ~28 days; this is the second-lowest recency quintile of a highly active panel, NOT evidence of churn.",2,1,3,6,28,1274,Claire Gute,0,2011,20110706
CLAUDIA_BERGMANN,Corporate,EU,United States,2011-01-22,2014-12-24,29,18255.79284,2167.2174399999994,629.5100979310345,11.87139588509923,2011-01,1,51.142857142857146,2,27,Loyal Customers,Grow basket size. Consistent buyers with room to move up. Cross-sell adjacent sub-categories and bundle the low-margin items they already buy.,Relative label: upper-middle recency and value within this panel.,4,2,4,10,7,1439,Claudia Bergmann,0,2011,20110122
CLAY_CHEATHAM,Consumer,EU,Australia,2011-03-17,2014-12-04,30,9342.05034,1524.54894,311.401678,16.319211356337007,2011-03,1,46.82758620689656,3,25,At Risk,"Reactivate now. Previously valuable, engagement slipping. Time-boxed win-back offer plus a service check - review whether returns or late shipments preceded the drop-off.","Relative label. Median dormancy is only ~28 days; this is the second-lowest recency quintile of a highly active panel, NOT evidence of churn.",2,2,1,5,27,1385,Clay Cheatham,0,2011,20110317
CLAY_LUDTKE,Consumer,US,United States,2011-02-09,2014-12-26,36,19783.77188,1323.42898,549.5492188888888,6.689467448509621,2011-02,1,40.457142857142856,2,30,Champions,Protect. Highest value and most recently active. Give early access to new ranges and priority fulfilment; do NOT spend discount here - they already buy at the best margins.,Relative label: top recency and value quintiles within this 795-customer panel.,5,4,4,13,5,1421,Clay Ludtke,0,2011,20110209
CLAY_ROZENDAL,Home Office,APAC,United States,2011-08-12,2014-12-09,25,11757.5765,1945.9958,470.30306,16.550994161084134,2011-08,1,50.625,0,20,At Risk,"Reactivate now. Previously valuable, engagement slipping. Time-boxed win-back offer plus a service check - review whether returns or late shipments preceded the drop-off.","Relative label. Median dormancy is only ~28 days; this is the second-lowest recency quintile of a highly active panel, NOT evidence of churn.",2,1,2,5,22,1237,Clay Rozendal,0,2011,20110812
CLYTIE_KELTY,Consumer,US,United States,2011-07-29,2014-11-18,36,17143.14618,2373.63598,476.198505,13.845976433247682,2011-07,1,34.51428571428571,2,33,Lost Customers,Reactivate cheaply or release. Longest dormancy in the panel. Use low-cost channels only; do not fund deep discounts to chase them.,"Relative label, and the most easily misread. Dormancy runs 36-428 days with a median near 49 - only 1 customer in the whole panel exceeds 180 days. These customers are not lost in any real sense; they are simply the least recent quintile.",1,4,4,9,43,1251,Clytie Kelty,0,2011,20110729
COREY_CATLETT,Corporate,APAC,United States,2011-07-16,2014-12-15,32,17605.028,3003.011,550.157125,17.057689428270155,2011-07,1,40.25806451612903,2,29,Loyal Customers,Grow basket size. Consistent buyers with room to move up. Cross-sell adjacent sub-categories and bundle the low-margin items they already buy.,Relative label: upper-middle recency and value within this panel.,3,3,4,10,16,1264,Corey Catlett,0,2011,20110716
COREY_LOCK,Consumer,APAC,United States,2011-04-14,2014-12-27,30,13046.86776,1196.0399599999998,434.895592,9.16725747513823,2011-04,1,46.6551724137931,1,25,Potential Loyalists,Convert to loyal. Recently active but spending below their cohort. Targeted category offers and a second-order incentive are justified here.,Relative label: recent but below-panel-average value. Not 'new' - see New Customers.,5,2,2,9,4,1357,Corey-Lock,0,2011,20110414
COREY_ROPER,Home Office,APAC,Australia,2011-01-23,2014-11-18,37,22351.10268,2345.12208,604.0838562162162,10.49219858892438,2011-01,1,38.75,4,28,Lost Customers,Reactivate cheaply or release. Longest dormancy in the panel. Use low-cost channels only; do not fund deep discounts to chase them.,"Relative label, and the most easily misread. Dormancy runs 36-428 days with a median near 49 - only 1 customer in the whole panel exceeds 180 days. These customers are not lost in any real sense; they are simply the least recent quintile.",1,4,5,10,43,1438,Corey Roper,0,2011,20110123
CORINNA_MITCHELL,Home Office,EMEA,United States,2011-08-06,2014-12-04,30,15578.556680000002,-955.06242,519.2852226666668,-6.130621980058808,2011-08,1,41.93103448275862,0,18,At Risk,"Reactivate now. Previously valuable, engagement slipping. Time-boxed win-back offer plus a service check - review whether returns or late shipments preceded the drop-off.","Relative label. Median dormancy is only ~28 days; this is the second-lowest recency quintile of a highly active panel, NOT evidence of churn.",2,2,3,7,27,1243,Corinna Mitchell,1,2011,20110806
CRAIG_CARREIRA,Consumer,APAC,United States,2011-04-13,2014-12-15,34,11496.6099,-280.9817000000003,338.1355852941176,-2.444039612059902,2011-04,1,40.66666666666666,2,28,Potential Loyalists,Convert to loyal. Recently active but spending below their cohort. Targeted category offers and a second-order incentive are justified here.,Relative label: recent but below-panel-average value. Not 'new' - see New Customers.,3,4,1,8,16,1358,Craig Carreira,1,2011,20110413
CRAIG_CARROLL,Consumer,EU,United States,2011-03-22,2014-11-07,25,16817.9562,2249.8603,672.718248,13.377727193747832,2011-03,1,55.25,2,20,Lost Customers,Reactivate cheaply or release. Longest dormancy in the panel. Use low-cost channels only; do not fund deep discounts to chase them.,"Relative label, and the most easily misread. Dormancy runs 36-428 days with a median near 49 - only 1 customer in the whole panel exceeds 180 days. These customers are not lost in any real sense; they are simply the least recent quintile.",1,1,4,6,54,1380,Craig Carroll,0,2011,20110322
CRAIG_LESLIE,Home Office,APAC,United States,2011-01-15,2014-12-23,35,19376.0248,2670.3287,553.6007085714285,13.78161272791104,2011-01,1,42.294117647058826,0,31,Champions,Protect. Highest value and most recently active. Give early access to new ranges and priority fulfilment; do NOT spend discount here - they already buy at the best margins.,Relative label: top recency and value quintiles within this 795-customer panel.,4,4,4,12,8,1446,Craig Leslie,0,2011,20110115
CRAIG_MOLINARI,Corporate,EU,United States,2011-03-07,2014-11-20,26,11230.8429,1210.3412999999998,431.9554961538461,10.77694088303915,2011-03,1,54.16,0,19,Lost Customers,Reactivate cheaply or release. Longest dormancy in the panel. Use low-cost channels only; do not fund deep discounts to chase them.,"Relative label, and the most easily misread. Dormancy runs 36-428 days with a median near 49 - only 1 customer in the whole panel exceeds 180 days. These customers are not lost in any real sense; they are simply the least recent quintile.",1,1,1,3,41,1395,Craig Molinari,0,2011,20110307
CRAIG_REITER,Consumer,APAC,India,2011-07-15,2014-12-26,35,20847.539760000003,1435.4373599999997,595.6439931428572,6.885404112547425,2011-07,1,37.05882352941177,0,24,Champions,Protect. Highest value and most recently active. Give early access to new ranges and priority fulfilment; do NOT spend discount here - they already buy at the best margins.,Relative label: top recency and value quintiles within this 795-customer panel.,5,4,5,14,5,1265,Craig Reiter,0,2011,20110715
CRAIG_YEDWAB,Corporate,APAC,United States,2011-05-06,2014-11-01,35,14221.5023,1542.2429999999997,406.32863714285713,10.84444503447431,2011-05,1,37.5,3,31,Lost Customers,Reactivate cheaply or release. Longest dormancy in the panel. Use low-cost channels only; do not fund deep discounts to chase them.,"Relative label, and the most easily misread. Dormancy runs 36-428 days with a median near 49 - only 1 customer in the whole panel exceeds 180 days. These customers are not lost in any real sense; they are simply the least recent quintile.",1,4,3,8,60,1335,Craig Yedwab,0,2011,20110506
CYMA_KINNEY,Corporate,US,United States,2011-02-08,2014-11-24,38,10590.7544,525.3842999999998,278.7040631578947,4.960782585988396,2011-02,1,37.43243243243244,0,26,Lost Customers,Reactivate cheaply or release. Longest dormancy in the panel. Use low-cost channels only; do not fund deep discounts to chase them.,"Relative label, and the most easily misread. Dormancy runs 36-428 days with a median near 49 - only 1 customer in the whole panel exceeds 180 days. These customers are not lost in any real sense; they are simply the least recent quintile.",1,5,1,7,37,1422,Cyma Kinney,0,2011,20110208
CYNTHIA_ARNTZEN,Consumer,LATAM,United States,2011-06-07,2014-09-29,30,19836.361,3891.2645,661.2120333333334,19.616826392703786,2011-06,1,41.72413793103448,1,26,Lost Customers,Reactivate cheaply or release. Longest dormancy in the panel. Use low-cost channels only; do not fund deep discounts to chase them.,"Relative label, and the most easily misread. Dormancy runs 36-428 days with a median near 49 - only 1 customer in the whole panel exceeds 180 days. These customers are not lost in any real sense; they are simply the least recent quintile.",1,2,4,7,93,1303,Cynthia Arntzen,0,2011,20110607
CYNTHIA_DELANEY,Home Office,EU,France,2011-02-03,2014-10-16,32,14498.9025,2154.3027,453.090703125,14.85838462600876,2011-02,1,43.58064516129032,0,25,Lost Customers,Reactivate cheaply or release. Longest dormancy in the panel. Use low-cost channels only; do not fund deep discounts to chase them.,"Relative label, and the most easily misread. Dormancy runs 36-428 days with a median near 49 - only 1 customer in the whole panel exceeds 180 days. These customers are not lost in any real sense; they are simply the least recent quintile.",1,3,3,7,76,1427,Cynthia Delaney,0,2011,20110203
CYNTHIA_VOLTZ,Corporate,US,United States,2011-04-27,2014-12-27,27,14852.9826,1910.1065,550.1104666666668,12.86008710466004,2011-04,1,51.53846153846154,3,20,Potential Loyalists,Convert to loyal. Recently active but spending below their cohort. Targeted category offers and a second-order incentive are justified here.,Relative label: recent but below-panel-average value. Not 'new' - see New Customers.,5,1,3,9,4,1344,Cynthia Voltz,0,2011,20110427
CYRA_REITEN,Home Office,LATAM,Austria,2011-06-11,2014-11-06,32,15658.562560000002,3312.72046,489.33008000000007,21.155967843832528,2011-06,1,40.12903225806452,1,24,Lost Customers,Reactivate cheaply or release. Longest dormancy in the panel. Use low-cost channels only; do not fund deep discounts to chase them.,"Relative label, and the most easily misread. Dormancy runs 36-428 days with a median near 49 - only 1 customer in the whole panel exceeds 180 days. These customers are not lost in any real sense; they are simply the least recent quintile.",1,3,3,7,55,1299,Cyra Reiten,0,2011,20110611
DAMALA_KOTSONIS,Corporate,US,United States,2011-01-31,2014-12-10,43,20963.6977,2917.8505,487.5278534883721,13.918586986684126,2011-01,1,33.54761904761905,0,32,Loyal Customers,Grow basket size. Consistent buyers with room to move up. Cross-sell adjacent sub-categories and bundle the low-margin items they already buy.,Relative label: upper-middle recency and value within this panel.,3,5,5,13,21,1430,Damala Kotsonis,0,2011,20110131
DANA_KAYDOS,Consumer,LATAM,United States,2011-05-17,2014-11-16,28,19632.75916,1363.5627599999998,701.1699699999999,6.945344507552141,2011-05,1,47.37037037037037,1,22,Lost Customers,Reactivate cheaply or release. Longest dormancy in the panel. Use low-cost channels only; do not fund deep discounts to chase them.,"Relative label, and the most easily misread. Dormancy runs 36-428 days with a median near 49 - only 1 customer in the whole panel exceeds 180 days. These customers are not lost in any real sense; they are simply the least recent quintile.",1,1,4,6,45,1324,Dana Kaydos,0,2011,20110517
DANIEL_BYRD,Home Office,LATAM,United States,2011-04-07,2014-12-29,35,15389.4637,1656.9395,439.6989628571429,10.766713722454147,2011-04,1,40.05882352941177,0,27,Loyal Customers,Grow basket size. Consistent buyers with room to move up. Cross-sell adjacent sub-categories and bundle the low-margin items they already buy.,Relative label: upper-middle recency and value within this panel.,5,4,3,12,2,1364,Daniel Byrd,0,2011,20110407
DANIEL_LACY,Consumer,LATAM,United States,2011-02-18,2014-11-24,28,12196.6768,1108.44,435.5956,9.088049295526138,2011-02,1,50.92592592592592,0,21,Lost Customers,Reactivate cheaply or release. Longest dormancy in the panel. Use low-cost channels only; do not fund deep discounts to chase them.,"Relative label, and the most easily misread. Dormancy runs 36-428 days with a median near 49 - only 1 customer in the whole panel exceeds 180 days. These customers are not lost in any real sense; they are simply the least recent quintile.",1,1,2,4,37,1412,Daniel Lacy,0,2011,20110218
DANIEL_RAGLIN,Home Office,APAC,United States,2011-02-09,2014-12-04,41,27929.86492,6103.97292,681.2162175609756,21.8546453320978,2011-02,1,34.85,1,33,At Risk,"Reactivate now. Previously valuable, engagement slipping. Time-boxed win-back offer plus a service check - review whether returns or late shipments preceded the drop-off.","Relative label. Median dormancy is only ~28 days; this is the second-lowest recency quintile of a highly active panel, NOT evidence of churn.",2,5,5,12,27,1421,Daniel Raglin,0,2011,20110209
DAN_CAMPBELL,Consumer,LATAM,United States,2011-07-05,2014-11-27,38,13438.5095,-70.48979999999963,353.64498684210525,-0.5245358497532753,2011-07,1,33.54054054054054,2,29,At Risk,"Reactivate now. Previously valuable, engagement slipping. Time-boxed win-back offer plus a service check - review whether returns or late shipments preceded the drop-off.","Relative label. Median dormancy is only ~28 days; this is the second-lowest recency quintile of a highly active panel, NOT evidence of churn.",2,5,2,9,34,1275,Dan Campbell,1,2011,20110705
DAN_LAWERA,Consumer,EU,United States,2011-01-10,2014-11-04,41,12688.682100000002,426.0349999999996,309.48005121951223,3.3575985011083187,2011-01,1,34.85,2,34,Lost Customers,Reactivate cheaply or release. Longest dormancy in the panel. Use low-cost channels only; do not fund deep discounts to chase them.,"Relative label, and the most easily misread. Dormancy runs 36-428 days with a median near 49 - only 1 customer in the whole panel exceeds 180 days. These customers are not lost in any real sense; they are simply the least recent quintile.",1,5,2,8,57,1451,Dan Lawera,0,2011,20110110
DAN_REICHENBACH,Corporate,LATAM,United States,2011-04-18,2014-12-28,40,16706.8013,1984.3986,417.6700325,11.877788957722268,2011-04,1,34.61538461538461,3,32,Champions,Protect. Highest value and most recently active. Give early access to new ranges and priority fulfilment; do NOT spend discount here - they already buy at the best margins.,Relative label: top recency and value quintiles within this 795-customer panel.,5,5,4,14,3,1353,Dan Reichenbach,0,2011,20110418
DARIO_MEDINA,Corporate,EU,United States,2011-07-11,2014-12-19,41,22299.98292,2306.92722,543.9020224390243,10.34497303552195,2011-07,1,31.425,2,32,Champions,Protect. Highest value and most recently active. Give early access to new ranges and priority fulfilment; do NOT spend discount here - they already buy at the best margins.,Relative label: top recency and value quintiles within this 795-customer panel.,4,5,5,14,12,1269,Dario Medina,0,2011,20110711
DARREN_BUDD,Corporate,US,United States,2011-03-14,2014-11-04,15,9679.2392,586.9648999999994,645.2826133333333,6.064163596659532,2011-03,1,95.07142857142856,1,11,Lost Customers,Reactivate cheaply or release. Longest dormancy in the panel. Use low-cost channels only; do not fund deep discounts to chase them.,"Relative label, and the most easily misread. Dormancy runs 36-428 days with a median near 49 - only 1 customer in the whole panel exceeds 180 days. These customers are not lost in any real sense; they are simply the least recent quintile.",1,1,1,3,57,1388,Darren Budd,0,2011,20110314
DARREN_KOUTRAS,Consumer,APAC,United States,2011-01-20,2014-12-30,36,14905.4005,1287.9167000000002,414.03890277777776,8.640604457424677,2011-01,1,41.142857142857146,0,35,Loyal Customers,Grow basket size. Consistent buyers with room to move up. Cross-sell adjacent sub-categories and bundle the low-margin items they already buy.,Relative label: upper-middle recency and value within this panel.,5,4,3,12,1,1441,Darren Koutras,0,2011,20110120
DARREN_POWERS,Consumer,EU,United States,2011-01-04,2014-12-17,41,15976.372399999998,-517.4511999999997,389.6676195121951,-3.238852895041429,2011-01,1,36.075,1,31,Loyal Customers,Grow basket size. Consistent buyers with room to move up. Cross-sell adjacent sub-categories and bundle the low-margin items they already buy.,Relative label: upper-middle recency and value within this panel.,3,5,3,11,14,1457,Darren Powers,1,2011,20110104
DARRIN_MARTIN,Consumer,APAC,United States,2011-03-04,2014-12-29,36,17732.3218,1991.7519,492.5644944444445,11.23232435359931,2011-03,1,39.885714285714286,2,30,Champions,Protect. Highest value and most recently active. Give early access to new ranges and priority fulfilment; do NOT spend discount here - they already buy at the best margins.,Relative label: top recency and value quintiles within this 795-customer panel.,5,4,4,13,2,1398,Darrin Martin,0,2011,20110304
DARRIN_SAYRE,Home Office,LATAM,Brazil,2011-04-19,2014-11-13,32,13280.8085,1487.6673999999998,415.025265625,11.201632792160206,2011-04,1,42.064516129032256,1,26,Lost Customers,Reactivate cheaply or release. Longest dormancy in the panel. Use low-cost channels only; do not fund deep discounts to chase them.,"Relative label, and the most easily misread. Dormancy runs 36-428 days with a median near 49 - only 1 customer in the whole panel exceeds 180 days. These customers are not lost in any real sense; they are simply the least recent quintile.",1,3,2,6,48,1352,Darrin Sayre,0,2011,20110419
DARRIN_VAN_HUFF,Corporate,EMEA,United States,2011-01-21,2014-12-12,37,22746.33192,616.3249199999998,614.7657275675676,2.7095574010246826,2011-01,1,39.47222222222222,2,24,Loyal Customers,Grow basket size. Consistent buyers with room to move up. Cross-sell adjacent sub-categories and bundle the low-margin items they already buy.,Relative label: upper-middle recency and value within this panel.,3,4,5,12,19,1440,Darrin Van Huff,0,2011,20110121
DAVE_BROOKS,Consumer,EU,United States,2011-03-01,2014-12-23,34,25547.16966,3652.36086,751.3873429411765,14.296538162967678,2011-03,1,42.21212121212121,3,26,Champions,Protect. Highest value and most recently active. Give early access to new ranges and priority fulfilment; do NOT spend discount here - they already buy at the best margins.,Relative label: top recency and value quintiles within this 795-customer panel.,4,4,5,13,8,1401,Dave Brooks,0,2011,20110301
DAVE_HALLSTEN,Corporate,LATAM,United States,2011-02-01,2014-10-17,35,16192.3601,1681.8684999999998,462.63886,10.386802724329232,2011-02,1,39.8235294117647,3,25,Lost Customers,Reactivate cheaply or release. Longest dormancy in the panel. Use low-cost channels only; do not fund deep discounts to chase them.,"Relative label, and the most easily misread. Dormancy runs 36-428 days with a median near 49 - only 1 customer in the whole panel exceeds 180 days. These customers are not lost in any real sense; they are simply the least recent quintile.",1,4,3,8,75,1429,Dave Hallsten,0,2011,20110201
DAVE_KIPP,Consumer,APAC,United States,2011-03-15,2014-12-23,39,19452.4072,4080.5637,498.77967179487183,20.977165746355546,2011-03,1,36.28947368421053,2,36,Champions,Protect. Highest value and most recently active. Give early access to new ranges and priority fulfilment; do NOT spend discount here - they already buy at the best margins.,Relative label: top recency and value quintiles within this 795-customer panel.,4,5,4,13,8,1387,Dave Kipp,0,2011,20110315
DAVE_POIRIER,Corporate,LATAM,United States,2011-01-07,2014-12-25,31,25900.7482,4600.132300000001,835.5080064516128,17.76061550221936,2011-01,1,48.266666666666666,0,25,Champions,Protect. Highest value and most recently active. Give early access to new ranges and priority fulfilment; do NOT spend discount here - they already buy at the best margins.,Relative label: top recency and value quintiles within this 795-customer panel.,4,3,5,12,6,1454,Dave Poirier,0,2011,20110107
DAVID_BREMER,Corporate,US,United States,2011-09-30,2014-12-26,20,6273.82662,-2270.69658,313.691331,-36.19316754405304,2011-09,1,62.26315789473684,1,16,Potential Loyalists,Convert to loyal. Recently active but spending below their cohort. Targeted category offers and a second-order incentive are justified here.,Relative label: recent but below-panel-average value. Not 'new' - see New Customers.,5,1,1,7,5,1188,David Bremer,1,2011,20110930
DAVID_FLASHING,Consumer,APAC,Indonesia,2011-01-11,2014-12-22,22,11542.0359,363.0722000000001,524.6379954545454,3.1456512797711897,2011-01,1,68.61904761904762,0,18,Potential Loyalists,Convert to loyal. Recently active but spending below their cohort. Targeted category offers and a second-order incentive are justified here.,Relative label: recent but below-panel-average value. Not 'new' - see New Customers.,4,1,1,6,9,1450,David Flashing,0,2011,20110111
DAVID_KENDRICK,Corporate,EMEA,Turkey,2011-02-01,2014-12-21,36,17561.585,2179.1377,487.8218055555556,12.408547975595596,2011-02,1,40.54285714285714,2,22,Champions,Protect. Highest value and most recently active. Give early access to new ranges and priority fulfilment; do NOT spend discount here - they already buy at the best margins.,Relative label: top recency and value quintiles within this 795-customer panel.,4,4,4,12,10,1429,David Kendrick,0,2011,20110201
DAVID_PHILIPPE,Consumer,EU,Germany,2011-01-30,2014-12-24,31,23729.23412,834.5305200000003,765.4591651612903,3.5168877165598142,2011-01,1,47.46666666666667,2,25,Champions,Protect. Highest value and most recently active. Give early access to new ranges and priority fulfilment; do NOT spend discount here - they already buy at the best margins.,Relative label: top recency and value quintiles within this 795-customer panel.,4,3,5,12,7,1431,David Philippe,0,2011,20110130
DAVID_SMITH,Corporate,LATAM,United States,2011-04-25,2014-12-17,33,13632.548,1713.4145,413.1075151515152,12.5685565163607,2011-04,1,41.625,1,31,Potential Loyalists,Convert to loyal. Recently active but spending below their cohort. Targeted category offers and a second-order incentive are justified here.,Relative label: recent but below-panel-average value. Not 'new' - see New Customers.,3,3,2,8,14,1346,David Smith,0,2011,20110425
DAVID_WIENER,Corporate,APAC,United States,2011-01-19,2014-12-25,30,10930.5431,1739.0983,364.3514366666667,15.910447304306407,2011-01,1,49.51724137931034,0,26,Potential Loyalists,Convert to loyal. Recently active but spending below their cohort. Targeted category offers and a second-order incentive are justified here.,Relative label: recent but below-panel-average value. Not 'new' - see New Customers.,4,2,1,7,6,1442,David Wiener,0,2011,20110119
DEANRA_ENO,Home Office,LATAM,United States,2011-06-23,2014-12-12,30,12800.28,1735.4974000000002,426.676,13.558276850193904,2011-06,1,43.72413793103448,5,22,Potential Loyalists,Convert to loyal. Recently active but spending below their cohort. Targeted category offers and a second-order incentive are justified here.,Relative label: recent but below-panel-average value. Not 'new' - see New Customers.,3,2,2,7,19,1287,Deanra Eno,0,2011,20110623
DEAN_BRADEN,Consumer,US,United States,2011-02-03,2014-12-24,34,14130.6169,1425.8077999999998,415.6063794117648,10.09020207744787,2011-02,1,43.03030303030303,3,27,Loyal Customers,Grow basket size. Consistent buyers with room to move up. Cross-sell adjacent sub-categories and bundle the low-margin items they already buy.,Relative label: upper-middle recency and value within this panel.,4,4,3,11,7,1427,Dean Braden,0,2011,20110203
DEAN_KATZ,Corporate,US,United States,2011-03-14,2014-12-30,37,10654.4526,1007.098,287.9581783783784,9.452367360478004,2011-03,1,38.52777777777778,2,29,Potential Loyalists,Convert to loyal. Recently active but spending below their cohort. Targeted category offers and a second-order incentive are justified here.,Relative label: recent but below-panel-average value. Not 'new' - see New Customers.,5,4,1,10,1,1388,Dean Katz,0,2011,20110314
DEAN_PERCER,Home Office,US,United States,2011-05-26,2014-12-13,35,22834.91032,3959.16412,652.4260091428571,17.338207439914306,2011-05,1,38.14705882352941,1,28,Loyal Customers,Grow basket size. Consistent buyers with room to move up. Cross-sell adjacent sub-categories and bundle the low-margin items they already buy.,Relative label: upper-middle recency and value within this panel.,3,4,5,12,18,1315,Dean percer,0,2011,20110526
DEBORAH_BRUMFIELD,Home Office,APAC,United States,2011-02-05,2014-12-22,27,12576.5995,1640.2389,465.7999814814815,13.041990404480956,2011-02,1,54.46153846153846,2,25,Potential Loyalists,Convert to loyal. Recently active but spending below their cohort. Targeted category offers and a second-order incentive are justified here.,Relative label: recent but below-panel-average value. Not 'new' - see New Customers.,4,1,2,7,9,1425,Deborah Brumfield,0,2011,20110205
DEBRA_CATINI,Consumer,LATAM,United States,2011-04-28,2014-12-13,27,16964.653899999998,865.3340999999999,628.3205148148147,5.100806094252238,2011-04,1,50.96153846153846,1,23,Potential Loyalists,Convert to loyal. Recently active but spending below their cohort. Targeted category offers and a second-order incentive are justified here.,Relative label: recent but below-panel-average value. Not 'new' - see New Customers.,3,1,4,8,18,1343,Debra Catini,0,2011,20110428
DEIRDRE_GREER,Corporate,APAC,China,2011-07-09,2014-12-17,35,16713.74,2374.3181,477.5354285714286,14.205785778646788,2011-07,1,36.97058823529412,0,29,Loyal Customers,Grow basket size. Consistent buyers with room to move up. Cross-sell adjacent sub-categories and bundle the low-margin items they already buy.,Relative label: upper-middle recency and value within this panel.,3,4,4,11,14,1271,Deirdre Greer,0,2011,20110709
DELFINA_LATCHFORD,Consumer,EU,United States,2011-01-17,2014-12-13,33,20252.4705,2798.5357,613.7112272727272,13.818243557002091,2011-01,1,44.5625,1,27,Loyal Customers,Grow basket size. Consistent buyers with room to move up. Cross-sell adjacent sub-categories and bundle the low-margin items they already buy.,Relative label: upper-middle recency and value within this panel.,3,3,5,11,18,1444,Delfina Latchford,0,2011,20110117
DENISE_LEINENBACH,Consumer,LATAM,Australia,2011-03-14,2014-12-19,37,17940.981,2747.4922,484.8913783783784,15.31405779873464,2011-03,1,38.22222222222222,3,34,Champions,Protect. Highest value and most recently active. Give early access to new ranges and priority fulfilment; do NOT spend discount here - they already buy at the best margins.,Relative label: top recency and value quintiles within this 795-customer panel.,4,4,4,12,12,1388,Denise Leinenbach,0,2011,20110314
DENISE_MONTON,Corporate,EU,United States,2011-08-24,2014-12-29,33,22053.3105,-2597.802899999999,668.2821363636364,-11.779650497370902,2011-08,1,38.21875,1,27,Champions,Protect. Highest value and most recently active. Give early access to new ranges and priority fulfilment; do NOT spend discount here - they already buy at the best margins.,Relative label: top recency and value quintiles within this 795-customer panel.,5,3,5,13,2,1225,Denise Monton,1,2011,20110824
DENNIS_BOLTON,Home Office,APAC,France,2011-01-27,2014-11-14,30,10611.34436,1922.71686,353.7114786666667,18.119446460033643,2011-01,1,47.82758620689656,2,28,Lost Customers,Reactivate cheaply or release. Longest dormancy in the panel. Use low-cost channels only; do not fund deep discounts to chase them.,"Relative label, and the most easily misread. Dormancy runs 36-428 days with a median near 49 - only 1 customer in the whole panel exceeds 180 days. These customers are not lost in any real sense; they are simply the least recent quintile.",1,2,1,4,47,1434,Dennis Bolton,0,2011,20110127
DENNIS_KANE,Consumer,US,United States,2011-02-27,2014-12-27,36,20105.314,2965.5079000000005,558.4809444444444,14.7498711037291,2011-02,1,39.97142857142857,1,26,Champions,Protect. Highest value and most recently active. Give early access to new ranges and priority fulfilment; do NOT spend discount here - they already buy at the best margins.,Relative label: top recency and value quintiles within this 795-customer panel.,5,4,5,14,4,1403,Dennis Kane,0,2011,20110227
DENNIS_PARDUE,Home Office,US,United States,2011-01-03,2014-12-31,33,11658.9212,2688.1890000000003,353.3006424242424,23.05692742824268,2011-01,1,45.5625,2,27,Potential Loyalists,Convert to loyal. Recently active but spending below their cohort. Targeted category offers and a second-order incentive are justified here.,Relative label: recent but below-panel-average value. Not 'new' - see New Customers.,5,3,2,10,0,1458,Dennis Pardue,0,2011,20110103
DENNY_BLANTON,Consumer,APAC,United States,2011-05-22,2014-12-03,28,16632.63866,1958.55586,594.0228092857143,11.775376715843352,2011-05,1,47.81481481481482,0,26,At Risk,"Reactivate now. Previously valuable, engagement slipping. Time-boxed win-back offer plus a service check - review whether returns or late shipments preceded the drop-off.","Relative label. Median dormancy is only ~28 days; this is the second-lowest recency quintile of a highly active panel, NOT evidence of churn.",2,1,4,7,28,1319,Denny Blanton,0,2011,20110522
DENNY_JOY,Corporate,EU,Germany,2011-03-21,2014-12-30,32,22562.07114,3255.39614,705.064723125,14.428622797082449,2011-03,1,44.516129032258064,2,28,Champions,Protect. Highest value and most recently active. Give early access to new ranges and priority fulfilment; do NOT spend discount here - they already buy at the best margins.,Relative label: top recency and value quintiles within this 795-customer panel.,5,3,5,13,1,1381,Denny Joy,0,2011,20110321
DENNY_ORDWAY,Consumer,LATAM,United States,2011-06-23,2014-11-25,42,18796.6155,4137.6354,447.5384642857143,22.01266180073748,2011-06,1,30.51219512195122,4,32,At Risk,"Reactivate now. Previously valuable, engagement slipping. Time-boxed win-back offer plus a service check - review whether returns or late shipments preceded the drop-off.","Relative label. Median dormancy is only ~28 days; this is the second-lowest recency quintile of a highly active panel, NOT evidence of churn.",2,5,4,11,36,1287,Denny Ordway,0,2011,20110623
DIANNA_ARNETT,Home Office,LATAM,United States,2011-04-04,2014-12-18,29,15247.41826,-297.83134000000007,525.7730434482759,-1.9533230801527184,2011-04,1,48.35714285714285,1,25,Potential Loyalists,Convert to loyal. Recently active but spending below their cohort. Targeted category offers and a second-order incentive are justified here.,Relative label: recent but below-panel-average value. Not 'new' - see New Customers.,3,2,3,8,13,1367,Dianna Arnett,1,2011,20110404
DIANNA_VITTORINI,Consumer,LATAM,United States,2011-01-11,2014-12-18,25,16948.69688,3342.72258,677.9478752,19.72259344578,2011-01,1,59.875,2,20,Potential Loyalists,Convert to loyal. Recently active but spending below their cohort. Targeted category offers and a second-order incentive are justified here.,Relative label: recent but below-panel-average value. Not 'new' - see New Customers.,3,1,4,8,13,1450,Dianna Vittorini,0,2011,20110111
DIANNA_WILSON,Home Office,APAC,United States,2011-04-02,2014-11-06,35,23454.9616,5029.089199999999,670.1417600000001,21.44147275005557,2011-04,1,38.64705882352941,0,23,Lost Customers,Reactivate cheaply or release. Longest dormancy in the panel. Use low-cost channels only; do not fund deep discounts to chase them.,"Relative label, and the most easily misread. Dormancy runs 36-428 days with a median near 49 - only 1 customer in the whole panel exceeds 180 days. These customers are not lost in any real sense; they are simply the least recent quintile.",1,4,5,10,55,1369,Dianna Wilson,0,2011,20110402
DIONIS_LLOYD,Corporate,EU,United States,2011-06-29,2014-12-09,32,16645.788,1560.868,520.180875,9.376954698690144,2011-06,1,40.61290322580645,1,27,At Risk,"Reactivate now. Previously valuable, engagement slipping. Time-boxed win-back offer plus a service check - review whether returns or late shipments preceded the drop-off.","Relative label. Median dormancy is only ~28 days; this is the second-lowest recency quintile of a highly active panel, NOT evidence of churn.",2,3,4,9,22,1281,Dionis Lloyd,0,2011,20110629
DON_JONES,Corporate,LATAM,United States,2011-01-15,2014-12-25,38,21396.9779,4310.462,563.0783657894738,20.14519069069095,2011-01,1,38.91891891891892,2,31,Champions,Protect. Highest value and most recently active. Give early access to new ranges and priority fulfilment; do NOT spend discount here - they already buy at the best margins.,Relative label: top recency and value quintiles within this 795-customer panel.,4,5,5,14,6,1446,Don Jones,0,2011,20110115
DON_MILLER,Corporate,APAC,Mexico,2011-07-05,2014-11-26,25,11831.64768,-273.41552000000024,473.2659072,-2.31088287442988,2011-07,1,51.66666666666666,0,19,At Risk,"Reactivate now. Previously valuable, engagement slipping. Time-boxed win-back offer plus a service check - review whether returns or late shipments preceded the drop-off.","Relative label. Median dormancy is only ~28 days; this is the second-lowest recency quintile of a highly active panel, NOT evidence of churn.",2,1,2,5,35,1275,Don Miller,1,2011,20110705
DON_WEISS,Consumer,LATAM,United States,2011-03-28,2014-12-19,24,14383.002,425.7091999999999,599.29175,2.959807695222457,2011-03,1,59.21739130434783,1,20,Potential Loyalists,Convert to loyal. Recently active but spending below their cohort. Targeted category offers and a second-order incentive are justified here.,Relative label: recent but below-panel-average value. Not 'new' - see New Customers.,4,1,3,8,12,1374,Don Weiss,0,2011,20110328
DOROTHY_BADDERS,Corporate,APAC,United States,2011-04-21,2014-12-26,25,10386.3324,1242.2766,415.453296,11.96068594916142,2011-04,1,56.04166666666666,1,22,Potential Loyalists,Convert to loyal. Recently active but spending below their cohort. Targeted category offers and a second-order incentive are justified here.,Relative label: recent but below-panel-average value. Not 'new' - see New Customers.,5,1,1,7,5,1350,Dorothy Badders,0,2011,20110421
DOROTHY_DICKINSON,Consumer,EU,United States,2011-01-03,2014-11-20,32,11072.8788,1399.6511999999998,346.0274625,12.640355098982928,2011-01,1,45.70967741935484,3,24,Lost Customers,Reactivate cheaply or release. Longest dormancy in the panel. Use low-cost channels only; do not fund deep discounts to chase them.,"Relative label, and the most easily misread. Dormancy runs 36-428 days with a median near 49 - only 1 customer in the whole panel exceeds 180 days. These customers are not lost in any real sense; they are simply the least recent quintile.",1,3,1,5,41,1458,Dorothy Dickinson,0,2011,20110103
DOROTHY_WARDLE,Corporate,APAC,United States,2011-06-02,2014-12-26,41,12604.9176,870.5570000000001,307.43701463414635,6.906487036456312,2011-06,1,32.575,3,37,Loyal Customers,Grow basket size. Consistent buyers with room to move up. Cross-sell adjacent sub-categories and bundle the low-margin items they already buy.,Relative label: upper-middle recency and value within this panel.,5,5,2,12,5,1308,Dorothy Wardle,0,2011,20110602
DORRIS_LIEBE,Corporate,APAC,United States,2011-03-16,2014-12-26,30,14721.8194,1851.7062,490.72731333333337,12.577971171144783,2011-03,1,47.62068965517241,2,20,Potential Loyalists,Convert to loyal. Recently active but spending below their cohort. Targeted category offers and a second-order incentive are justified here.,Relative label: recent but below-panel-average value. Not 'new' - see New Customers.,5,2,3,10,5,1386,Dorris liebe,0,2011,20110316
DOUG_BICKFORD,Consumer,EU,Germany,2011-07-18,2014-12-04,32,12855.6088,2967.6800000000003,401.737775,23.084709920544565,2011-07,1,39.83870967741935,1,28,At Risk,"Reactivate now. Previously valuable, engagement slipping. Time-boxed win-back offer plus a service check - review whether returns or late shipments preceded the drop-off.","Relative label. Median dormancy is only ~28 days; this is the second-lowest recency quintile of a highly active panel, NOT evidence of churn.",2,3,2,7,27,1262,Doug Bickford,0,2011,20110718
DOUG_JACOBS,Consumer,APAC,France,2011-09-15,2014-12-19,33,13854.078,2675.7544,419.8205454545455,19.31383957849811,2011-09,1,37.21875,1,27,Potential Loyalists,Convert to loyal. Recently active but spending below their cohort. Targeted category offers and a second-order incentive are justified here.,Relative label: recent but below-panel-average value. Not 'new' - see New Customers.,4,3,2,9,12,1203,Doug Jacobs,0,2011,20110915
DOUG_O_CONNELL,Consumer,US,United States,2011-05-24,2014-12-05,30,13772.73292,1816.73452,459.0910973333333,13.19080628770372,2011-05,1,44.51724137931034,2,25,At Risk,"Reactivate now. Previously valuable, engagement slipping. Time-boxed win-back offer plus a service check - review whether returns or late shipments preceded the drop-off.","Relative label. Median dormancy is only ~28 days; this is the second-lowest recency quintile of a highly active panel, NOT evidence of churn.",2,2,2,6,26,1317,Doug O'Connell,0,2011,20110524
DUANE_BENOIT,Consumer,US,United States,2011-02-07,2014-12-19,23,13604.77684,1417.7983399999998,591.5120365217391,10.421327425463303,2011-02,1,64.13636363636364,3,20,Potential Loyalists,Convert to loyal. Recently active but spending below their cohort. Targeted category offers and a second-order incentive are justified here.,Relative label: recent but below-panel-average value. Not 'new' - see New Customers.,4,1,2,7,12,1423,Duane Benoit,0,2011,20110207
DUANE_HUFFMAN,Home Office,LATAM,United States,2011-04-13,2014-12-11,29,12479.1525,2151.1435,430.3156034482759,17.237897365225724,2011-04,1,47.785714285714285,0,17,Potential Loyalists,Convert to loyal. Recently active but spending below their cohort. Targeted category offers and a second-order incentive are justified here.,Relative label: recent but below-panel-average value. Not 'new' - see New Customers.,3,2,2,7,20,1358,Duane Huffman,0,2011,20110413
DUANE_NOONAN,Consumer,US,United States,2011-02-02,2014-12-19,29,14914.292,233.54250000000047,514.2859310344828,1.565897328549022,2011-02,1,50.57142857142857,3,24,Potential Loyalists,Convert to loyal. Recently active but spending below their cohort. Targeted category offers and a second-order incentive are justified here.,Relative label: recent but below-panel-average value. Not 'new' - see New Customers.,4,2,3,9,12,1428,Duane Noonan,0,2011,20110202
EDWARD_BECKER,Corporate,US,United States,2011-02-08,2014-11-29,26,9429.144,1487.1539999999998,362.6593846153846,15.77188767082144,2011-02,1,55.6,1,20,At Risk,"Reactivate now. Previously valuable, engagement slipping. Time-boxed win-back offer plus a service check - review whether returns or late shipments preceded the drop-off.","Relative label. Median dormancy is only ~28 days; this is the second-lowest recency quintile of a highly active panel, NOT evidence of churn.",2,1,1,4,32,1422,Edward Becker,0,2011,20110208
EDWARD_HOOKS,Corporate,US,United States,2011-01-17,2014-12-29,38,21270.298,671.1933999999997,559.7446842105263,3.155543001795272,2011-01,1,38.972972972972975,4,29,Champions,Protect. Highest value and most recently active. Give early access to new ranges and priority fulfilment; do NOT spend discount here - they already buy at the best margins.,Relative label: top recency and value quintiles within this 795-customer panel.,5,5,5,15,2,1444,Edward Hooks,0,2011,20110117
EDWARD_NAZZAL,Consumer,LATAM,France,2011-03-18,2014-12-17,28,7068.7724,237.69949999999972,252.45615714285717,3.362670157550974,2011-03,1,50.74074074074074,2,20,Potential Loyalists,Convert to loyal. Recently active but spending below their cohort. Targeted category offers and a second-order incentive are justified here.,Relative label: recent but below-panel-average value. Not 'new' - see New Customers.,3,2,1,6,14,1384,Edward Nazzal,0,2011,20110318
ED_BRAXTON,Corporate,US,United States,2011-01-09,2014-11-13,33,15523.9141,1488.6075999999998,470.4216393939394,9.589125464176588,2011-01,1,43.875,1,30,Lost Customers,Reactivate cheaply or release. Longest dormancy in the panel. Use low-cost channels only; do not fund deep discounts to chase them.,"Relative label, and the most easily misread. Dormancy runs 36-428 days with a median near 49 - only 1 customer in the whole panel exceeds 180 days. These customers are not lost in any real sense; they are simply the least recent quintile.",1,3,3,7,48,1452,Ed Braxton,0,2011,20110109
ED_JACOBS,Consumer,LATAM,Brazil,2011-01-28,2014-11-12,30,10697.404,1209.9476,356.5801333333333,11.31066565308742,2011-01,1,47.72413793103448,1,22,Lost Customers,Reactivate cheaply or release. Longest dormancy in the panel. Use low-cost channels only; do not fund deep discounts to chase them.,"Relative label, and the most easily misread. Dormancy runs 36-428 days with a median near 49 - only 1 customer in the whole panel exceeds 180 days. These customers are not lost in any real sense; they are simply the least recent quintile.",1,2,1,4,49,1433,Ed Jacobs,0,2011,20110128
ED_LUDWIG,Home Office,LATAM,Iran,2011-03-01,2014-12-05,34,14207.254,1155.5394000000003,417.86041176470593,8.133446477412175,2011-03,1,41.66666666666666,2,23,At Risk,"Reactivate now. Previously valuable, engagement slipping. Time-boxed win-back offer plus a service check - review whether returns or late shipments preceded the drop-off.","Relative label. Median dormancy is only ~28 days; this is the second-lowest recency quintile of a highly active panel, NOT evidence of churn.",2,4,3,9,26,1401,Ed Ludwig,0,2011,20110301
EILEEN_KIEFER,Home Office,APAC,United States,2011-03-18,2014-11-17,23,7128.4292,765.4778000000001,309.93170434782604,10.73837978218259,2011-03,1,60.90909090909091,1,17,Lost Customers,Reactivate cheaply or release. Longest dormancy in the panel. Use low-cost channels only; do not fund deep discounts to chase them.,"Relative label, and the most easily misread. Dormancy runs 36-428 days with a median near 49 - only 1 customer in the whole panel exceeds 180 days. These customers are not lost in any real sense; they are simply the least recent quintile.",1,1,1,3,44,1384,Eileen Kiefer,0,2011,20110318
ELENI_MCCRARY,Corporate,LATAM,United States,2011-06-08,2014-11-03,29,14582.60704,1897.36954,502.8485186206897,13.011181984096032,2011-06,1,44.42857142857143,2,23,Lost Customers,Reactivate cheaply or release. Longest dormancy in the panel. Use low-cost channels only; do not fund deep discounts to chase them.,"Relative label, and the most easily misread. Dormancy runs 36-428 days with a median near 49 - only 1 customer in the whole panel exceeds 180 days. These customers are not lost in any real sense; they are simply the least recent quintile.",1,2,3,6,58,1302,Eleni McCrary,0,2011,20110608
ELIZABETH_MOFFITT,Corporate,US,United States,2011-08-10,2014-11-06,32,14506.33616,1988.07236,453.323005,13.704855161718518,2011-08,1,38.193548387096776,2,26,Lost Customers,Reactivate cheaply or release. Longest dormancy in the panel. Use low-cost channels only; do not fund deep discounts to chase them.,"Relative label, and the most easily misread. Dormancy runs 36-428 days with a median near 49 - only 1 customer in the whole panel exceeds 180 days. These customers are not lost in any real sense; they are simply the least recent quintile.",1,3,3,7,55,1239,Elizabeth Moffitt,0,2011,20110810
ELLIS_BALLARD,Corporate,EU,United States,2011-02-02,2014-12-29,31,21985.89694,5848.74774,709.2224819354839,26.60227033703179,2011-02,1,47.53333333333333,1,25,Champions,Protect. Highest value and most recently active. Give early access to new ranges and priority fulfilment; do NOT spend discount here - they already buy at the best margins.,Relative label: top recency and value quintiles within this 795-customer panel.,5,3,5,13,2,1428,Ellis Ballard,0,2011,20110202
ELPIDA_RITTENBACH,Corporate,LATAM,United States,2011-01-10,2014-11-08,26,17132.296,2585.7182,658.9344615384615,15.092654247860295,2011-01,1,55.92,0,19,Lost Customers,Reactivate cheaply or release. Longest dormancy in the panel. Use low-cost channels only; do not fund deep discounts to chase them.,"Relative label, and the most easily misread. Dormancy runs 36-428 days with a median near 49 - only 1 customer in the whole panel exceeds 180 days. These customers are not lost in any real sense; they are simply the least recent quintile.",1,1,4,6,53,1451,Elpida Rittenbach,0,2011,20110110
EMILY_BURNS,Consumer,US,United States,2011-04-02,2014-12-16,24,7035.8557,20.558199999999964,293.1606541666667,0.292191893588721,2011-04,1,58.869565217391305,3,19,Potential Loyalists,Convert to loyal. Recently active but spending below their cohort. Targeted category offers and a second-order incentive are justified here.,Relative label: recent but below-panel-average value. Not 'new' - see New Customers.,3,1,1,5,15,1369,Emily Burns,0,2011,20110402
EMILY_DUCICH,Home Office,EU,United States,2011-02-17,2014-12-16,39,18544.353,2572.4465,475.4962307692308,13.871858996644423,2011-02,1,36.78947368421053,4,31,Loyal Customers,Grow basket size. Consistent buyers with room to move up. Cross-sell adjacent sub-categories and bundle the low-margin items they already buy.,Relative label: upper-middle recency and value within this panel.,3,5,4,12,15,1413,Emily Ducich,0,2011,20110217
EMILY_GRADY,Consumer,EU,United States,2011-02-25,2014-12-09,32,23112.30168,2604.2372800000007,722.2594275,11.267753926271876,2011-02,1,44.61290322580645,1,21,At Risk,"Reactivate now. Previously valuable, engagement slipping. Time-boxed win-back offer plus a service check - review whether returns or late shipments preceded the drop-off.","Relative label. Median dormancy is only ~28 days; this is the second-lowest recency quintile of a highly active panel, NOT evidence of churn.",2,3,5,10,22,1405,Emily Grady,0,2011,20110225
EMILY_PHAN,Consumer,US,United States,2011-05-21,2014-12-19,36,16771.30774,2103.96474,465.8696594444445,12.545024947470196,2011-05,1,37.371428571428574,1,33,Champions,Protect. Highest value and most recently active. Give early access to new ranges and priority fulfilment; do NOT spend discount here - they already buy at the best margins.,Relative label: top recency and value quintiles within this 795-customer panel.,4,4,4,12,12,1320,Emily Phan,0,2011,20110521
ERICA_BERN,Corporate,LATAM,Brazil,2011-06-07,2014-12-31,41,16119.2213,3030.7344000000003,393.1517390243902,18.801990143283163,2011-06,1,32.575,3,32,Champions,Protect. Highest value and most recently active. Give early access to new ranges and priority fulfilment; do NOT spend discount here - they already buy at the best margins.,Relative label: top recency and value quintiles within this 795-customer panel.,5,5,3,13,0,1303,Erica Bern,0,2011,20110607
ERICA_HACKNEY,Consumer,APAC,United States,2011-01-16,2014-11-28,32,9479.5736,1556.9195,296.236675,16.423940207605963,2011-01,1,45.54838709677419,1,26,At Risk,"Reactivate now. Previously valuable, engagement slipping. Time-boxed win-back offer plus a service check - review whether returns or late shipments preceded the drop-off.","Relative label. Median dormancy is only ~28 days; this is the second-lowest recency quintile of a highly active panel, NOT evidence of churn.",2,3,1,6,33,1445,Erica Hackney,0,2011,20110116
ERICA_HERNANDEZ,Home Office,APAC,United States,2011-02-09,2014-12-29,35,13004.6121,794.6512999999999,371.56034571428575,6.11053443108849,2011-02,1,41.73529411764706,2,28,Loyal Customers,Grow basket size. Consistent buyers with room to move up. Cross-sell adjacent sub-categories and bundle the low-margin items they already buy.,Relative label: upper-middle recency and value within this panel.,5,4,2,11,2,1421,Erica Hernandez,0,2011,20110209
ERICA_SMITH,Consumer,EU,China,2011-05-19,2014-12-31,39,14720.05094,3127.37644,377.4372035897436,21.245690335905863,2011-05,1,34.78947368421053,2,32,Champions,Protect. Highest value and most recently active. Give early access to new ranges and priority fulfilment; do NOT spend discount here - they already buy at the best margins.,Relative label: top recency and value quintiles within this 795-customer panel.,5,5,3,13,0,1322,Erica Smith,0,2011,20110519
ERIC_BARRETO,Consumer,APAC,United States,2011-02-03,2014-12-24,27,11967.4679,2091.7421000000004,443.23955185185184,17.47856871209991,2011-02,1,54.61538461538461,0,18,Potential Loyalists,Convert to loyal. Recently active but spending below their cohort. Targeted category offers and a second-order incentive are justified here.,Relative label: recent but below-panel-average value. Not 'new' - see New Customers.,4,1,2,7,7,1427,Eric Barreto,0,2011,20110203
ERIC_HOFFMANN,Consumer,LATAM,United States,2011-04-21,2014-11-04,36,10351.42602,2250.05482,287.5396116666667,21.736665225184108,2011-04,1,36.94285714285714,3,27,Lost Customers,Reactivate cheaply or release. Longest dormancy in the panel. Use low-cost channels only; do not fund deep discounts to chase them.,"Relative label, and the most easily misread. Dormancy runs 36-428 days with a median near 49 - only 1 customer in the whole panel exceeds 180 days. These customers are not lost in any real sense; they are simply the least recent quintile.",1,4,1,6,57,1350,Eric Hoffmann,0,2011,20110421
ERIC_MURDOCK,Consumer,APAC,Australia,2011-01-11,2014-12-29,45,28084.40348,3306.01548,624.0978551111111,11.771713372350396,2011-01,1,32.90909090909091,4,37,Champions,Protect. Highest value and most recently active. Give early access to new ranges and priority fulfilment; do NOT spend discount here - they already buy at the best margins.,Relative label: top recency and value quintiles within this 795-customer panel.,5,5,5,15,2,1450,Eric Murdock,0,2011,20110111
ERIN_ASHBROOK,Corporate,US,United States,2011-02-21,2014-09-29,34,11518.87572,868.0601199999999,338.7904623529412,7.535979561727574,2011-02,1,39.87878787878788,2,31,Lost Customers,Reactivate cheaply or release. Longest dormancy in the panel. Use low-cost channels only; do not fund deep discounts to chase them.,"Relative label, and the most easily misread. Dormancy runs 36-428 days with a median near 49 - only 1 customer in the whole panel exceeds 180 days. These customers are not lost in any real sense; they are simply the least recent quintile.",1,4,1,6,93,1409,Erin Ashbrook,0,2011,20110221
ERIN_CREIGHTON,Consumer,APAC,United States,2011-04-11,2014-11-08,26,6731.551100000001,831.7727,258.90581153846153,12.356330474858906,2011-04,1,52.28,0,19,Lost Customers,Reactivate cheaply or release. Longest dormancy in the panel. Use low-cost channels only; do not fund deep discounts to chase them.,"Relative label, and the most easily misread. Dormancy runs 36-428 days with a median near 49 - only 1 customer in the whole panel exceeds 180 days. These customers are not lost in any real sense; they are simply the least recent quintile.",1,1,1,3,53,1360,Erin Creighton,0,2011,20110411
ERIN_MULL,Consumer,LATAM,United States,2011-07-22,2014-12-15,26,15321.55558,3939.46018,589.2905992307692,25.711881273611517,2011-07,1,49.68,2,17,Potential Loyalists,Convert to loyal. Recently active but spending below their cohort. Targeted category offers and a second-order incentive are justified here.,Relative label: recent but below-panel-average value. Not 'new' - see New Customers.,3,1,3,7,16,1258,Erin Mull,0,2011,20110722
ERIN_SMITH,Corporate,US,United States,2011-02-02,2014-12-03,33,18161.5498,2175.2919,550.3499939393939,11.977457452447144,2011-02,1,43.75,3,24,At Risk,"Reactivate now. Previously valuable, engagement slipping. Time-boxed win-back offer plus a service check - review whether returns or late shipments preceded the drop-off.","Relative label. Median dormancy is only ~28 days; this is the second-lowest recency quintile of a highly active panel, NOT evidence of churn.",2,3,4,9,28,1428,Erin Smith,0,2011,20110202
EUDOKIA_MARTIN,Corporate,EU,United States,2011-04-29,2014-12-23,26,13723.2597,1764.7839,527.8176807692308,12.859801086472189,2011-04,1,53.36,2,17,Potential Loyalists,Convert to loyal. Recently active but spending below their cohort. Targeted category offers and a second-order incentive are justified here.,Relative label: recent but below-panel-average value. Not 'new' - see New Customers.,4,1,2,7,8,1342,Eudokia Martin,0,2011,20110429
EUGENE_BARCHAS,Consumer,EU,United States,2011-03-14,2014-12-11,34,16083.2243,2893.6639,473.0360088235294,17.99181461393907,2011-03,1,41.45454545454545,2,24,Loyal Customers,Grow basket size. Consistent buyers with room to move up. Cross-sell adjacent sub-categories and bundle the low-margin items they already buy.,Relative label: upper-middle recency and value within this panel.,3,4,3,10,20,1388,Eugene Barchas,0,2011,20110314
EUGENE_HILDEBRAND,Home Office,US,United States,2011-05-13,2014-12-09,44,22420.53362,1660.3308200000004,509.5575822727273,7.40540278006104,2011-05,1,30.37209302325581,4,31,At Risk,"Reactivate now. Previously valuable, engagement slipping. Time-boxed win-back offer plus a service check - review whether returns or late shipments preceded the drop-off.","Relative label. Median dormancy is only ~28 days; this is the second-lowest recency quintile of a highly active panel, NOT evidence of churn.",2,5,5,12,22,1328,Eugene Hildebrand,0,2011,20110513
EUGENE_MOREN,Home Office,APAC,United States,2011-01-01,2014-12-07,36,23408.08226,3624.25176,650.2245072222222,15.4829076544778,2011-01,1,41.02857142857143,3,30,At Risk,"Reactivate now. Previously valuable, engagement slipping. Time-boxed win-back offer plus a service check - review whether returns or late shipments preceded the drop-off.","Relative label. Median dormancy is only ~28 days; this is the second-lowest recency quintile of a highly active panel, NOT evidence of churn.",2,4,5,11,24,1460,Eugene Moren,0,2011,20110101
EVAN_BAILLIET,Consumer,LATAM,United States,2011-04-20,2014-12-12,29,8004.0591,565.6232,276.0020379310345,7.066704442499681,2011-04,1,47.57142857142857,3,23,Potential Loyalists,Convert to loyal. Recently active but spending below their cohort. Targeted category offers and a second-order incentive are justified here.,Relative label: recent but below-panel-average value. Not 'new' - see New Customers.,3,2,1,6,19,1351,Evan Bailliet,0,2011,20110420
EVAN_HENRY,Consumer,APAC,United States,2011-02-02,2014-10-25,37,16378.28382,2281.51052,442.6563194594595,13.930095149615006,2011-02,1,37.80555555555556,2,29,Lost Customers,Reactivate cheaply or release. Longest dormancy in the panel. Use low-cost channels only; do not fund deep discounts to chase them.,"Relative label, and the most easily misread. Dormancy runs 36-428 days with a median near 49 - only 1 customer in the whole panel exceeds 180 days. These customers are not lost in any real sense; they are simply the least recent quintile.",1,4,3,8,67,1428,Evan Henry,0,2011,20110202
EVAN_MINNOTTE,Home Office,LATAM,United States,2011-05-04,2014-11-20,27,19673.67566,3647.45576,728.6546540740741,18.539777838342182,2011-05,1,49.84615384615385,1,23,Lost Customers,Reactivate cheaply or release. Longest dormancy in the panel. Use low-cost channels only; do not fund deep discounts to chase them.,"Relative label, and the most easily misread. Dormancy runs 36-428 days with a median near 49 - only 1 customer in the whole panel exceeds 180 days. These customers are not lost in any real sense; they are simply the least recent quintile.",1,1,4,6,41,1337,Evan Minnotte,0,2011,20110504
EVA_JACOBS,Consumer,APAC,United States,2011-03-03,2014-12-09,28,14956.8346,2794.5691,534.1726642857143,18.684228145439278,2011-03,1,51.0,0,23,At Risk,"Reactivate now. Previously valuable, engagement slipping. Time-boxed win-back offer plus a service check - review whether returns or late shipments preceded the drop-off.","Relative label. Median dormancy is only ~28 days; this is the second-lowest recency quintile of a highly active panel, NOT evidence of churn.",2,2,3,7,22,1399,Eva Jacobs,0,2011,20110303
FILIA_MCADAMS,Corporate,US,United States,2011-01-25,2014-12-24,37,17289.0118,1394.0245999999995,467.2705891891892,8.06306697066399,2011-01,1,39.69444444444444,2,31,Champions,Protect. Highest value and most recently active. Give early access to new ranges and priority fulfilment; do NOT spend discount here - they already buy at the best margins.,Relative label: top recency and value quintiles within this 795-customer panel.,4,4,4,12,7,1436,Filia McAdams,0,2011,20110125
FRANK_ATKINSON,Corporate,EU,United States,2011-05-25,2014-12-09,35,14349.6348,1496.1936999999998,409.9895657142857,10.42670228792164,2011-05,1,38.05882352941177,1,29,At Risk,"Reactivate now. Previously valuable, engagement slipping. Time-boxed win-back offer plus a service check - review whether returns or late shipments preceded the drop-off.","Relative label. Median dormancy is only ~28 days; this is the second-lowest recency quintile of a highly active panel, NOT evidence of churn.",2,4,3,9,22,1316,Frank Atkinson,0,2011,20110525
FRANK_CARLISLE,Home Office,APAC,United States,2011-04-20,2014-11-19,29,12408.4468,2780.791,427.8774758620689,22.410468004746576,2011-04,1,46.75,1,23,Lost Customers,Reactivate cheaply or release. Longest dormancy in the panel. Use low-cost channels only; do not fund deep discounts to chase them.,"Relative label, and the most easily misread. Dormancy runs 36-428 days with a median near 49 - only 1 customer in the whole panel exceeds 180 days. These customers are not lost in any real sense; they are simply the least recent quintile.",1,2,2,5,42,1351,Frank Carlisle,0,2011,20110420
FRANK_GASTINEAU,Home Office,US,United States,2011-05-21,2014-11-27,27,9704.7165,1034.1122,359.4339444444445,10.655769284965718,2011-05,1,49.46153846153846,0,18,At Risk,"Reactivate now. Previously valuable, engagement slipping. Time-boxed win-back offer plus a service check - review whether returns or late shipments preceded the drop-off.","Relative label. Median dormancy is only ~28 days; this is the second-lowest recency quintile of a highly active panel, NOT evidence of churn.",2,1,1,4,34,1320,Frank Gastineau,0,2011,20110521
FRANK_HAWLEY,Corporate,US,United States,2011-03-02,2014-12-27,28,13682.63,3547.5756,488.6653571428571,25.92758555920901,2011-03,1,51.7037037037037,0,23,Potential Loyalists,Convert to loyal. Recently active but spending below their cohort. Targeted category offers and a second-order incentive are justified here.,Relative label: recent but below-panel-average value. Not 'new' - see New Customers.,5,2,2,9,4,1400,Frank Hawley,0,2011,20110302
FRANK_MERWIN,Home Office,LATAM,United States,2011-08-26,2014-12-29,38,16385.02922,2601.29072,431.1849794736842,15.876021245203493,2011-08,1,33.0,3,30,Champions,Protect. Highest value and most recently active. Give early access to new ranges and priority fulfilment; do NOT spend discount here - they already buy at the best margins.,Relative label: top recency and value quintiles within this 795-customer panel.,5,5,4,14,2,1223,Frank Merwin,0,2011,20110826
FRANK_OLSEN,Consumer,EU,United States,2011-01-25,2014-12-09,47,17772.661500000002,3023.7503999999994,378.14173404255325,17.013492323589233,2011-01,1,30.73913043478261,2,37,At Risk,"Reactivate now. Previously valuable, engagement slipping. Time-boxed win-back offer plus a service check - review whether returns or late shipments preceded the drop-off.","Relative label. Median dormancy is only ~28 days; this is the second-lowest recency quintile of a highly active panel, NOT evidence of churn.",2,5,4,11,22,1436,Frank Olsen,0,2011,20110125
FRANK_PREIS,Consumer,APAC,United States,2011-06-29,2014-12-08,34,10755.6322,937.1934999999996,316.34212352941177,8.713513836964411,2011-06,1,38.121212121212125,1,29,At Risk,"Reactivate now. Previously valuable, engagement slipping. Time-boxed win-back offer plus a service check - review whether returns or late shipments preceded the drop-off.","Relative label. Median dormancy is only ~28 days; this is the second-lowest recency quintile of a highly active panel, NOT evidence of churn.",2,4,1,7,23,1281,Frank Preis,0,2011,20110629
FRED_CHUNG,Corporate,US,United States,2011-03-15,2014-09-15,27,9321.68964,1496.6962399999998,345.24776444444444,16.056061699132044,2011-03,1,49.23076923076923,0,23,Lost Customers,Reactivate cheaply or release. Longest dormancy in the panel. Use low-cost channels only; do not fund deep discounts to chase them.,"Relative label, and the most easily misread. Dormancy runs 36-428 days with a median near 49 - only 1 customer in the whole panel exceeds 180 days. These customers are not lost in any real sense; they are simply the least recent quintile.",1,1,1,3,107,1387,Fred Chung,0,2011,20110315
FRED_HARTON,Consumer,EU,United States,2011-09-16,2014-12-30,23,10765.00982,2888.03482,468.0439052173913,26.82798128650477,2011-09,1,54.59090909090909,0,20,Potential Loyalists,Convert to loyal. Recently active but spending below their cohort. Targeted category offers and a second-order incentive are justified here.,Relative label: recent but below-panel-average value. Not 'new' - see New Customers.,5,1,1,7,1,1202,Fred Harton,0,2011,20110916
FRED_HOPKINS,Corporate,EMEA,United States,2011-05-30,2014-12-30,39,30400.67452,4609.29112,779.5044748717949,15.161805429572423,2011-05,1,34.473684210526315,4,30,Champions,Protect. Highest value and most recently active. Give early access to new ranges and priority fulfilment; do NOT spend discount here - they already buy at the best margins.,Relative label: top recency and value quintiles within this 795-customer panel.,5,5,5,15,1,1311,Fred Hopkins,0,2011,20110530
FRED_MCMATH,Consumer,US,United States,2011-02-25,2014-12-30,27,7441.9377,1015.5115000000004,275.62732222222223,13.645794159228185,2011-02,1,54.0,2,21,Potential Loyalists,Convert to loyal. Recently active but spending below their cohort. Targeted category offers and a second-order incentive are justified here.,Relative label: recent but below-panel-average value. Not 'new' - see New Customers.,5,1,1,7,1,1405,Fred McMath,0,2011,20110225
FRED_WASSERMAN,Corporate,LATAM,Brazil,2011-04-25,2014-12-31,34,18193.5591,1683.7904,535.1046794117648,9.254870862513096,2011-04,1,40.78787878787879,1,26,Champions,Protect. Highest value and most recently active. Give early access to new ranges and priority fulfilment; do NOT spend discount here - they already buy at the best margins.,Relative label: top recency and value quintiles within this 795-customer panel.,5,4,4,13,0,1346,Fred Wasserman,0,2011,20110425
GARY_HANSEN,Home Office,EU,United States,2011-04-22,2014-12-11,45,15269.81598,613.8054799999998,339.329244,4.019730694881627,2011-04,1,30.204545454545453,2,36,Loyal Customers,Grow basket size. Consistent buyers with room to move up. Cross-sell adjacent sub-categories and bundle the low-margin items they already buy.,Relative label: upper-middle recency and value within this panel.,3,5,3,11,20,1349,Gary Hansen,0,2011,20110422
GARY_HWANG,Consumer,EU,France,2011-01-25,2014-12-13,41,24625.593,3908.1151,600.6242195121952,15.870136000379768,2011-01,1,35.45,4,31,Loyal Customers,Grow basket size. Consistent buyers with room to move up. Cross-sell adjacent sub-categories and bundle the low-margin items they already buy.,Relative label: upper-middle recency and value within this panel.,3,5,5,13,18,1436,Gary Hwang,0,2011,20110125
GARY_MCGARR,Consumer,APAC,United States,2011-03-21,2014-12-30,34,16517.67788,1665.0138799999995,485.8140552941176,10.080193427285794,2011-03,1,41.81818181818182,1,26,Champions,Protect. Highest value and most recently active. Give early access to new ranges and priority fulfilment; do NOT spend discount here - they already buy at the best margins.,Relative label: top recency and value quintiles within this 795-customer panel.,5,4,4,13,1,1381,Gary McGarr,0,2011,20110321
GARY_MITCHUM,Home Office,APAC,United States,2011-04-11,2014-12-15,21,11012.079,2872.1064,524.3847142857143,26.08141841336227,2011-04,1,67.2,1,17,Potential Loyalists,Convert to loyal. Recently active but spending below their cohort. Targeted category offers and a second-order incentive are justified here.,Relative label: recent but below-panel-average value. Not 'new' - see New Customers.,3,1,1,5,16,1360,Gary Mitchum,0,2011,20110411
GARY_ZANDUSKY,Consumer,LATAM,United States,2011-02-15,2014-12-24,43,24705.325,3742.4389,574.5424418604651,15.1483087148216,2011-02,1,33.523809523809526,1,35,Champions,Protect. Highest value and most recently active. Give early access to new ranges and priority fulfilment; do NOT spend discount here - they already buy at the best margins.,Relative label: top recency and value quintiles within this 795-customer panel.,4,5,5,14,7,1415,Gary Zandusky,0,2011,20110215
GENE_HALE,Corporate,EU,France,2011-02-01,2014-11-10,25,15487.2962,2295.9524,619.491848,14.82474649125649,2011-02,1,57.41666666666666,0,21,Lost Customers,Reactivate cheaply or release. Longest dormancy in the panel. Use low-cost channels only; do not fund deep discounts to chase them.,"Relative label, and the most easily misread. Dormancy runs 36-428 days with a median near 49 - only 1 customer in the whole panel exceeds 180 days. These customers are not lost in any real sense; they are simply the least recent quintile.",1,1,3,5,51,1429,Gene Hale,0,2011,20110201
GENE_MCCLURE,Consumer,US,United States,2011-07-23,2014-09-18,28,11002.55562,1553.25212,392.948415,14.11719398333748,2011-07,1,42.7037037037037,1,23,Lost Customers,Reactivate cheaply or release. Longest dormancy in the panel. Use low-cost channels only; do not fund deep discounts to chase them.,"Relative label, and the most easily misread. Dormancy runs 36-428 days with a median near 49 - only 1 customer in the whole panel exceeds 180 days. These customers are not lost in any real sense; they are simply the least recent quintile.",1,2,1,4,104,1257,Gene McClure,0,2011,20110723
GEORGE_ASHBROOK,Consumer,LATAM,United States,2011-05-02,2014-12-09,31,13807.06132,792.3443199999999,445.3890748387097,5.738689078263613,2011-05,1,43.9,0,24,At Risk,"Reactivate now. Previously valuable, engagement slipping. Time-boxed win-back offer plus a service check - review whether returns or late shipments preceded the drop-off.","Relative label. Median dormancy is only ~28 days; this is the second-lowest recency quintile of a highly active panel, NOT evidence of churn.",2,3,2,7,22,1339,George Ashbrook,0,2011,20110502
GEORGE_BELL,Corporate,US,United States,2011-02-07,2014-11-28,30,12183.653,656.2901000000004,406.1217666666667,5.386644711565574,2011-02,1,47.93103448275862,1,25,At Risk,"Reactivate now. Previously valuable, engagement slipping. Time-boxed win-back offer plus a service check - review whether returns or late shipments preceded the drop-off.","Relative label. Median dormancy is only ~28 days; this is the second-lowest recency quintile of a highly active panel, NOT evidence of churn.",2,2,2,6,33,1423,George Bell,0,2011,20110207
GEORGE_ZREBASSA,Corporate,APAC,Mexico,2011-06-29,2014-12-01,30,15292.1188,4105.5978000000005,509.73729333333335,26.8478021502161,2011-06,1,43.13793103448276,1,24,At Risk,"Reactivate now. Previously valuable, engagement slipping. Time-boxed win-back offer plus a service check - review whether returns or late shipments preceded the drop-off.","Relative label. Median dormancy is only ~28 days; this is the second-lowest recency quintile of a highly active panel, NOT evidence of churn.",2,2,3,7,30,1281,George Zrebassa,0,2011,20110629
GEORGIA_ROSENBERG,Corporate,APAC,Mexico,2011-03-08,2014-11-12,30,13850.58654,496.2797400000003,461.686218,3.583095478063417,2011-03,1,46.37931034482759,1,24,Lost Customers,Reactivate cheaply or release. Longest dormancy in the panel. Use low-cost channels only; do not fund deep discounts to chase them.,"Relative label, and the most easily misread. Dormancy runs 36-428 days with a median near 49 - only 1 customer in the whole panel exceeds 180 days. These customers are not lost in any real sense; they are simply the least recent quintile.",1,2,2,5,49,1394,Georgia Rosenberg,0,2011,20110308
GIULIETTA_BAPTIST,Consumer,EU,United States,2011-12-08,2014-12-18,30,12570.90438,1633.26568,419.030146,12.992427836763165,2011-12,1,38.13793103448276,0,24,Potential Loyalists,Convert to loyal. Recently active but spending below their cohort. Targeted category offers and a second-order incentive are justified here.,Relative label: recent but below-panel-average value. Not 'new' - see New Customers.,3,2,2,7,13,1119,Giulietta Baptist,0,2011,20111208
GIULIETTA_DORTCH,Corporate,APAC,Australia,2011-02-02,2014-12-26,33,18705.6926,1888.1499,566.8391696969697,10.093985506850462,2011-02,1,44.46875,1,29,Loyal Customers,Grow basket size. Consistent buyers with room to move up. Cross-sell adjacent sub-categories and bundle the low-margin items they already buy.,Relative label: upper-middle recency and value within this panel.,5,3,4,12,5,1428,Giulietta Dortch,0,2011,20110202
GIULIETTA_WEIMER,Consumer,APAC,United States,2011-03-01,2014-12-17,33,18070.2805,1199.0592,547.5842575757576,6.635531750600107,2011-03,1,43.34375,1,25,Loyal Customers,Grow basket size. Consistent buyers with room to move up. Cross-sell adjacent sub-categories and bundle the low-margin items they already buy.,Relative label: upper-middle recency and value within this panel.,3,3,4,10,14,1401,Giulietta Weimer,0,2011,20110301
GRACE_KELLY,Corporate,US,United States,2011-01-06,2014-12-19,28,19980.3709,3495.2934000000005,713.5846750000001,17.493636216733094,2011-01,1,53.44444444444444,1,24,Loyal Customers,Grow basket size. Consistent buyers with room to move up. Cross-sell adjacent sub-categories and bundle the low-margin items they already buy.,Relative label: upper-middle recency and value within this panel.,4,2,5,11,12,1455,Grace Kelly,0,2011,20110106
GRANT_THORNTON,Corporate,EU,United Kingdom,2011-01-04,2014-12-22,27,20225.35784,-3577.92306,749.0873274074073,-17.690283100573314,2011-01,1,55.69230769230769,1,20,Loyal Customers,Grow basket size. Consistent buyers with room to move up. Cross-sell adjacent sub-categories and bundle the low-margin items they already buy.,Relative label: upper-middle recency and value within this panel.,4,1,5,10,9,1457,Grant Thornton,1,2011,20110104
GREG_GUTHRIE,Corporate,EU,United States,2011-01-10,2014-11-28,33,13903.38476,1523.5232599999997,421.3146896969697,10.957930649975047,2011-01,1,44.3125,2,28,At Risk,"Reactivate now. Previously valuable, engagement slipping. Time-boxed win-back offer plus a service check - review whether returns or late shipments preceded the drop-off.","Relative label. Median dormancy is only ~28 days; this is the second-lowest recency quintile of a highly active panel, NOT evidence of churn.",2,3,2,7,33,1451,Greg Guthrie,0,2011,20110110
GREG_HANSEN,Consumer,APAC,Australia,2011-01-24,2014-12-30,38,13998.52062,1584.66962,368.3821215789474,11.320264926680515,2011-01,1,38.810810810810814,2,29,Champions,Protect. Highest value and most recently active. Give early access to new ranges and priority fulfilment; do NOT spend discount here - they already buy at the best margins.,Relative label: top recency and value quintiles within this 795-customer panel.,5,5,3,13,1,1437,Greg Hansen,0,2011,20110124
GREG_MATTHIAS,Consumer,APAC,Australia,2011-01-13,2014-12-30,37,13601.01144,-1337.92006,367.59490378378376,-9.836915922776402,2011-01,1,40.19444444444444,1,31,Loyal Customers,Grow basket size. Consistent buyers with room to move up. Cross-sell adjacent sub-categories and bundle the low-margin items they already buy.,Relative label: upper-middle recency and value within this panel.,5,4,2,11,1,1448,Greg Matthias,1,2011,20110113
GREG_MAXWELL,Corporate,LATAM,United States,2011-04-05,2014-11-14,26,15356.444,-11.358499999999168,590.6324615384615,-0.0739656915363945,2011-04,1,52.76,0,19,Lost Customers,Reactivate cheaply or release. Longest dormancy in the panel. Use low-cost channels only; do not fund deep discounts to chase them.,"Relative label, and the most easily misread. Dormancy runs 36-428 days with a median near 49 - only 1 customer in the whole panel exceeds 180 days. These customers are not lost in any real sense; they are simply the least recent quintile.",1,1,3,5,47,1366,Greg Maxwell,1,2011,20110405
GREG_TRAN,Consumer,US,United States,2011-03-08,2014-12-23,34,35550.95428,5214.131179999999,1045.6163023529411,14.666641966720222,2011-03,1,42.0,1,30,Champions,Protect. Highest value and most recently active. Give early access to new ranges and priority fulfilment; do NOT spend discount here - they already buy at the best margins.,Relative label: top recency and value quintiles within this 795-customer panel.,4,4,5,13,8,1394,Greg Tran,0,2011,20110308
GUY_ARMSTRONG,Consumer,US,United States,2011-02-12,2014-12-29,28,10278.3415,771.9774,367.083625,7.510719506644141,2011-02,1,52.44444444444444,3,24,Potential Loyalists,Convert to loyal. Recently active but spending below their cohort. Targeted category offers and a second-order incentive are justified here.,Relative label: recent but below-panel-average value. Not 'new' - see New Customers.,5,2,1,8,2,1418,Guy Armstrong,0,2011,20110212
GUY_PHONELY,Corporate,EU,France,2011-04-06,2014-12-30,33,15403.832,1250.1095999999998,466.7827878787879,8.11557539708301,2011-04,1,42.625,0,25,Loyal Customers,Grow basket size. Consistent buyers with room to move up. Cross-sell adjacent sub-categories and bundle the low-margin items they already buy.,Relative label: upper-middle recency and value within this panel.,5,3,3,11,1,1365,Guy Phonely,0,2011,20110406
GUY_THORNTON,Consumer,EU,United States,2011-03-30,2014-12-31,31,9059.28452,784.17932,292.2349845161291,8.656084465266357,2011-03,1,45.73333333333333,2,23,Potential Loyalists,Convert to loyal. Recently active but spending below their cohort. Targeted category offers and a second-order incentive are justified here.,Relative label: recent but below-panel-average value. Not 'new' - see New Customers.,5,3,1,9,0,1372,Guy Thornton,0,2011,20110330
HALLIE_REDMOND,Home Office,EU,United States,2011-02-09,2014-12-18,26,15677.251,1705.2724,602.9711923076923,10.87736874277257,2011-02,1,56.32,0,18,Potential Loyalists,Convert to loyal. Recently active but spending below their cohort. Targeted category offers and a second-order incentive are justified here.,Relative label: recent but below-panel-average value. Not 'new' - see New Customers.,3,1,3,7,13,1421,Hallie Redmond,0,2011,20110209
HAROLD_DAHLEN,Home Office,LATAM,China,2011-05-11,2014-11-19,36,20074.7482,2631.1922000000004,557.6318944444445,13.106974861084437,2011-05,1,36.8,1,29,Lost Customers,Reactivate cheaply or release. Longest dormancy in the panel. Use low-cost channels only; do not fund deep discounts to chase them.,"Relative label, and the most easily misread. Dormancy runs 36-428 days with a median near 49 - only 1 customer in the whole panel exceeds 180 days. These customers are not lost in any real sense; they are simply the least recent quintile.",1,4,5,10,42,1330,Harold Dahlen,0,2011,20110511
HAROLD_ENGLE,Corporate,LATAM,Brazil,2011-01-30,2014-12-25,35,10993.81722,1710.43802,314.10906342857146,15.558181346587824,2011-01,1,41.91176470588236,0,27,Potential Loyalists,Convert to loyal. Recently active but spending below their cohort. Targeted category offers and a second-order incentive are justified here.,Relative label: recent but below-panel-average value. Not 'new' - see New Customers.,4,4,1,9,6,1431,Harold Engle,0,2011,20110130
HAROLD_PAWLAN,Home Office,LATAM,United States,2011-03-25,2014-12-01,29,8518.1215,880.2212,293.7283275862069,10.333513087363215,2011-03,1,48.10714285714285,0,24,At Risk,"Reactivate now. Previously valuable, engagement slipping. Time-boxed win-back offer plus a service check - review whether returns or late shipments preceded the drop-off.","Relative label. Median dormancy is only ~28 days; this is the second-lowest recency quintile of a highly active panel, NOT evidence of churn.",2,2,1,5,30,1377,Harold Pawlan,0,2011,20110325
HAROLD_RYAN,Corporate,US,United States,2011-09-15,2014-11-10,24,10029.09236,1456.03576,417.8788483333333,14.518120959851244,2011-09,1,50.08695652173913,1,21,Lost Customers,Reactivate cheaply or release. Longest dormancy in the panel. Use low-cost channels only; do not fund deep discounts to chase them.,"Relative label, and the most easily misread. Dormancy runs 36-428 days with a median near 49 - only 1 customer in the whole panel exceeds 180 days. These customers are not lost in any real sense; they are simply the least recent quintile.",1,1,1,3,51,1203,Harold Ryan,0,2011,20110915
HARRY_GREENE,Consumer,APAC,United States,2011-04-29,2014-12-19,39,24216.45252,-291.49227999999977,620.93468,-1.2036952140668034,2011-04,1,35.0,1,30,Champions,Protect. Highest value and most recently active. Give early access to new ranges and priority fulfilment; do NOT spend discount here - they already buy at the best margins.,Relative label: top recency and value quintiles within this 795-customer panel.,4,5,5,14,12,1342,Harry Greene,1,2011,20110429
HARRY_MARIE,Corporate,APAC,United States,2011-01-07,2014-12-30,41,28476.9376,6958.2864,694.5594536585367,24.434812822007935,2011-01,1,36.325,2,37,Champions,Protect. Highest value and most recently active. Give early access to new ranges and priority fulfilment; do NOT spend discount here - they already buy at the best margins.,Relative label: top recency and value quintiles within this 795-customer panel.,5,5,5,15,1,1454,Harry Marie,0,2011,20110107
HEATHER_JAS,Home Office,APAC,United States,2011-04-29,2014-12-26,38,15434.0162,2618.261,406.1583210526316,16.96422347930411,2011-04,1,36.13513513513514,1,32,Champions,Protect. Highest value and most recently active. Give early access to new ranges and priority fulfilment; do NOT spend discount here - they already buy at the best margins.,Relative label: top recency and value quintiles within this 795-customer panel.,5,5,3,13,5,1342,Heather Jas,0,2011,20110429
HEATHER_KIRKLAND,Corporate,EU,United States,2011-01-26,2014-11-18,33,15543.4091,2494.9302,471.01239696969697,16.051370609553086,2011-01,1,43.5,2,27,Lost Customers,Reactivate cheaply or release. Longest dormancy in the panel. Use low-cost channels only; do not fund deep discounts to chase them.,"Relative label, and the most easily misread. Dormancy runs 36-428 days with a median near 49 - only 1 customer in the whole panel exceeds 180 days. These customers are not lost in any real sense; they are simply the least recent quintile.",1,3,3,7,43,1435,Heather Kirkland,0,2011,20110126
HELEN_ABELMAN,Consumer,US,United States,2011-06-30,2014-12-18,28,16933.41844,-761.6941599999998,604.7649442857144,-4.498171250529847,2011-06,1,46.92592592592592,3,24,Loyal Customers,Grow basket size. Consistent buyers with room to move up. Cross-sell adjacent sub-categories and bundle the low-margin items they already buy.,Relative label: upper-middle recency and value within this panel.,3,2,4,9,13,1280,Helen Abelman,1,2011,20110630
HELEN_ANDREADA,Consumer,APAC,United States,2011-02-14,2014-12-11,31,10411.0721,1561.1585999999998,335.84103548387094,14.995176145211786,2011-02,1,46.53333333333333,5,25,Potential Loyalists,Convert to loyal. Recently active but spending below their cohort. Targeted category offers and a second-order incentive are justified here.,Relative label: recent but below-panel-average value. Not 'new' - see New Customers.,3,3,1,7,20,1416,Helen Andreada,0,2011,20110214
HELEN_WASSERMAN,Corporate,APAC,United States,2011-09-23,2014-11-27,35,18374.026,2555.1131,524.9721714285715,13.906114533635686,2011-09,1,34.14705882352941,1,28,At Risk,"Reactivate now. Previously valuable, engagement slipping. Time-boxed win-back offer plus a service check - review whether returns or late shipments preceded the drop-off.","Relative label. Median dormancy is only ~28 days; this is the second-lowest recency quintile of a highly active panel, NOT evidence of churn.",2,4,4,10,34,1195,Helen Wasserman,0,2011,20110923
HENIA_ZYDLO,Consumer,APAC,United States,2011-01-08,2014-11-26,28,12486.8208,741.4828999999997,445.9578857142857,5.938123977882342,2011-01,1,52.51851851851852,1,22,At Risk,"Reactivate now. Previously valuable, engagement slipping. Time-boxed win-back offer plus a service check - review whether returns or late shipments preceded the drop-off.","Relative label. Median dormancy is only ~28 days; this is the second-lowest recency quintile of a highly active panel, NOT evidence of churn.",2,2,2,6,35,1453,Henia Zydlo,0,2011,20110108
HENRY_GOLDWYN,Corporate,APAC,United States,2011-09-20,2014-12-08,39,17165.2746,-1597.5109000000004,440.1352461538462,-9.306643425325689,2011-09,1,30.92105263157895,2,34,At Risk,"Reactivate now. Previously valuable, engagement slipping. Time-boxed win-back offer plus a service check - review whether returns or late shipments preceded the drop-off.","Relative label. Median dormancy is only ~28 days; this is the second-lowest recency quintile of a highly active panel, NOT evidence of churn.",2,5,4,11,23,1198,Henry Goldwyn,1,2011,20110920
HENRY_MACALLISTER,Consumer,APAC,Australia,2011-08-15,2014-12-06,34,17128.0896,2673.3391,503.76734117647055,15.607923372843638,2011-08,1,36.63636363636363,1,29,At Risk,"Reactivate now. Previously valuable, engagement slipping. Time-boxed win-back offer plus a service check - review whether returns or late shipments preceded the drop-off.","Relative label. Median dormancy is only ~28 days; this is the second-lowest recency quintile of a highly active panel, NOT evidence of churn.",2,4,4,10,25,1234,Henry MacAllister,0,2011,20110815
HERBERT_FLENTYE,Consumer,EU,United States,2011-01-28,2014-12-17,36,11812.8429,-653.1278999999997,328.134525,-5.5289645814218,2011-01,1,40.54285714285714,2,28,Loyal Customers,Grow basket size. Consistent buyers with room to move up. Cross-sell adjacent sub-categories and bundle the low-margin items they already buy.,Relative label: upper-middle recency and value within this panel.,3,4,2,9,14,1433,Herbert Flentye,1,2011,20110128
HILARY_HOLDEN,Corporate,APAC,Australia,2011-07-07,2014-11-07,27,15229.30782,2432.32402,564.0484377777777,15.971336640827056,2011-07,1,46.88461538461539,4,24,Lost Customers,Reactivate cheaply or release. Longest dormancy in the panel. Use low-cost channels only; do not fund deep discounts to chase them.,"Relative label, and the most easily misread. Dormancy runs 36-428 days with a median near 49 - only 1 customer in the whole panel exceeds 180 days. These customers are not lost in any real sense; they are simply the least recent quintile.",1,1,3,5,54,1273,Hilary Holden,0,2011,20110707
HUNTER_GLANTZ,Consumer,APAC,United States,2011-01-26,2014-12-25,36,16214.4186,1532.9159,450.40051666666665,9.454029390853398,2011-01,1,40.82857142857143,0,29,Loyal Customers,Grow basket size. Consistent buyers with room to move up. Cross-sell adjacent sub-categories and bundle the low-margin items they already buy.,Relative label: upper-middle recency and value within this panel.,4,4,3,11,6,1435,Hunter Glantz,0,2011,20110126
HUNTER_LOPEZ,Consumer,APAC,United States,2011-01-21,2014-12-01,24,30243.56658,7816.56778,1260.1486075,25.845390157022948,2011-01,1,61.30434782608695,0,20,At Risk,"Reactivate now. Previously valuable, engagement slipping. Time-boxed win-back offer plus a service check - review whether returns or late shipments preceded the drop-off.","Relative label. Median dormancy is only ~28 days; this is the second-lowest recency quintile of a highly active panel, NOT evidence of churn.",2,1,5,8,30,1440,Hunter Lopez,0,2011,20110121
IONIA_MCGRATH,Consumer,EU,France,2011-01-24,2014-12-16,22,9479.78976,2447.97986,430.8995345454545,25.82314504831381,2011-01,1,67.71428571428571,1,15,Potential Loyalists,Convert to loyal. Recently active but spending below their cohort. Targeted category offers and a second-order incentive are justified here.,Relative label: recent but below-panel-average value. Not 'new' - see New Customers.,3,1,1,5,15,1437,Ionia McGrath,0,2011,20110124
IRENE_MADDOX,Consumer,EU,United States,2011-01-20,2014-11-21,34,19918.16712,-680.3041800000003,585.8284447058822,-3.41549589327876,2011-01,1,42.45454545454545,1,27,Lost Customers,Reactivate cheaply or release. Longest dormancy in the panel. Use low-cost channels only; do not fund deep discounts to chase them.,"Relative label, and the most easily misread. Dormancy runs 36-428 days with a median near 49 - only 1 customer in the whole panel exceeds 180 days. These customers are not lost in any real sense; they are simply the least recent quintile.",1,4,4,9,40,1441,Irene Maddox,1,2011,20110120
IVAN_GIBSON,Consumer,EU,Australia,2011-04-25,2014-12-30,37,16149.37398,1911.16818,436.46956702702704,11.834317431541702,2011-04,1,37.36111111111112,3,25,Loyal Customers,Grow basket size. Consistent buyers with room to move up. Cross-sell adjacent sub-categories and bundle the low-margin items they already buy.,Relative label: upper-middle recency and value within this panel.,5,4,3,12,1,1346,Ivan Gibson,0,2011,20110425
IVAN_LISTON,Consumer,LATAM,United States,2011-06-09,2014-09-06,32,12855.50176,1181.0727599999998,401.73443,9.187294141057317,2011-06,1,38.2258064516129,2,25,Lost Customers,Reactivate cheaply or release. Longest dormancy in the panel. Use low-cost channels only; do not fund deep discounts to chase them.,"Relative label, and the most easily misread. Dormancy runs 36-428 days with a median near 49 - only 1 customer in the whole panel exceeds 180 days. These customers are not lost in any real sense; they are simply the least recent quintile.",1,3,2,6,116,1301,Ivan Liston,0,2011,20110609
JACK_GARZA,Consumer,LATAM,Mexico,2011-01-03,2014-12-26,28,15709.50388,-922.2610199999996,561.05371,-5.870720215258634,2011-01,1,53.81481481481482,1,19,Potential Loyalists,Convert to loyal. Recently active but spending below their cohort. Targeted category offers and a second-order incentive are justified here.,Relative label: recent but below-panel-average value. Not 'new' - see New Customers.,5,2,3,10,5,1458,Jack Garza,1,2011,20110103
JACK_LEBRON,Consumer,LATAM,United States,2011-03-21,2014-12-23,40,18673.89914,1040.1775400000006,466.8474785,5.570221474378172,2011-03,1,35.205128205128204,2,28,Champions,Protect. Highest value and most recently active. Give early access to new ranges and priority fulfilment; do NOT spend discount here - they already buy at the best margins.,Relative label: top recency and value quintiles within this 795-customer panel.,4,5,4,13,8,1381,Jack Lebron,0,2011,20110321
JACK_O_BRIANT,Corporate,US,United States,2011-01-07,2014-12-26,29,13345.69,3045.2555,460.19620689655176,22.81826941881611,2011-01,1,51.75,2,23,Potential Loyalists,Convert to loyal. Recently active but spending below their cohort. Targeted category offers and a second-order incentive are justified here.,Relative label: recent but below-panel-average value. Not 'new' - see New Customers.,5,2,2,9,5,1454,Jack O'Briant,0,2011,20110107
JAMES_GALANG,Consumer,US,United States,2011-05-30,2014-12-30,40,21551.526,4549.1004,538.78815,21.10801991469189,2011-05,1,33.58974358974359,4,32,Champions,Protect. Highest value and most recently active. Give early access to new ranges and priority fulfilment; do NOT spend discount here - they already buy at the best margins.,Relative label: top recency and value quintiles within this 795-customer panel.,5,5,5,15,1,1311,James Galang,0,2011,20110530
JAMES_LANIER,Home Office,LATAM,United States,2011-01-13,2014-12-25,32,14852.96246,1701.17116,464.155076875,11.45341317990512,2011-01,1,46.516129032258064,1,27,Loyal Customers,Grow basket size. Consistent buyers with room to move up. Cross-sell adjacent sub-categories and bundle the low-margin items they already buy.,Relative label: upper-middle recency and value within this panel.,4,3,3,10,6,1448,James Lanier,0,2011,20110113
JAMIE_FRAZER,Consumer,APAC,United States,2011-03-26,2014-12-25,36,20574.8755,1722.6054000000006,571.5243194444445,8.372373383255711,2011-03,1,39.142857142857146,0,28,Champions,Protect. Highest value and most recently active. Give early access to new ranges and priority fulfilment; do NOT spend discount here - they already buy at the best margins.,Relative label: top recency and value quintiles within this 795-customer panel.,4,4,5,13,6,1376,Jamie Frazer,0,2011,20110326
JAMIE_KUNITZ,Consumer,LATAM,United States,2011-06-06,2014-10-31,29,12534.6012,2763.7822,432.22762758620695,22.04922323336461,2011-06,1,44.392857142857146,4,24,Lost Customers,Reactivate cheaply or release. Longest dormancy in the panel. Use low-cost channels only; do not fund deep discounts to chase them.,"Relative label, and the most easily misread. Dormancy runs 36-428 days with a median near 49 - only 1 customer in the whole panel exceeds 180 days. These customers are not lost in any real sense; they are simply the least recent quintile.",1,2,2,5,61,1304,Jamie Kunitz,0,2011,20110606
JANET_LEE,Consumer,APAC,United States,2011-03-09,2014-12-30,28,20477.10164,4730.68904,731.3250585714286,23.102337055157577,2011-03,1,51.55555555555556,0,24,Loyal Customers,Grow basket size. Consistent buyers with room to move up. Cross-sell adjacent sub-categories and bundle the low-margin items they already buy.,Relative label: upper-middle recency and value within this panel.,5,2,5,12,1,1393,Janet Lee,0,2011,20110309
JANET_MARTIN,Consumer,APAC,United States,2011-01-24,2014-12-25,29,18018.66282,1664.6543199999994,621.3332006896552,9.238500862296505,2011-01,1,51.10714285714285,1,24,Loyal Customers,Grow basket size. Consistent buyers with room to move up. Cross-sell adjacent sub-categories and bundle the low-margin items they already buy.,Relative label: upper-middle recency and value within this panel.,4,2,4,10,6,1437,Janet Martin,0,2011,20110124
JANET_MOLINARI,Corporate,APAC,United States,2011-03-18,2014-11-24,33,16168.4657,2780.094,489.95350606060606,17.19454431597675,2011-03,1,42.09375,3,29,Lost Customers,Reactivate cheaply or release. Longest dormancy in the panel. Use low-cost channels only; do not fund deep discounts to chase them.,"Relative label, and the most easily misread. Dormancy runs 36-428 days with a median near 49 - only 1 customer in the whole panel exceeds 180 days. These customers are not lost in any real sense; they are simply the least recent quintile.",1,3,3,7,37,1384,Janet Molinari,0,2011,20110318
JANE_WACO,Corporate,EU,United States,2011-05-16,2014-12-19,40,30288.4503,6265.8457,757.2112575,20.687244272778127,2011-05,1,33.666666666666664,1,34,Champions,Protect. Highest value and most recently active. Give early access to new ranges and priority fulfilment; do NOT spend discount here - they already buy at the best margins.,Relative label: top recency and value quintiles within this 795-customer panel.,4,5,5,14,12,1325,Jane Waco,0,2011,20110516
JASON_FORTUNE,Consumer,EU,United States,2011-03-14,2014-11-05,32,22816.1923,2692.5273,713.006009375,11.800949363492172,2011-03,1,42.96774193548387,0,24,Lost Customers,Reactivate cheaply or release. Longest dormancy in the panel. Use low-cost channels only; do not fund deep discounts to chase them.,"Relative label, and the most easily misread. Dormancy runs 36-428 days with a median near 49 - only 1 customer in the whole panel exceeds 180 days. These customers are not lost in any real sense; they are simply the least recent quintile.",1,3,5,9,56,1388,Jason Fortune-,0,2011,20110314
JASON_GROSS,Corporate,APAC,United States,2011-06-25,2014-12-29,29,13570.6979,2254.6355,467.9551,16.61399816438328,2011-06,1,45.82142857142857,2,24,Potential Loyalists,Convert to loyal. Recently active but spending below their cohort. Targeted category offers and a second-order incentive are justified here.,Relative label: recent but below-panel-average value. Not 'new' - see New Customers.,5,2,2,9,2,1285,Jason Gross,0,2011,20110625
JASON_KLAMCZYNSKI,Corporate,APAC,Australia,2011-01-22,2014-10-15,31,17204.23132,2022.38702,554.9752038709677,11.755172215389626,2011-01,1,45.4,3,28,Lost Customers,Reactivate cheaply or release. Longest dormancy in the panel. Use low-cost channels only; do not fund deep discounts to chase them.,"Relative label, and the most easily misread. Dormancy runs 36-428 days with a median near 49 - only 1 customer in the whole panel exceeds 180 days. These customers are not lost in any real sense; they are simply the least recent quintile.",1,3,4,8,77,1439,Jason Klamczynski,0,2011,20110122
JASPER_CACIOPPO,Consumer,EU,France,2011-01-04,2014-11-27,35,18442.3896,337.7910000000005,526.9254171428572,1.831601041548328,2011-01,1,41.85294117647059,1,29,At Risk,"Reactivate now. Previously valuable, engagement slipping. Time-boxed win-back offer plus a service check - review whether returns or late shipments preceded the drop-off.","Relative label. Median dormancy is only ~28 days; this is the second-lowest recency quintile of a highly active panel, NOT evidence of churn.",2,4,4,10,34,1457,Jasper Cacioppo,0,2011,20110104
JAS_O_CARROLL,Consumer,APAC,United States,2011-01-03,2014-12-17,25,8818.4151,1905.7893,352.736604,21.61147188455667,2011-01,1,60.16666666666666,0,21,Potential Loyalists,Convert to loyal. Recently active but spending below their cohort. Targeted category offers and a second-order incentive are justified here.,Relative label: recent but below-panel-average value. Not 'new' - see New Customers.,3,1,1,5,14,1458,Jas O'Carroll,0,2011,20110103
JAY_FEIN,Consumer,EU,United States,2011-01-26,2014-12-18,31,10819.33,-1874.675,349.0106451612903,-17.327089570241412,2011-01,1,47.4,2,22,Potential Loyalists,Convert to loyal. Recently active but spending below their cohort. Targeted category offers and a second-order incentive are justified here.,Relative label: recent but below-panel-average value. Not 'new' - see New Customers.,3,3,1,7,13,1435,Jay Fein,1,2011,20110126
JAY_KIMMEL,Consumer,EU,United States,2011-04-11,2014-12-30,33,13400.96604,1550.0478399999995,406.0898800000001,11.56668732219248,2011-04,1,42.46875,2,27,Potential Loyalists,Convert to loyal. Recently active but spending below their cohort. Targeted category offers and a second-order incentive are justified here.,Relative label: recent but below-panel-average value. Not 'new' - see New Customers.,5,3,2,10,1,1360,Jay Kimmel,0,2011,20110411
JENNA_CAFFEY,Consumer,LATAM,Dominican Republic,2011-10-29,2014-12-23,34,16162.00592,1304.5623199999998,475.3531152941177,8.071784693418795,2011-10,1,34.878787878787875,4,25,Loyal Customers,Grow basket size. Consistent buyers with room to move up. Cross-sell adjacent sub-categories and bundle the low-margin items they already buy.,Relative label: upper-middle recency and value within this panel.,4,4,3,11,8,1159,Jenna Caffey,0,2011,20111029
JENNIFER_BRAXTON,Corporate,EU,United States,2011-04-01,2014-12-24,41,15257.5339,2451.8621,372.1349731707317,16.069845337194366,2011-04,1,34.075,2,34,Champions,Protect. Highest value and most recently active. Give early access to new ranges and priority fulfilment; do NOT spend discount here - they already buy at the best margins.,Relative label: top recency and value quintiles within this 795-customer panel.,4,5,3,12,7,1370,Jennifer Braxton,0,2011,20110401
JENNIFER_FERGUSON,Consumer,Africa,United States,2011-06-09,2014-12-29,34,22944.48588,2666.8454800000004,674.83782,11.623034370644175,2011-06,1,39.36363636363637,0,23,Champions,Protect. Highest value and most recently active. Give early access to new ranges and priority fulfilment; do NOT spend discount here - they already buy at the best margins.,Relative label: top recency and value quintiles within this 795-customer panel.,5,4,5,14,2,1301,Jennifer Ferguson,0,2011,20110609
JENNIFER_HALLADAY,Consumer,LATAM,United States,2011-01-05,2014-12-26,40,12689.6723,1590.6942,317.2418075,12.53534498286453,2011-01,1,37.20512820512821,2,31,Loyal Customers,Grow basket size. Consistent buyers with room to move up. Cross-sell adjacent sub-categories and bundle the low-margin items they already buy.,Relative label: upper-middle recency and value within this panel.,5,5,2,12,5,1456,Jennifer Halladay,0,2011,20110105
JENNIFER_JACKSON,Consumer,APAC,United States,2011-05-18,2014-12-12,25,12187.0514,1022.6992,487.482056,8.391686934216096,2011-05,1,54.333333333333336,1,19,Potential Loyalists,Convert to loyal. Recently active but spending below their cohort. Targeted category offers and a second-order incentive are justified here.,Relative label: recent but below-panel-average value. Not 'new' - see New Customers.,3,1,2,6,19,1323,Jennifer Jackson,0,2011,20110518
JENNIFER_PATT,Corporate,EMEA,United States,2011-02-10,2014-11-25,36,14210.38782,2079.42932,394.732995,14.633163755554705,2011-02,1,39.54285714285714,4,26,At Risk,"Reactivate now. Previously valuable, engagement slipping. Time-boxed win-back offer plus a service check - review whether returns or late shipments preceded the drop-off.","Relative label. Median dormancy is only ~28 days; this is the second-lowest recency quintile of a highly active panel, NOT evidence of churn.",2,4,3,9,36,1420,Jennifer Patt,0,2011,20110210
JEREMY_ELLISON,Consumer,EU,United States,2011-02-15,2014-12-04,30,6819.254,1318.1717,227.30846666666667,19.330145203566254,2011-02,1,47.86206896551724,0,22,At Risk,"Reactivate now. Previously valuable, engagement slipping. Time-boxed win-back offer plus a service check - review whether returns or late shipments preceded the drop-off.","Relative label. Median dormancy is only ~28 days; this is the second-lowest recency quintile of a highly active panel, NOT evidence of churn.",2,2,1,5,27,1415,Jeremy Ellison,0,2011,20110215
JEREMY_FARRY,Consumer,US,United States,2011-03-01,2014-12-27,37,10721.91786,1200.1025599999998,289.7815637837838,11.192984088016503,2011-03,1,38.80555555555556,0,30,Potential Loyalists,Convert to loyal. Recently active but spending below their cohort. Targeted category offers and a second-order incentive are justified here.,Relative label: recent but below-panel-average value. Not 'new' - see New Customers.,5,4,1,10,4,1401,Jeremy Farry,0,2011,20110301
JEREMY_LONSDALE,Consumer,LATAM,United States,2011-06-19,2014-12-01,25,11361.035,1186.2773,454.4414,10.441630538062777,2011-06,1,52.54166666666666,0,22,At Risk,"Reactivate now. Previously valuable, engagement slipping. Time-boxed win-back offer plus a service check - review whether returns or late shipments preceded the drop-off.","Relative label. Median dormancy is only ~28 days; this is the second-lowest recency quintile of a highly active panel, NOT evidence of churn.",2,1,1,4,30,1291,Jeremy Lonsdale,0,2011,20110619
JEREMY_PISTEK,Consumer,LATAM,United States,2011-08-12,2014-12-23,30,18656.57396,3170.16016,621.8857986666667,16.992188205599135,2011-08,1,42.37931034482759,1,26,Loyal Customers,Grow basket size. Consistent buyers with room to move up. Cross-sell adjacent sub-categories and bundle the low-margin items they already buy.,Relative label: upper-middle recency and value within this panel.,4,2,4,10,8,1237,Jeremy Pistek,0,2011,20110812
JESSICA_MYRICK,Consumer,APAC,United States,2011-04-25,2014-12-17,25,7790.23,1358.9264999999998,311.60920000000004,17.44398432395449,2011-04,1,55.5,1,20,Potential Loyalists,Convert to loyal. Recently active but spending below their cohort. Targeted category offers and a second-order incentive are justified here.,Relative label: recent but below-panel-average value. Not 'new' - see New Customers.,3,1,1,5,14,1346,Jessica Myrick,0,2011,20110425
JESUS_OCAMPO,Home Office,APAC,United States,2011-08-09,2014-12-19,28,8206.674,582.7568999999999,293.0955,7.101011932483242,2011-08,1,45.48148148148148,0,19,Potential Loyalists,Convert to loyal. Recently active but spending below their cohort. Targeted category offers and a second-order incentive are justified here.,Relative label: recent but below-panel-average value. Not 'new' - see New Customers.,4,2,1,7,12,1240,Jesus Ocampo,0,2011,20110809
JILL_FJELD,Consumer,EU,United States,2011-06-16,2014-12-30,35,23620.84866,4877.68546,674.8813902857142,20.6499162253216,2011-06,1,38.02941176470589,1,29,Champions,Protect. Highest value and most recently active. Give early access to new ranges and priority fulfilment; do NOT spend discount here - they already buy at the best margins.,Relative label: top recency and value quintiles within this 795-customer panel.,5,4,5,14,1,1294,Jill Fjeld,0,2011,20110616
JILL_MATTHIAS,Consumer,APAC,United States,2011-01-24,2014-12-31,29,14176.18,1716.7324,488.8337931034483,12.109978851848664,2011-01,1,51.32142857142857,1,24,Potential Loyalists,Convert to loyal. Recently active but spending below their cohort. Targeted category offers and a second-order incentive are justified here.,Relative label: recent but below-panel-average value. Not 'new' - see New Customers.,5,2,3,10,0,1437,Jill Matthias,0,2011,20110124
JILL_STEVENSON,Corporate,EU,Germany,2011-03-03,2014-12-26,24,10141.3295,-161.19350000000009,422.5553958333333,-1.5894710846344169,2011-03,1,60.60869565217392,2,18,Potential Loyalists,Convert to loyal. Recently active but spending below their cohort. Targeted category offers and a second-order incentive are justified here.,Relative label: recent but below-panel-average value. Not 'new' - see New Customers.,5,1,1,7,5,1399,Jill Stevenson,1,2011,20110303
JIM_EPP,Corporate,APAC,United States,2011-10-06,2014-11-19,32,13949.5474,1371.9133,435.92335625,9.834823028021685,2011-10,1,36.774193548387096,2,26,Lost Customers,Reactivate cheaply or release. Longest dormancy in the panel. Use low-cost channels only; do not fund deep discounts to chase them.,"Relative label, and the most easily misread. Dormancy runs 36-428 days with a median near 49 - only 1 customer in the whole panel exceeds 180 days. These customers are not lost in any real sense; they are simply the least recent quintile.",1,3,3,7,42,1182,Jim Epp,0,2011,20111006
JIM_KARLSSON,Consumer,LATAM,United States,2011-03-21,2014-12-30,35,17119.1711,3976.3416,489.1191742857143,23.227418995771355,2011-03,1,40.588235294117645,2,27,Champions,Protect. Highest value and most recently active. Give early access to new ranges and priority fulfilment; do NOT spend discount here - they already buy at the best margins.,Relative label: top recency and value quintiles within this 795-customer panel.,5,4,4,13,1,1381,Jim Karlsson,0,2011,20110321
JIM_KRIZ,Home Office,LATAM,United States,2011-09-19,2014-12-31,30,13065.8795,2754.2758,435.5293166666667,21.07991122985636,2011-09,1,41.3448275862069,0,26,Potential Loyalists,Convert to loyal. Recently active but spending below their cohort. Targeted category offers and a second-order incentive are justified here.,Relative label: recent but below-panel-average value. Not 'new' - see New Customers.,5,2,2,9,0,1199,Jim Kriz,0,2011,20110919
JIM_MITCHUM,Corporate,LATAM,United States,2011-02-24,2014-12-23,42,19897.39706,1798.53406,473.74754904761903,9.039041913756732,2011-02,1,34.09756097560975,0,34,Champions,Protect. Highest value and most recently active. Give early access to new ranges and priority fulfilment; do NOT spend discount here - they already buy at the best margins.,Relative label: top recency and value quintiles within this 795-customer panel.,4,5,4,13,8,1406,Jim Mitchum,0,2011,20110224
JIM_RADFORD,Consumer,EU,United Kingdom,2011-02-18,2014-12-19,26,15923.1256,-760.4169,612.4279076923077,-4.775550473582901,2011-02,1,56.0,1,20,Potential Loyalists,Convert to loyal. Recently active but spending below their cohort. Targeted category offers and a second-order incentive are justified here.,Relative label: recent but below-panel-average value. Not 'new' - see New Customers.,4,1,3,8,12,1412,Jim Radford,1,2011,20110218
JIM_SINK,Corporate,LATAM,France,2011-06-07,2014-11-21,31,16282.5795,2350.4863,525.2445,14.435589275028564,2011-06,1,42.1,2,26,Lost Customers,Reactivate cheaply or release. Longest dormancy in the panel. Use low-cost channels only; do not fund deep discounts to chase them.,"Relative label, and the most easily misread. Dormancy runs 36-428 days with a median near 49 - only 1 customer in the whole panel exceeds 180 days. These customers are not lost in any real sense; they are simply the least recent quintile.",1,3,3,7,40,1303,Jim Sink,0,2011,20110607
JOCASTA_RUPERT,Consumer,LATAM,Australia,2011-01-10,2014-12-24,24,11241.48276,932.5277599999996,468.395115,8.295416004356348,2011-01,1,62.78260869565217,0,18,Potential Loyalists,Convert to loyal. Recently active but spending below their cohort. Targeted category offers and a second-order incentive are justified here.,Relative label: recent but below-panel-average value. Not 'new' - see New Customers.,4,1,1,6,7,1451,Jocasta Rupert,0,2011,20110110
JOEL_EATON,Consumer,US,United States,2011-06-22,2014-11-29,42,21904.62896,1528.78066,521.5387847619047,6.979258415158291,2011-06,1,30.634146341463413,1,35,At Risk,"Reactivate now. Previously valuable, engagement slipping. Time-boxed win-back offer plus a service check - review whether returns or late shipments preceded the drop-off.","Relative label. Median dormancy is only ~28 days; this is the second-lowest recency quintile of a highly active panel, NOT evidence of churn.",2,5,5,12,32,1288,Joel Eaton,0,2011,20110622
JOEL_JENKINS,Home Office,EU,China,2011-08-24,2014-12-29,34,19993.76708,1848.98628,588.0519729411765,9.247813444068589,2011-08,1,37.06060606060606,1,28,Champions,Protect. Highest value and most recently active. Give early access to new ranges and priority fulfilment; do NOT spend discount here - they already buy at the best margins.,Relative label: top recency and value quintiles within this 795-customer panel.,5,4,5,14,2,1225,Joel Jenkins,0,2011,20110824
JOE_ELIJAH,Consumer,APAC,United States,2011-01-08,2014-12-22,43,22455.5689,3620.8885,522.2225325581395,16.12467943308263,2011-01,1,34.38095238095238,4,36,Champions,Protect. Highest value and most recently active. Give early access to new ranges and priority fulfilment; do NOT spend discount here - they already buy at the best margins.,Relative label: top recency and value quintiles within this 795-customer panel.,4,5,5,14,9,1453,Joe Elijah,0,2011,20110108
JOE_KAMBEROVA,Consumer,US,United States,2011-03-08,2014-11-13,40,26688.762,4373.5003,667.2190499999999,16.387048226515713,2011-03,1,34.51282051282051,2,34,Lost Customers,Reactivate cheaply or release. Longest dormancy in the panel. Use low-cost channels only; do not fund deep discounts to chase them.,"Relative label, and the most easily misread. Dormancy runs 36-428 days with a median near 49 - only 1 customer in the whole panel exceeds 180 days. These customers are not lost in any real sense; they are simply the least recent quintile.",1,5,5,11,48,1394,Joe Kamberova,0,2011,20110308
JOHN_CASTELL,Consumer,US,United States,2011-09-14,2014-12-30,30,12295.27204,1858.38624,409.8424013333333,15.114641090934333,2011-09,1,41.48275862068966,3,25,Potential Loyalists,Convert to loyal. Recently active but spending below their cohort. Targeted category offers and a second-order incentive are justified here.,Relative label: recent but below-panel-average value. Not 'new' - see New Customers.,5,2,2,9,1,1204,John Castell,0,2011,20110914
JOHN_DRYER,Consumer,APAC,United States,2011-06-03,2014-12-16,29,11590.82176,-1198.7127400000002,399.6835089655172,-10.341913324357774,2011-06,1,46.142857142857146,1,24,Potential Loyalists,Convert to loyal. Recently active but spending below their cohort. Targeted category offers and a second-order incentive are justified here.,Relative label: recent but below-panel-average value. Not 'new' - see New Customers.,3,2,2,7,15,1307,John Dryer,1,2011,20110603
JOHN_GRADY,Corporate,EU,United States,2011-04-05,2014-12-31,40,22223.7662,3280.7801,555.594155,14.76248476732085,2011-04,1,35.02564102564103,4,37,Champions,Protect. Highest value and most recently active. Give early access to new ranges and priority fulfilment; do NOT spend discount here - they already buy at the best margins.,Relative label: top recency and value quintiles within this 795-customer panel.,5,5,5,15,0,1366,John Grady,0,2011,20110405
JOHN_HUSTON,Consumer,APAC,United States,2011-02-10,2014-12-18,38,25945.7315,5395.8237,682.7824078947369,20.796575729614712,2011-02,1,38.02702702702703,1,31,Loyal Customers,Grow basket size. Consistent buyers with room to move up. Cross-sell adjacent sub-categories and bundle the low-margin items they already buy.,Relative label: upper-middle recency and value within this panel.,3,5,5,13,13,1420,John Huston,0,2011,20110210
JOHN_LEE,Consumer,US,United States,2011-03-04,2014-12-10,37,25982.318,2393.0019999999995,702.2248108108108,9.210117434479862,2011-03,1,38.25,3,30,Loyal Customers,Grow basket size. Consistent buyers with room to move up. Cross-sell adjacent sub-categories and bundle the low-margin items they already buy.,Relative label: upper-middle recency and value within this panel.,3,4,5,12,21,1398,John Lee,0,2011,20110304
JOHN_LUCAS,Consumer,EU,United States,2011-02-21,2014-11-17,26,10501.278,354.2466000000001,403.8953076923077,3.373366555956333,2011-02,1,54.6,2,22,Lost Customers,Reactivate cheaply or release. Longest dormancy in the panel. Use low-cost channels only; do not fund deep discounts to chase them.,"Relative label, and the most easily misread. Dormancy runs 36-428 days with a median near 49 - only 1 customer in the whole panel exceeds 180 days. These customers are not lost in any real sense; they are simply the least recent quintile.",1,1,1,3,44,1409,John Lucas,0,2011,20110221
JOHN_MURRAY,Consumer,EU,United States,2011-10-07,2014-10-24,35,22386.2145,2318.114900000001,639.6061285714286,10.355100010321088,2011-10,1,32.73529411764706,2,29,Lost Customers,Reactivate cheaply or release. Longest dormancy in the panel. Use low-cost channels only; do not fund deep discounts to chase them.,"Relative label, and the most easily misread. Dormancy runs 36-428 days with a median near 49 - only 1 customer in the whole panel exceeds 180 days. These customers are not lost in any real sense; they are simply the least recent quintile.",1,4,5,10,68,1181,John Murray,0,2011,20111007
JOHN_STEVENSON,Consumer,APAC,United States,2011-04-08,2014-12-20,26,12189.0971,491.39690000000047,468.8114269230769,4.031446266844494,2011-04,1,54.08,1,20,Potential Loyalists,Convert to loyal. Recently active but spending below their cohort. Targeted category offers and a second-order incentive are justified here.,Relative label: recent but below-panel-average value. Not 'new' - see New Customers.,4,1,2,7,11,1363,John Stevenson,0,2011,20110408
JONATHAN_DOHERTY,Corporate,US,United States,2011-03-26,2014-12-29,38,19481.75822,1726.79102,512.6778478947368,8.863630276590099,2011-03,1,37.13513513513514,1,32,Champions,Protect. Highest value and most recently active. Give early access to new ranges and priority fulfilment; do NOT spend discount here - they already buy at the best margins.,Relative label: top recency and value quintiles within this 795-customer panel.,5,5,4,14,2,1376,Jonathan Doherty,0,2011,20110326
JONATHAN_HOWELL,Consumer,APAC,United States,2011-04-08,2014-11-21,40,16546.7117,705.0601999999998,413.6677925,4.261029096191963,2011-04,1,33.92307692307692,1,32,Lost Customers,Reactivate cheaply or release. Longest dormancy in the panel. Use low-cost channels only; do not fund deep discounts to chase them.,"Relative label, and the most easily misread. Dormancy runs 36-428 days with a median near 49 - only 1 customer in the whole panel exceeds 180 days. These customers are not lost in any real sense; they are simply the least recent quintile.",1,5,4,10,40,1363,Jonathan Howell,0,2011,20110408
JONI_BLUMSTEIN,Consumer,APAC,China,2011-09-16,2014-12-22,27,13337.37896,1130.5061599999997,493.97699851851854,8.476224327062232,2011-09,1,45.88461538461539,3,19,Potential Loyalists,Convert to loyal. Recently active but spending below their cohort. Targeted category offers and a second-order incentive are justified here.,Relative label: recent but below-panel-average value. Not 'new' - see New Customers.,4,1,2,7,9,1202,Joni Blumstein,0,2011,20110916
JONI_SUNDARESAM,Home Office,EMEA,United States,2011-01-24,2014-12-26,28,6802.106,11.973400000000098,242.93235714285717,0.1760248958190316,2011-01,1,53.03703703703704,0,15,Potential Loyalists,Convert to loyal. Recently active but spending below their cohort. Targeted category offers and a second-order incentive are justified here.,Relative label: recent but below-panel-average value. Not 'new' - see New Customers.,4,2,1,7,5,1437,Joni Sundaresam,0,2011,20110124
JONI_WASSERMAN,Consumer,APAC,United States,2011-06-14,2014-12-26,32,10948.6287,657.1067999999999,342.14464687500003,6.001726955997694,2011-06,1,41.64516129032258,2,30,Potential Loyalists,Convert to loyal. Recently active but spending below their cohort. Targeted category offers and a second-order incentive are justified here.,Relative label: recent but below-panel-average value. Not 'new' - see New Customers.,4,3,1,8,5,1296,Joni Wasserman,0,2011,20110614
JOSEPH_AIRDO,Consumer,EU,United States,2011-06-21,2014-12-31,32,18162.6977,842.3299999999998,567.584303125,4.637692119932161,2011-06,1,41.58064516129032,1,25,Loyal Customers,Grow basket size. Consistent buyers with room to move up. Cross-sell adjacent sub-categories and bundle the low-margin items they already buy.,Relative label: upper-middle recency and value within this panel.,5,3,4,12,0,1289,Joseph Airdo,0,2011,20110621
JOSEPH_HOLT,Consumer,LATAM,United States,2011-01-01,2014-12-20,45,20936.8844,386.6781999999996,465.26409777777775,1.8468755551805007,2011-01,1,32.93181818181818,5,38,Champions,Protect. Highest value and most recently active. Give early access to new ranges and priority fulfilment; do NOT spend discount here - they already buy at the best margins.,Relative label: top recency and value quintiles within this 795-customer panel.,4,5,5,14,11,1460,Joseph Holt,0,2011,20110101
JOY_BELL,Consumer,EU,United States,2011-03-30,2014-12-30,39,24008.18712,2867.92322,615.5945415384616,11.94560507907271,2011-03,1,36.078947368421055,1,32,Champions,Protect. Highest value and most recently active. Give early access to new ranges and priority fulfilment; do NOT spend discount here - they already buy at the best margins.,Relative label: top recency and value quintiles within this 795-customer panel.,5,5,5,15,1,1372,Joy Bell-,0,2011,20110330
JOY_DANIELS,Consumer,LATAM,United States,2011-06-10,2014-11-19,32,11343.4093,-604.4102000000001,354.481540625,-5.328294025324469,2011-06,1,40.58064516129032,4,24,Lost Customers,Reactivate cheaply or release. Longest dormancy in the panel. Use low-cost channels only; do not fund deep discounts to chase them.,"Relative label, and the most easily misread. Dormancy runs 36-428 days with a median near 49 - only 1 customer in the whole panel exceeds 180 days. These customers are not lost in any real sense; they are simply the least recent quintile.",1,3,1,5,42,1300,Joy Daniels,1,2011,20110610
JOY_SMITH,Consumer,APAC,United States,2011-01-07,2014-12-10,36,20791.85098,-103.00052000000028,577.551416111111,-0.4953888910567802,2011-01,1,40.94285714285714,2,32,Loyal Customers,Grow basket size. Consistent buyers with room to move up. Cross-sell adjacent sub-categories and bundle the low-margin items they already buy.,Relative label: upper-middle recency and value within this panel.,3,4,5,12,21,1454,Joy Smith,1,2011,20110107
JULIANA_KROHN,Consumer,EU,Germany,2011-06-18,2014-12-23,38,23134.25284,1798.2473400000003,608.796127368421,7.77309452108504,2011-06,1,34.7027027027027,3,33,Champions,Protect. Highest value and most recently active. Give early access to new ranges and priority fulfilment; do NOT spend discount here - they already buy at the best margins.,Relative label: top recency and value quintiles within this 795-customer panel.,4,5,5,14,8,1292,Juliana Krohn,0,2011,20110618
JULIA_BARNETT,Home Office,LATAM,United States,2011-02-08,2014-12-31,34,17086.93168,249.04518000000007,502.5568141176471,1.4575184396125591,2011-02,1,43.09090909090909,1,24,Champions,Protect. Highest value and most recently active. Give early access to new ranges and priority fulfilment; do NOT spend discount here - they already buy at the best margins.,Relative label: top recency and value quintiles within this 795-customer panel.,5,4,4,13,0,1422,Julia Barnett,0,2011,20110208
JULIA_DUNBAR,Consumer,EU,France,2011-02-22,2014-10-27,28,11224.48096,564.90306,400.87432,5.032776678165437,2011-02,1,49.74074074074074,1,19,Lost Customers,Reactivate cheaply or release. Longest dormancy in the panel. Use low-cost channels only; do not fund deep discounts to chase them.,"Relative label, and the most easily misread. Dormancy runs 36-428 days with a median near 49 - only 1 customer in the whole panel exceeds 180 days. These customers are not lost in any real sense; they are simply the least recent quintile.",1,2,1,4,65,1408,Julia Dunbar,0,2011,20110222
JULIA_WEST,Consumer,APAC,France,2011-03-22,2014-12-30,29,20599.983,2950.0156999999995,710.3442413793103,14.320476380975652,2011-03,1,49.25,1,25,Loyal Customers,Grow basket size. Consistent buyers with room to move up. Cross-sell adjacent sub-categories and bundle the low-margin items they already buy.,Relative label: upper-middle recency and value within this panel.,5,2,5,12,1,1380,Julia West,0,2011,20110322
JULIE_CREIGHTON,Corporate,EU,United States,2011-02-24,2014-11-04,34,14994.04488,-1889.10592,441.00132,-12.599041386889592,2011-02,1,40.87878787878788,1,28,Lost Customers,Reactivate cheaply or release. Longest dormancy in the panel. Use low-cost channels only; do not fund deep discounts to chase them.,"Relative label, and the most easily misread. Dormancy runs 36-428 days with a median near 49 - only 1 customer in the whole panel exceeds 180 days. These customers are not lost in any real sense; they are simply the least recent quintile.",1,4,3,8,57,1406,Julie Creighton,1,2011,20110224
JULIE_KRIZ,Home Office,US,United States,2011-03-28,2014-09-25,32,15647.78664,1894.19924,488.9933325,12.105221547167003,2011-03,1,41.193548387096776,0,26,Lost Customers,Reactivate cheaply or release. Longest dormancy in the panel. Use low-cost channels only; do not fund deep discounts to chase them.,"Relative label, and the most easily misread. Dormancy runs 36-428 days with a median near 49 - only 1 customer in the whole panel exceeds 180 days. These customers are not lost in any real sense; they are simply the least recent quintile.",1,3,3,7,97,1374,Julie Kriz,0,2011,20110328
JULIE_PRESCOTT,Home Office,APAC,United States,2011-06-21,2014-12-05,42,14596.1586,3479.0402000000004,347.5275857142857,23.83531376536289,2011-06,1,30.804878048780488,2,34,At Risk,"Reactivate now. Previously valuable, engagement slipping. Time-boxed win-back offer plus a service check - review whether returns or late shipments preceded the drop-off.","Relative label. Median dormancy is only ~28 days; this is the second-lowest recency quintile of a highly active panel, NOT evidence of churn.",2,5,3,10,26,1289,Julie Prescott,0,2011,20110621
JUSTIN_DEGGELLER,Corporate,LATAM,United States,2011-06-23,2014-12-31,34,23611.61948,2625.31888,694.4593964705882,11.118758212344355,2011-06,1,39.0,1,28,Champions,Protect. Highest value and most recently active. Give early access to new ranges and priority fulfilment; do NOT spend discount here - they already buy at the best margins.,Relative label: top recency and value quintiles within this 795-customer panel.,5,4,5,14,0,1287,Justin Deggeller,0,2011,20110623
JUSTIN_ELLISON,Corporate,APAC,Australia,2011-10-19,2014-12-11,28,12908.43436,2928.30396,461.0155128571428,22.68519851697956,2011-10,1,42.55555555555556,0,20,Potential Loyalists,Convert to loyal. Recently active but spending below their cohort. Targeted category offers and a second-order incentive are justified here.,Relative label: recent but below-panel-average value. Not 'new' - see New Customers.,3,2,2,7,20,1169,Justin Ellison,0,2011,20111019
JUSTIN_HIRSH,Consumer,EU,France,2011-03-29,2014-12-04,40,23918.9014,3994.6644,597.972535,16.70086904576646,2011-03,1,34.51282051282051,1,31,At Risk,"Reactivate now. Previously valuable, engagement slipping. Time-boxed win-back offer plus a service check - review whether returns or late shipments preceded the drop-off.","Relative label. Median dormancy is only ~28 days; this is the second-lowest recency quintile of a highly active panel, NOT evidence of churn.",2,5,5,12,27,1373,Justin Hirsh,0,2011,20110329
JUSTIN_MACKENDRICK,Consumer,US,United States,2011-02-06,2014-12-19,33,9026.0566,1519.7949999999998,273.51686666666666,16.83786250575916,2011-02,1,44.125,1,25,Potential Loyalists,Convert to loyal. Recently active but spending below their cohort. Targeted category offers and a second-order incentive are justified here.,Relative label: recent but below-panel-average value. Not 'new' - see New Customers.,4,3,1,8,12,1424,Justin MacKendrick,0,2011,20110206
JUSTIN_RITTER,Corporate,EU,United States,2011-10-13,2014-12-13,27,13623.249,1306.756,504.56477777777775,9.59210244193584,2011-10,1,44.5,2,21,Potential Loyalists,Convert to loyal. Recently active but spending below their cohort. Targeted category offers and a second-order incentive are justified here.,Relative label: recent but below-panel-average value. Not 'new' - see New Customers.,3,1,2,6,18,1175,Justin Ritter,0,2011,20111013
KALYCA_MEADE,Corporate,APAC,United States,2011-03-08,2014-12-31,21,8645.9146,369.5322999999999,411.71021904761903,4.274068355937726,2011-03,1,69.7,0,18,Potential Loyalists,Convert to loyal. Recently active but spending below their cohort. Targeted category offers and a second-order incentive are justified here.,Relative label: recent but below-panel-average value. Not 'new' - see New Customers.,5,1,1,7,0,1394,Kalyca Meade,0,2011,20110308
KAREN_BERN,Corporate,EU,United States,2011-03-31,2014-12-27,34,11846.018,2319.0706,348.41229411764704,19.57679449752651,2011-03,1,41.42424242424242,2,27,Loyal Customers,Grow basket size. Consistent buyers with room to move up. Cross-sell adjacent sub-categories and bundle the low-margin items they already buy.,Relative label: upper-middle recency and value within this panel.,5,4,2,11,4,1371,Karen Bern,0,2011,20110331
KAREN_CARLISLE,Corporate,LATAM,United States,2011-05-19,2014-11-17,35,10416.3223,1979.5,297.6092085714285,19.00382825135893,2011-05,1,37.588235294117645,1,27,Lost Customers,Reactivate cheaply or release. Longest dormancy in the panel. Use low-cost channels only; do not fund deep discounts to chase them.,"Relative label, and the most easily misread. Dormancy runs 36-428 days with a median near 49 - only 1 customer in the whole panel exceeds 180 days. These customers are not lost in any real sense; they are simply the least recent quintile.",1,4,1,6,44,1322,Karen Carlisle,0,2011,20110519
KAREN_DANIELS,Consumer,APAC,United States,2011-09-20,2014-11-25,30,24017.3275,2890.694699999999,800.5775833333333,12.035871601451074,2011-09,1,40.06896551724138,3,29,At Risk,"Reactivate now. Previously valuable, engagement slipping. Time-boxed win-back offer plus a service check - review whether returns or late shipments preceded the drop-off.","Relative label. Median dormancy is only ~28 days; this is the second-lowest recency quintile of a highly active panel, NOT evidence of churn.",2,2,5,9,36,1198,Karen Daniels,0,2011,20110920
KAREN_FERGUSON,Home Office,US,United States,2011-09-26,2014-11-29,30,18265.0205,2385.1931000000004,608.8340166666666,13.058803301096765,2011-09,1,40.0,1,21,At Risk,"Reactivate now. Previously valuable, engagement slipping. Time-boxed win-back offer plus a service check - review whether returns or late shipments preceded the drop-off.","Relative label. Median dormancy is only ~28 days; this is the second-lowest recency quintile of a highly active panel, NOT evidence of churn.",2,2,4,8,32,1192,Karen Ferguson,0,2011,20110926
KAREN_SEIO,Corporate,EU,United States,2011-03-11,2014-11-26,25,5324.973180000001,1113.68218,212.99892720000005,20.91432468022308,2011-03,1,56.5,2,21,At Risk,"Reactivate now. Previously valuable, engagement slipping. Time-boxed win-back offer plus a service check - review whether returns or late shipments preceded the drop-off.","Relative label. Median dormancy is only ~28 days; this is the second-lowest recency quintile of a highly active panel, NOT evidence of churn.",2,1,1,4,35,1391,Karen Seio,0,2011,20110311
KARL_BRAUN,Consumer,US,United States,2011-06-05,2014-12-29,40,17500.47728,1785.86258,437.511932,10.204650715674653,2011-06,1,33.41025641025641,0,29,Champions,Protect. Highest value and most recently active. Give early access to new ranges and priority fulfilment; do NOT spend discount here - they already buy at the best margins.,Relative label: top recency and value quintiles within this 795-customer panel.,5,5,4,14,2,1305,Karl Braun,0,2011,20110605
KATHARINE_HARMS,Corporate,APAC,United States,2011-04-01,2014-12-15,39,18416.8525,3611.0256,472.2269871794872,19.60718097731412,2011-04,1,35.63157894736842,3,26,Loyal Customers,Grow basket size. Consistent buyers with room to move up. Cross-sell adjacent sub-categories and bundle the low-margin items they already buy.,Relative label: upper-middle recency and value within this panel.,3,5,4,12,16,1370,Katharine Harms,0,2011,20110401
KATHERINE_DUCICH,Consumer,US,United States,2011-03-10,2014-11-20,21,11693.5004,2428.8306,556.8333523809523,20.77077450649422,2011-03,1,67.55,0,15,Lost Customers,Reactivate cheaply or release. Longest dormancy in the panel. Use low-cost channels only; do not fund deep discounts to chase them.,"Relative label, and the most easily misread. Dormancy runs 36-428 days with a median near 49 - only 1 customer in the whole panel exceeds 180 days. These customers are not lost in any real sense; they are simply the least recent quintile.",1,1,2,4,41,1392,Katherine Ducich,0,2011,20110310
KATHERINE_HUGHES,Consumer,LATAM,United States,2011-03-01,2014-12-30,35,12204.8744,1842.3875000000005,348.7106971428572,15.095505612085612,2011-03,1,41.1764705882353,2,28,Loyal Customers,Grow basket size. Consistent buyers with room to move up. Cross-sell adjacent sub-categories and bundle the low-margin items they already buy.,Relative label: upper-middle recency and value within this panel.,5,4,2,11,1,1401,Katherine Hughes,0,2011,20110301
KATHERINE_MURRAY,Home Office,EU,United States,2011-05-19,2014-12-29,33,18519.15964,1451.0838400000002,561.1866557575759,7.835581463781799,2011-05,1,41.25,1,28,Loyal Customers,Grow basket size. Consistent buyers with room to move up. Cross-sell adjacent sub-categories and bundle the low-margin items they already buy.,Relative label: upper-middle recency and value within this panel.,5,3,4,12,2,1322,Katherine Murray,0,2011,20110519
KATHERINE_NOCKTON,Corporate,APAC,United States,2011-10-26,2014-12-12,32,19668.86634,4145.19254,614.652073125,21.074893023041408,2011-10,1,36.87096774193548,2,29,Loyal Customers,Grow basket size. Consistent buyers with room to move up. Cross-sell adjacent sub-categories and bundle the low-margin items they already buy.,Relative label: upper-middle recency and value within this panel.,3,3,4,10,19,1162,Katherine Nockton,0,2011,20111026
KATRINA_BAVINGER,Home Office,APAC,Brazil,2011-02-14,2014-12-12,31,14024.6405,618.2365000000003,452.4077580645161,4.408216381731855,2011-02,1,46.56666666666667,2,28,Loyal Customers,Grow basket size. Consistent buyers with room to move up. Cross-sell adjacent sub-categories and bundle the low-margin items they already buy.,Relative label: upper-middle recency and value within this panel.,3,3,3,9,19,1416,Katrina Bavinger,0,2011,20110214
KATRINA_EDELMAN,Corporate,APAC,United States,2011-04-03,2014-12-05,35,13551.13872,1286.54742,387.175392,9.494017045971177,2011-04,1,39.47058823529412,1,31,At Risk,"Reactivate now. Previously valuable, engagement slipping. Time-boxed win-back offer plus a service check - review whether returns or late shipments preceded the drop-off.","Relative label. Median dormancy is only ~28 days; this is the second-lowest recency quintile of a highly active panel, NOT evidence of churn.",2,4,2,8,26,1368,Katrina Edelman,0,2011,20110403
KATRINA_WILLMAN,Consumer,EU,United States,2011-02-17,2014-12-05,27,15747.2556,3107.0106,583.2316888888889,19.730489419375395,2011-02,1,53.34615384615385,0,23,At Risk,"Reactivate now. Previously valuable, engagement slipping. Time-boxed win-back offer plus a service check - review whether returns or late shipments preceded the drop-off.","Relative label. Median dormancy is only ~28 days; this is the second-lowest recency quintile of a highly active panel, NOT evidence of churn.",2,1,3,6,26,1413,Katrina Willman,0,2011,20110217
KEAN_NGUYEN,Corporate,APAC,United States,2011-01-03,2014-11-24,34,18061.9801,2257.2164,531.2347088235294,12.497059500137528,2011-01,1,43.06060606060606,2,26,Lost Customers,Reactivate cheaply or release. Longest dormancy in the panel. Use low-cost channels only; do not fund deep discounts to chase them.,"Relative label, and the most easily misread. Dormancy runs 36-428 days with a median near 49 - only 1 customer in the whole panel exceeds 180 days. These customers are not lost in any real sense; they are simply the least recent quintile.",1,4,4,9,37,1458,Kean Nguyen,0,2011,20110103
KEAN_TAKAHITO,Consumer,LATAM,United States,2011-03-23,2014-11-18,39,17257.1602,987.5933999999996,442.49128717948713,5.722803685857884,2011-03,1,35.1578947368421,2,32,Lost Customers,Reactivate cheaply or release. Longest dormancy in the panel. Use low-cost channels only; do not fund deep discounts to chase them.,"Relative label, and the most easily misread. Dormancy runs 36-428 days with a median near 49 - only 1 customer in the whole panel exceeds 180 days. These customers are not lost in any real sense; they are simply the least recent quintile.",1,5,4,10,43,1379,Kean Takahito,0,2011,20110323
KEAN_THORNTON,Consumer,US,United States,2011-03-10,2014-12-04,27,8360.392100000001,-617.9192,309.64415185185186,-7.391031336915406,2011-03,1,52.5,2,20,At Risk,"Reactivate now. Previously valuable, engagement slipping. Time-boxed win-back offer plus a service check - review whether returns or late shipments preceded the drop-off.","Relative label. Median dormancy is only ~28 days; this is the second-lowest recency quintile of a highly active panel, NOT evidence of churn.",2,1,1,4,27,1392,Kean Thornton,1,2011,20110310
KEITH_DAWKINS,Corporate,US,United States,2011-06-14,2014-11-15,40,26451.2631,5486.1725,661.2815775,20.74068251205743,2011-06,1,32.05128205128205,0,36,Lost Customers,Reactivate cheaply or release. Longest dormancy in the panel. Use low-cost channels only; do not fund deep discounts to chase them.,"Relative label, and the most easily misread. Dormancy runs 36-428 days with a median near 49 - only 1 customer in the whole panel exceeds 180 days. These customers are not lost in any real sense; they are simply the least recent quintile.",1,5,5,11,46,1296,Keith Dawkins,0,2011,20110614
KEITH_HERRERA,Consumer,APAC,United States,2011-06-29,2014-12-16,33,16884.736,2196.8332,511.6586666666667,13.010764278458367,2011-06,1,39.5625,0,26,Loyal Customers,Grow basket size. Consistent buyers with room to move up. Cross-sell adjacent sub-categories and bundle the low-margin items they already buy.,Relative label: upper-middle recency and value within this panel.,3,3,4,10,15,1281,Keith Herrera,0,2011,20110629
KELLY_ANDREADA,Consumer,APAC,United States,2011-03-11,2014-12-15,42,18879.78412,1401.3975200000004,449.5186695238096,7.422741229945803,2011-03,1,33.53658536585366,2,35,Loyal Customers,Grow basket size. Consistent buyers with room to move up. Cross-sell adjacent sub-categories and bundle the low-margin items they already buy.,Relative label: upper-middle recency and value within this panel.,3,5,4,12,16,1391,Kelly Andreada,0,2011,20110311
KELLY_COLLISTER,Consumer,LATAM,United States,2011-06-15,2014-11-28,32,19403.02326,2358.10316,606.344476875,12.153276983702382,2011-06,1,40.70967741935484,0,25,At Risk,"Reactivate now. Previously valuable, engagement slipping. Time-boxed win-back offer plus a service check - review whether returns or late shipments preceded the drop-off.","Relative label. Median dormancy is only ~28 days; this is the second-lowest recency quintile of a highly active panel, NOT evidence of churn.",2,3,4,9,33,1295,Kelly Collister,0,2011,20110615
KELLY_LAMPKIN,Corporate,US,United States,2011-05-09,2014-12-16,33,14248.4477,738.7484000000001,431.7711424242424,5.18476409188069,2011-05,1,41.15625,1,26,Loyal Customers,Grow basket size. Consistent buyers with room to move up. Cross-sell adjacent sub-categories and bundle the low-margin items they already buy.,Relative label: upper-middle recency and value within this panel.,3,3,3,9,15,1332,Kelly Lampkin,0,2011,20110509
KELLY_WILLIAMS,Consumer,APAC,Australia,2011-02-08,2014-12-09,40,11833.7753,2371.1463,295.8443825,20.03710768447665,2011-02,1,35.8974358974359,2,34,At Risk,"Reactivate now. Previously valuable, engagement slipping. Time-boxed win-back offer plus a service check - review whether returns or late shipments preceded the drop-off.","Relative label. Median dormancy is only ~28 days; this is the second-lowest recency quintile of a highly active panel, NOT evidence of churn.",2,5,2,9,22,1422,Kelly Williams,0,2011,20110208
KEN_BLACK,Corporate,US,United States,2011-04-04,2014-09-29,29,16602.5295,1351.0226,572.5010172413794,8.137450380678438,2011-04,1,45.5,5,27,Lost Customers,Reactivate cheaply or release. Longest dormancy in the panel. Use low-cost channels only; do not fund deep discounts to chase them.,"Relative label, and the most easily misread. Dormancy runs 36-428 days with a median near 49 - only 1 customer in the whole panel exceeds 180 days. These customers are not lost in any real sense; they are simply the least recent quintile.",1,2,4,7,93,1367,Ken Black,0,2011,20110404
KEN_BRENNAN,Corporate,APAC,United States,2011-05-18,2014-12-30,36,11463.6947,1046.2451,318.43596388888886,9.126595983055967,2011-05,1,37.77142857142857,1,25,Potential Loyalists,Convert to loyal. Recently active but spending below their cohort. Targeted category offers and a second-order incentive are justified here.,Relative label: recent but below-panel-average value. Not 'new' - see New Customers.,5,4,1,10,1,1323,Ken Brennan,0,2011,20110518
KEN_DANA,Corporate,LATAM,United States,2011-10-20,2014-10-17,27,12554.42362,1750.72552,464.9786525925927,13.94508878297672,2011-10,1,42.03846153846154,2,24,Lost Customers,Reactivate cheaply or release. Longest dormancy in the panel. Use low-cost channels only; do not fund deep discounts to chase them.,"Relative label, and the most easily misread. Dormancy runs 36-428 days with a median near 49 - only 1 customer in the whole panel exceeds 180 days. These customers are not lost in any real sense; they are simply the least recent quintile.",1,1,2,4,75,1168,Ken Dana,0,2011,20111020
KEN_HEIDEL,Corporate,US,United States,2011-02-02,2014-12-23,32,9016.57056,1505.9731599999998,281.76783,16.70228331247041,2011-02,1,45.80645161290322,1,27,Potential Loyalists,Convert to loyal. Recently active but spending below their cohort. Targeted category offers and a second-order incentive are justified here.,Relative label: recent but below-panel-average value. Not 'new' - see New Customers.,4,3,1,8,8,1428,Ken Heidel,0,2011,20110202
KEN_LONSDALE,Consumer,US,United States,2011-01-03,2014-12-31,33,24129.4045,154.9004999999995,731.1940757575758,0.6419574092680137,2011-01,1,45.5625,1,28,Champions,Protect. Highest value and most recently active. Give early access to new ranges and priority fulfilment; do NOT spend discount here - they already buy at the best margins.,Relative label: top recency and value quintiles within this 795-customer panel.,5,3,5,13,0,1458,Ken Lonsdale,0,2011,20110103
KHLOE_MILLER,Consumer,APAC,Germany,2011-01-06,2014-12-16,32,10973.8066,847.8976999999998,342.93145625,7.7265595331341075,2011-01,1,46.45161290322581,0,29,Potential Loyalists,Convert to loyal. Recently active but spending below their cohort. Targeted category offers and a second-order incentive are justified here.,Relative label: recent but below-panel-average value. Not 'new' - see New Customers.,3,3,1,7,15,1455,Khloe Miller,0,2011,20110106
KIMBERLY_CARTER,Corporate,EU,Brazil,2011-09-07,2014-12-29,26,13923.12304,2144.96274,535.5047323076923,15.405758706848289,2011-09,1,48.36,0,23,Potential Loyalists,Convert to loyal. Recently active but spending below their cohort. Targeted category offers and a second-order incentive are justified here.,Relative label: recent but below-panel-average value. Not 'new' - see New Customers.,5,1,2,8,2,1211,Kimberly Carter,0,2011,20110907
KRISTEN_HASTINGS,Corporate,EU,United States,2011-03-21,2014-12-29,46,19854.4741,2370.5742,431.619002173913,11.939748129616792,2011-03,1,30.64444444444445,3,39,Champions,Protect. Highest value and most recently active. Give early access to new ranges and priority fulfilment; do NOT spend discount here - they already buy at the best margins.,Relative label: top recency and value quintiles within this 795-customer panel.,5,5,4,14,2,1381,Kristen Hastings,0,2011,20110321
KRISTINA_NUNN,Home Office,US,United States,2011-03-02,2014-09-24,24,10715.636,1698.5085,446.48483333333337,15.850748383017116,2011-03,1,56.60869565217392,3,19,Lost Customers,Reactivate cheaply or release. Longest dormancy in the panel. Use low-cost channels only; do not fund deep discounts to chase them.,"Relative label, and the most easily misread. Dormancy runs 36-428 days with a median near 49 - only 1 customer in the whole panel exceeds 180 days. These customers are not lost in any real sense; they are simply the least recent quintile.",1,1,1,3,98,1400,Kristina Nunn,0,2011,20110302
KUNST_MILLER,Consumer,US,United States,2011-03-30,2014-12-03,26,16969.674,2759.1905,652.6797692307692,16.25953745487391,2011-03,1,53.76,1,23,At Risk,"Reactivate now. Previously valuable, engagement slipping. Time-boxed win-back offer plus a service check - review whether returns or late shipments preceded the drop-off.","Relative label. Median dormancy is only ~28 days; this is the second-lowest recency quintile of a highly active panel, NOT evidence of churn.",2,1,4,7,28,1372,Kunst Miller,0,2011,20110330
LARRY_BLACKS,Consumer,LATAM,Mexico,2011-01-03,2014-12-22,36,14583.98922,1664.49192,405.1108116666667,11.413145572799593,2011-01,1,41.4,1,29,Loyal Customers,Grow basket size. Consistent buyers with room to move up. Cross-sell adjacent sub-categories and bundle the low-margin items they already buy.,Relative label: upper-middle recency and value within this panel.,4,4,3,11,9,1458,Larry Blacks,0,2011,20110103
LARRY_HUGHES,Consumer,LATAM,Mexico,2011-07-23,2014-12-19,27,8690.7402,641.2018999999996,321.8792666666667,7.377989506578503,2011-07,1,47.88461538461539,3,22,Potential Loyalists,Convert to loyal. Recently active but spending below their cohort. Targeted category offers and a second-order incentive are justified here.,Relative label: recent but below-panel-average value. Not 'new' - see New Customers.,4,1,1,6,12,1257,Larry Hughes,0,2011,20110723
LARRY_TRON,Consumer,LATAM,China,2011-01-23,2014-12-25,34,18619.11294,4213.65294,547.6209688235294,22.63079317247001,2011-01,1,43.39393939393939,3,30,Champions,Protect. Highest value and most recently active. Give early access to new ranges and priority fulfilment; do NOT spend discount here - they already buy at the best margins.,Relative label: top recency and value quintiles within this 795-customer panel.,4,4,4,12,6,1438,Larry Tron,0,2011,20110123
LAURA_ARMSTRONG,Corporate,APAC,United States,2011-02-17,2014-12-30,46,27862.4419,3962.3098,605.7052586956522,14.220971062841407,2011-02,1,31.377777777777776,2,34,Champions,Protect. Highest value and most recently active. Give early access to new ranges and priority fulfilment; do NOT spend discount here - they already buy at the best margins.,Relative label: top recency and value quintiles within this 795-customer panel.,5,5,5,15,1,1413,Laura Armstrong,0,2011,20110217
LAUREL_BELTRAN,Home Office,APAC,United States,2011-02-14,2014-11-22,39,26385.98522,4303.238219999999,676.5637235897435,16.308802510577618,2011-02,1,36.23684210526316,1,31,Lost Customers,Reactivate cheaply or release. Longest dormancy in the panel. Use low-cost channels only; do not fund deep discounts to chase them.,"Relative label, and the most easily misread. Dormancy runs 36-428 days with a median near 49 - only 1 customer in the whole panel exceeds 180 days. These customers are not lost in any real sense; they are simply the least recent quintile.",1,5,5,11,39,1416,Laurel Beltran,0,2011,20110214
LAUREL_ELLISTON,Consumer,APAC,United States,2011-04-19,2014-12-17,30,11478.7737,2025.0286,382.62579,17.64150642677101,2011-04,1,46.13793103448276,0,24,Potential Loyalists,Convert to loyal. Recently active but spending below their cohort. Targeted category offers and a second-order incentive are justified here.,Relative label: recent but below-panel-average value. Not 'new' - see New Customers.,3,2,1,6,14,1352,Laurel Elliston,0,2011,20110419
LAUREL_WORKMAN,Corporate,APAC,United States,2011-03-24,2014-12-09,31,10872.60924,1148.80494,350.72933032258067,10.566046425853155,2011-03,1,45.2,2,20,At Risk,"Reactivate now. Previously valuable, engagement slipping. Time-boxed win-back offer plus a service check - review whether returns or late shipments preceded the drop-off.","Relative label. Median dormancy is only ~28 days; this is the second-lowest recency quintile of a highly active panel, NOT evidence of churn.",2,3,1,6,22,1378,Laurel Workman,0,2011,20110324
LAUREN_LEATHERBURY,Consumer,EU,United States,2011-04-29,2014-12-05,35,14936.93606,894.9398599999998,426.7696017142857,5.991455385529714,2011-04,1,38.70588235294117,1,26,At Risk,"Reactivate now. Previously valuable, engagement slipping. Time-boxed win-back offer plus a service check - review whether returns or late shipments preceded the drop-off.","Relative label. Median dormancy is only ~28 days; this is the second-lowest recency quintile of a highly active panel, NOT evidence of churn.",2,4,3,9,26,1342,Lauren Leatherbury,0,2011,20110429
LELA_DONOVAN,Corporate,LATAM,Germany,2011-05-12,2014-11-19,38,16184.63858,1486.73868,425.9115415789474,9.186109857511566,2011-05,1,34.78378378378378,1,30,Lost Customers,Reactivate cheaply or release. Longest dormancy in the panel. Use low-cost channels only; do not fund deep discounts to chase them.,"Relative label, and the most easily misread. Dormancy runs 36-428 days with a median near 49 - only 1 customer in the whole panel exceeds 180 days. These customers are not lost in any real sense; they are simply the least recent quintile.",1,5,3,9,42,1329,Lela Donovan,0,2011,20110512
LENA_CACIOPPO,Consumer,US,United States,2011-02-26,2014-12-08,29,11080.34336,1176.76826,382.0808055172414,10.620323051071948,2011-02,1,49.32142857142857,1,21,At Risk,"Reactivate now. Previously valuable, engagement slipping. Time-boxed win-back offer plus a service check - review whether returns or late shipments preceded the drop-off.","Relative label. Median dormancy is only ~28 days; this is the second-lowest recency quintile of a highly active panel, NOT evidence of churn.",2,2,1,5,23,1404,Lena Cacioppo,0,2011,20110226
LENA_CREIGHTON,Consumer,US,United States,2011-01-24,2014-12-15,38,18886.9004,1172.5112999999997,497.02369473684206,6.208066306104943,2011-01,1,38.4054054054054,4,29,Loyal Customers,Grow basket size. Consistent buyers with room to move up. Cross-sell adjacent sub-categories and bundle the low-margin items they already buy.,Relative label: upper-middle recency and value within this panel.,3,5,4,12,16,1437,Lena Creighton,0,2011,20110124
LENA_HERNANDEZ,Consumer,APAC,United States,2011-05-13,2014-12-10,32,12939.16928,997.38998,404.34904,7.7082999566414205,2011-05,1,42.16129032258065,1,29,Potential Loyalists,Convert to loyal. Recently active but spending below their cohort. Targeted category offers and a second-order incentive are justified here.,Relative label: recent but below-panel-average value. Not 'new' - see New Customers.,3,3,2,8,21,1328,Lena Hernandez,0,2011,20110513
LENA_RADFORD,Consumer,EU,United States,2011-03-25,2014-12-05,29,22902.74156,3371.7159599999995,789.7497089655174,14.721887993919273,2011-03,1,48.25,2,26,At Risk,"Reactivate now. Previously valuable, engagement slipping. Time-boxed win-back offer plus a service check - review whether returns or late shipments preceded the drop-off.","Relative label. Median dormancy is only ~28 days; this is the second-lowest recency quintile of a highly active panel, NOT evidence of churn.",2,2,5,9,26,1377,Lena Radford,0,2011,20110325
LINDA_CAZAMIAS,Corporate,US,United States,2011-02-21,2014-11-20,35,16741.38396,2273.42396,478.325256,13.57966560848175,2011-02,1,40.23529411764706,1,26,Lost Customers,Reactivate cheaply or release. Longest dormancy in the panel. Use low-cost channels only; do not fund deep discounts to chase them.,"Relative label, and the most easily misread. Dormancy runs 36-428 days with a median near 49 - only 1 customer in the whole panel exceeds 180 days. These customers are not lost in any real sense; they are simply the least recent quintile.",1,4,4,9,41,1409,Linda Cazamias,0,2011,20110221
LINDA_SOUTHWORTH,Corporate,EMEA,United States,2011-04-26,2014-12-25,32,13146.15176,-67.85194000000031,410.8172425,-0.5161353773996011,2011-04,1,43.193548387096776,3,20,Potential Loyalists,Convert to loyal. Recently active but spending below their cohort. Targeted category offers and a second-order incentive are justified here.,Relative label: recent but below-panel-average value. Not 'new' - see New Customers.,4,3,2,9,6,1345,Linda Southworth,1,2011,20110426
LINDSAY_CASTELL,Home Office,EU,United States,2011-04-26,2014-12-29,30,14299.4995,1420.7137000000002,476.64998333333335,9.935408578461088,2011-04,1,46.310344827586206,1,22,Potential Loyalists,Convert to loyal. Recently active but spending below their cohort. Targeted category offers and a second-order incentive are justified here.,Relative label: recent but below-panel-average value. Not 'new' - see New Customers.,5,2,3,10,2,1345,Lindsay Castell,0,2011,20110426
LINDSAY_SHAGIARI,Home Office,US,United States,2011-06-17,2014-12-11,27,9363.0997,1778.0723999999998,346.7814703703704,18.9902111156629,2011-06,1,48.96153846153846,2,22,Potential Loyalists,Convert to loyal. Recently active but spending below their cohort. Targeted category offers and a second-order incentive are justified here.,Relative label: recent but below-panel-average value. Not 'new' - see New Customers.,3,1,1,5,20,1293,Lindsay Shagiari,0,2011,20110617
LINDSAY_WILLIAMS,Corporate,EMEA,United States,2011-01-03,2014-12-17,34,10981.6205,1486.9264,322.98883823529417,13.54013644889659,2011-01,1,43.75757575757576,0,23,Potential Loyalists,Convert to loyal. Recently active but spending below their cohort. Targeted category offers and a second-order incentive are justified here.,Relative label: recent but below-panel-average value. Not 'new' - see New Customers.,3,4,1,8,14,1458,Lindsay Williams,0,2011,20110103
LISA_DECHERNEY,Consumer,APAC,Australia,2011-02-11,2014-11-18,33,11823.34064,1165.43804,358.2830496969697,9.857096022905418,2011-02,1,43.0,0,27,Lost Customers,Reactivate cheaply or release. Longest dormancy in the panel. Use low-cost channels only; do not fund deep discounts to chase them.,"Relative label, and the most easily misread. Dormancy runs 36-428 days with a median near 49 - only 1 customer in the whole panel exceeds 180 days. These customers are not lost in any real sense; they are simply the least recent quintile.",1,3,2,6,43,1419,Lisa DeCherney,0,2011,20110211
LISA_HAZARD,Consumer,LATAM,United States,2011-05-27,2014-11-20,21,9162.9978,1338.0789,436.3332285714286,14.603069096011351,2011-05,1,63.65,0,18,Lost Customers,Reactivate cheaply or release. Longest dormancy in the panel. Use low-cost channels only; do not fund deep discounts to chase them.,"Relative label, and the most easily misread. Dormancy runs 36-428 days with a median near 49 - only 1 customer in the whole panel exceeds 180 days. These customers are not lost in any real sense; they are simply the least recent quintile.",1,1,1,3,41,1314,Lisa Hazard,0,2011,20110527
LISA_RYAN,Corporate,LATAM,United States,2011-03-28,2014-11-16,35,18796.9522,2449.1383,537.0557771428571,13.02944367757662,2011-03,1,39.088235294117645,3,26,Lost Customers,Reactivate cheaply or release. Longest dormancy in the panel. Use low-cost channels only; do not fund deep discounts to chase them.,"Relative label, and the most easily misread. Dormancy runs 36-428 days with a median near 49 - only 1 customer in the whole panel exceeds 180 days. These customers are not lost in any real sense; they are simply the least recent quintile.",1,4,4,9,45,1374,Lisa Ryan,0,2011,20110328
LIZ_CARLISLE,Consumer,LATAM,United States,2011-02-01,2014-12-27,30,20127.52582,2847.60982,670.9175273333333,14.147838365560226,2011-02,1,49.13793103448276,1,23,Loyal Customers,Grow basket size. Consistent buyers with room to move up. Cross-sell adjacent sub-categories and bundle the low-margin items they already buy.,Relative label: upper-middle recency and value within this panel.,5,2,5,12,4,1429,Liz Carlisle,0,2011,20110201
LIZ_MACKENDRICK,Consumer,APAC,United States,2011-02-21,2014-12-24,22,15529.853,1868.1510000000003,705.902409090909,12.029418436864797,2011-02,1,66.76190476190476,1,18,Potential Loyalists,Convert to loyal. Recently active but spending below their cohort. Targeted category offers and a second-order incentive are justified here.,Relative label: recent but below-panel-average value. Not 'new' - see New Customers.,4,1,3,8,7,1409,Liz MacKendrick,0,2011,20110221
LIZ_PELLETIER,Consumer,LATAM,United States,2011-01-27,2014-11-21,31,9463.3275,-265.57719999999995,305.26862903225805,-2.80638285000704,2011-01,1,46.46666666666667,1,24,Lost Customers,Reactivate cheaply or release. Longest dormancy in the panel. Use low-cost channels only; do not fund deep discounts to chase them.,"Relative label, and the most easily misread. Dormancy runs 36-428 days with a median near 49 - only 1 customer in the whole panel exceeds 180 days. These customers are not lost in any real sense; they are simply the least recent quintile.",1,3,1,5,40,1434,Liz Pelletier,1,2011,20110127
LIZ_PREIS,Consumer,APAC,United States,2011-04-04,2014-12-31,30,16609.5116,2122.698,553.6503866666667,12.780014555033633,2011-04,1,47.13793103448276,1,26,Loyal Customers,Grow basket size. Consistent buyers with room to move up. Cross-sell adjacent sub-categories and bundle the low-margin items they already buy.,Relative label: upper-middle recency and value within this panel.,5,2,4,11,0,1367,Liz Preis,0,2011,20110404
LIZ_THOMPSON,Consumer,APAC,United States,2011-02-07,2014-11-27,32,21221.76716,3146.42816,663.18022375,14.8264191962796,2011-02,1,44.80645161290322,3,26,At Risk,"Reactivate now. Previously valuable, engagement slipping. Time-boxed win-back offer plus a service check - review whether returns or late shipments preceded the drop-off.","Relative label. Median dormancy is only ~28 days; this is the second-lowest recency quintile of a highly active panel, NOT evidence of churn.",2,3,5,10,34,1423,Liz Thompson,0,2011,20110207
LIZ_WILLINGHAM,Consumer,EU,France,2011-04-07,2014-11-28,25,8046.61,1400.0412,321.8644,17.399143241688115,2011-04,1,55.458333333333336,1,16,At Risk,"Reactivate now. Previously valuable, engagement slipping. Time-boxed win-back offer plus a service check - review whether returns or late shipments preceded the drop-off.","Relative label. Median dormancy is only ~28 days; this is the second-lowest recency quintile of a highly active panel, NOT evidence of churn.",2,1,1,4,33,1364,Liz Willingham,0,2011,20110407
LOGAN_CURRIE,Consumer,US,United States,2011-07-27,2014-12-18,36,16082.67376,1925.2869600000004,446.7409377777778,11.971187059632308,2011-07,1,35.42857142857143,3,30,Loyal Customers,Grow basket size. Consistent buyers with room to move up. Cross-sell adjacent sub-categories and bundle the low-margin items they already buy.,Relative label: upper-middle recency and value within this panel.,3,4,3,10,13,1253,Logan Currie,0,2011,20110727
LOGAN_HAUSHALTER,Consumer,APAC,United States,2011-03-01,2014-10-17,37,17292.2398,1519.5309999999995,467.3578324324324,8.787357899119579,2011-03,1,36.833333333333336,3,29,Lost Customers,Reactivate cheaply or release. Longest dormancy in the panel. Use low-cost channels only; do not fund deep discounts to chase them.,"Relative label, and the most easily misread. Dormancy runs 36-428 days with a median near 49 - only 1 customer in the whole panel exceeds 180 days. These customers are not lost in any real sense; they are simply the least recent quintile.",1,4,4,9,75,1401,Logan Haushalter,0,2011,20110301
LORI_OLSON,Corporate,EU,United States,2011-02-02,2014-12-29,35,13537.5086,1788.7198,386.7859600000001,13.21306492097076,2011-02,1,41.94117647058823,2,28,Loyal Customers,Grow basket size. Consistent buyers with room to move up. Cross-sell adjacent sub-categories and bundle the low-margin items they already buy.,Relative label: upper-middle recency and value within this panel.,5,4,2,11,2,1428,Lori Olson,0,2011,20110202
LUKE_FOSTER,Consumer,EU,United States,2011-07-26,2014-12-09,27,13421.2385,-3644.347500000001,497.0829074074074,-27.15358571416491,2011-07,1,47.38461538461539,2,22,At Risk,"Reactivate now. Previously valuable, engagement slipping. Time-boxed win-back offer plus a service check - review whether returns or late shipments preceded the drop-off.","Relative label. Median dormancy is only ~28 days; this is the second-lowest recency quintile of a highly active panel, NOT evidence of churn.",2,1,2,5,22,1254,Luke Foster,1,2011,20110726
LUKE_SCHMIDT,Corporate,APAC,United States,2011-01-31,2014-12-16,28,15599.39722,1653.9682200000002,557.1213292857143,10.602770072932346,2011-01,1,52.407407407407405,2,24,Potential Loyalists,Convert to loyal. Recently active but spending below their cohort. Targeted category offers and a second-order incentive are justified here.,Relative label: recent but below-panel-average value. Not 'new' - see New Customers.,3,2,3,8,15,1430,Luke Schmidt,0,2011,20110131
LUKE_WEISS,Consumer,APAC,United States,2011-01-25,2014-12-10,29,12051.50544,849.3825400000002,415.5691531034483,7.04793724094274,2011-01,1,50.535714285714285,0,24,Potential Loyalists,Convert to loyal. Recently active but spending below their cohort. Targeted category offers and a second-order incentive are justified here.,Relative label: recent but below-panel-average value. Not 'new' - see New Customers.,3,2,2,7,21,1436,Luke Weiss,0,2011,20110125
LYCORIS_SAUNDERS,Consumer,APAC,Australia,2011-01-07,2014-12-27,34,11741.51948,1377.40468,345.3388082352941,11.73105987130722,2011-01,1,43.93939393939394,2,24,Loyal Customers,Grow basket size. Consistent buyers with room to move up. Cross-sell adjacent sub-categories and bundle the low-margin items they already buy.,Relative label: upper-middle recency and value within this panel.,5,4,2,11,4,1454,Lycoris Saunders,0,2011,20110107
LYNN_SMITH,Consumer,LATAM,United States,2011-04-01,2014-11-27,30,11712.139,1498.1313999999998,390.4046333333334,12.791270663710527,2011-04,1,46.06896551724138,0,24,At Risk,"Reactivate now. Previously valuable, engagement slipping. Time-boxed win-back offer plus a service check - review whether returns or late shipments preceded the drop-off.","Relative label. Median dormancy is only ~28 days; this is the second-lowest recency quintile of a highly active panel, NOT evidence of churn.",2,2,2,6,34,1370,Lynn Smith,0,2011,20110401
MAGDELENE_MORSE,Consumer,APAC,United States,2011-01-02,2014-12-27,31,21224.07612,4380.72512,684.6476167741936,20.64035718318937,2011-01,1,48.5,3,26,Champions,Protect. Highest value and most recently active. Give early access to new ranges and priority fulfilment; do NOT spend discount here - they already buy at the best margins.,Relative label: top recency and value quintiles within this 795-customer panel.,5,3,5,13,4,1459,Magdelene Morse,0,2011,20110102
MARC_CRIER,Consumer,APAC,United States,2011-06-10,2014-11-17,39,15981.0925,2113.4819,409.7716025641026,13.224889975450674,2011-06,1,33.05263157894737,4,34,Lost Customers,Reactivate cheaply or release. Longest dormancy in the panel. Use low-cost channels only; do not fund deep discounts to chase them.,"Relative label, and the most easily misread. Dormancy runs 36-428 days with a median near 49 - only 1 customer in the whole panel exceeds 180 days. These customers are not lost in any real sense; they are simply the least recent quintile.",1,5,3,9,44,1300,Marc Crier,0,2011,20110610
MARC_HARRIGAN,Home Office,EU,United States,2011-01-22,2014-11-24,28,15404.03666,2316.01286,550.1441664285715,15.035103532400967,2011-01,1,51.92592592592592,2,25,Lost Customers,Reactivate cheaply or release. Longest dormancy in the panel. Use low-cost channels only; do not fund deep discounts to chase them.,"Relative label, and the most easily misread. Dormancy runs 36-428 days with a median near 49 - only 1 customer in the whole panel exceeds 180 days. These customers are not lost in any real sense; they are simply the least recent quintile.",1,2,3,6,37,1439,Marc Harrigan,0,2011,20110122
MARIA_BERTELSON,Consumer,EU,United States,2011-08-08,2014-12-30,35,21603.93432,4622.34732,617.2552662857142,21.39585897426483,2011-08,1,36.47058823529412,1,27,Champions,Protect. Highest value and most recently active. Give early access to new ranges and priority fulfilment; do NOT spend discount here - they already buy at the best margins.,Relative label: top recency and value quintiles within this 795-customer panel.,5,4,5,14,1,1241,Maria Bertelson,0,2011,20110808
MARIA_ETEZADI,Home Office,EU,United States,2011-01-07,2014-12-26,40,26247.217,3418.558499999999,656.180425,13.024460840934104,2011-01,1,37.15384615384615,1,30,Champions,Protect. Highest value and most recently active. Give early access to new ranges and priority fulfilment; do NOT spend discount here - they already buy at the best margins.,Relative label: top recency and value quintiles within this 795-customer panel.,4,5,5,14,5,1454,Maria Etezadi,0,2011,20110107
MARIA_ZETTNER,Home Office,LATAM,United States,2011-04-15,2014-12-10,31,17958.1603,2254.5034,579.2954935483871,12.554200220609458,2011-04,1,44.5,1,26,Loyal Customers,Grow basket size. Consistent buyers with room to move up. Cross-sell adjacent sub-categories and bundle the low-margin items they already buy.,Relative label: upper-middle recency and value within this panel.,3,3,4,10,21,1356,Maria Zettner,0,2011,20110415
MARIBETH_DONA,Consumer,LATAM,Mexico,2011-05-31,2014-12-05,36,17829.52532,1230.63332,495.26459222222223,6.902221443997479,2011-05,1,36.68571428571428,1,30,At Risk,"Reactivate now. Previously valuable, engagement slipping. Time-boxed win-back offer plus a service check - review whether returns or late shipments preceded the drop-off.","Relative label. Median dormancy is only ~28 days; this is the second-lowest recency quintile of a highly active panel, NOT evidence of churn.",2,4,4,10,26,1310,Maribeth Dona,0,2011,20110531
MARIBETH_SCHNELLING,Consumer,LATAM,United States,2011-01-07,2014-12-26,39,21682.5467,3529.3422,555.9627358974359,16.27734162795554,2011-01,1,38.13157894736842,1,34,Champions,Protect. Highest value and most recently active. Give early access to new ranges and priority fulfilment; do NOT spend discount here - they already buy at the best margins.,Relative label: top recency and value quintiles within this 795-customer panel.,4,5,5,14,5,1454,Maribeth Schnelling,0,2011,20110107
MARIBETH_YEDWAB,Corporate,EU,United States,2011-05-05,2014-12-02,32,16469.7212,3559.5073,514.6787875,21.61243203072557,2011-05,1,42.16129032258065,3,28,At Risk,"Reactivate now. Previously valuable, engagement slipping. Time-boxed win-back offer plus a service check - review whether returns or late shipments preceded the drop-off.","Relative label. Median dormancy is only ~28 days; this is the second-lowest recency quintile of a highly active panel, NOT evidence of churn.",2,3,4,9,29,1336,Maribeth Yedwab,0,2011,20110505
MARINA_LICHTENSTEIN,Corporate,US,United States,2011-02-15,2014-12-31,32,15556.47948,1284.23268,486.13998375,8.255291190086151,2011-02,1,45.64516129032258,2,25,Loyal Customers,Grow basket size. Consistent buyers with room to move up. Cross-sell adjacent sub-categories and bundle the low-margin items they already buy.,Relative label: upper-middle recency and value within this panel.,5,3,3,11,0,1415,Marina Lichtenstein,0,2011,20110215
MARIS_LAWARE,Consumer,APAC,United States,2011-11-01,2014-11-28,33,15174.8383,1154.1428,459.84358484848485,7.605634914739093,2011-11,1,35.09375,3,30,At Risk,"Reactivate now. Previously valuable, engagement slipping. Time-boxed win-back offer plus a service check - review whether returns or late shipments preceded the drop-off.","Relative label. Median dormancy is only ~28 days; this is the second-lowest recency quintile of a highly active panel, NOT evidence of churn.",2,3,3,8,33,1156,Maris LaWare,0,2011,20111101
MARK_COUSINS,Corporate,LATAM,United States,2011-03-21,2014-12-08,35,16545.25618,2851.25848,472.72160514285713,17.233087532646472,2011-03,1,39.94117647058823,1,30,At Risk,"Reactivate now. Previously valuable, engagement slipping. Time-boxed win-back offer plus a service check - review whether returns or late shipments preceded the drop-off.","Relative label. Median dormancy is only ~28 days; this is the second-lowest recency quintile of a highly active panel, NOT evidence of churn.",2,4,4,10,23,1381,Mark Cousins,0,2011,20110321
MARK_HABERLIN,Corporate,APAC,China,2011-02-05,2014-12-23,33,11302.8258,1552.0084,342.5098727272727,13.731153850039874,2011-02,1,44.28125,3,25,Potential Loyalists,Convert to loyal. Recently active but spending below their cohort. Targeted category offers and a second-order incentive are justified here.,Relative label: recent but below-panel-average value. Not 'new' - see New Customers.,4,3,1,8,8,1425,Mark Haberlin,0,2011,20110205
MARK_HAMILTON,Consumer,EU,United States,2011-03-11,2014-11-07,37,14721.64572,527.0470200000001,397.8823167567568,3.580082213797494,2011-03,1,37.138888888888886,1,27,Lost Customers,Reactivate cheaply or release. Longest dormancy in the panel. Use low-cost channels only; do not fund deep discounts to chase them.,"Relative label, and the most easily misread. Dormancy runs 36-428 days with a median near 49 - only 1 customer in the whole panel exceeds 180 days. These customers are not lost in any real sense; they are simply the least recent quintile.",1,4,3,8,54,1391,Mark Hamilton,0,2011,20110311
MARK_PACKER,Home Office,LATAM,United States,2011-03-30,2014-12-26,30,12986.912800000002,2172.9781,432.8970933333334,16.732060447807115,2011-03,1,47.13793103448276,2,28,Potential Loyalists,Convert to loyal. Recently active but spending below their cohort. Targeted category offers and a second-order incentive are justified here.,Relative label: recent but below-panel-average value. Not 'new' - see New Customers.,4,2,2,8,5,1372,Mark Packer,0,2011,20110330
MARK_VAN_HUFF,Consumer,EU,United States,2011-01-21,2014-12-15,32,11515.9033,1810.6391,359.871978125,15.722944634312794,2011-01,1,45.935483870967744,3,27,Potential Loyalists,Convert to loyal. Recently active but spending below their cohort. Targeted category offers and a second-order incentive are justified here.,Relative label: recent but below-panel-average value. Not 'new' - see New Customers.,3,3,1,7,16,1440,Mark Van Huff,0,2011,20110121
MARYBETH_SKACH,Consumer,LATAM,Australia,2011-06-24,2014-12-16,33,14791.84836,1987.3791600000004,448.2378290909091,13.435637735269484,2011-06,1,39.71875,1,25,Loyal Customers,Grow basket size. Consistent buyers with room to move up. Cross-sell adjacent sub-categories and bundle the low-margin items they already buy.,Relative label: upper-middle recency and value within this panel.,3,3,3,9,15,1286,MaryBeth Skach,0,2011,20110624
MARY_O_ROURKE,Consumer,LATAM,Brazil,2011-02-10,2014-11-25,29,11125.2782,519.0088999999999,383.6302827586207,4.665131879578524,2011-02,1,49.42857142857143,0,24,At Risk,"Reactivate now. Previously valuable, engagement slipping. Time-boxed win-back offer plus a service check - review whether returns or late shipments preceded the drop-off.","Relative label. Median dormancy is only ~28 days; this is the second-lowest recency quintile of a highly active panel, NOT evidence of churn.",2,2,1,5,36,1420,Mary O'Rourke,0,2011,20110210
MARY_ZEWE,Corporate,APAC,United States,2011-03-02,2014-12-08,34,16577.13784,1883.0421400000005,487.5628776470588,11.359271776435929,2011-03,1,41.72727272727273,1,25,At Risk,"Reactivate now. Previously valuable, engagement slipping. Time-boxed win-back offer plus a service check - review whether returns or late shipments preceded the drop-off.","Relative label. Median dormancy is only ~28 days; this is the second-lowest recency quintile of a highly active panel, NOT evidence of churn.",2,4,4,10,23,1400,Mary Zewe,0,2011,20110302
MATHEW_REESE,Home Office,APAC,Australia,2011-07-28,2014-09-25,29,21571.9523,3711.2306,743.8604241379311,17.20396257319742,2011-07,1,41.25,3,23,Lost Customers,Reactivate cheaply or release. Longest dormancy in the panel. Use low-cost channels only; do not fund deep discounts to chase them.,"Relative label, and the most easily misread. Dormancy runs 36-428 days with a median near 49 - only 1 customer in the whole panel exceeds 180 days. These customers are not lost in any real sense; they are simply the least recent quintile.",1,2,5,8,97,1252,Mathew Reese,0,2011,20110728
MATTHEW_CLASEN,Corporate,LATAM,Mexico,2011-03-25,2014-12-26,38,21808.7967,3643.2892,573.9157026315789,16.705594765803838,2011-03,1,37.08108108108108,3,34,Champions,Protect. Highest value and most recently active. Give early access to new ranges and priority fulfilment; do NOT spend discount here - they already buy at the best margins.,Relative label: top recency and value quintiles within this 795-customer panel.,4,5,5,14,5,1377,Matthew Clasen,0,2011,20110325
MATTHEW_GRINSTEIN,Home Office,US,United States,2011-08-09,2014-12-12,22,13018.97968,2205.32168,591.7718036363636,16.939281988340888,2011-08,1,58.142857142857146,1,21,Potential Loyalists,Convert to loyal. Recently active but spending below their cohort. Targeted category offers and a second-order incentive are justified here.,Relative label: recent but below-panel-average value. Not 'new' - see New Customers.,3,1,2,6,19,1240,Matthew Grinstein,0,2011,20110809
MATT_ABELMAN,Home Office,US,United States,2011-01-19,2014-10-28,28,12441.95788,519.90348,444.3556385714286,4.178630767073453,2011-01,1,51.03703703703704,1,24,Lost Customers,Reactivate cheaply or release. Longest dormancy in the panel. Use low-cost channels only; do not fund deep discounts to chase them.,"Relative label, and the most easily misread. Dormancy runs 36-428 days with a median near 49 - only 1 customer in the whole panel exceeds 180 days. These customers are not lost in any real sense; they are simply the least recent quintile.",1,2,2,5,64,1442,Matt Abelman,0,2011,20110119
MATT_COLLINS,Consumer,LATAM,United States,2011-08-15,2014-12-22,41,17900.84106,1749.34736,436.6058795121951,9.772431106094633,2011-08,1,30.625,0,33,Champions,Protect. Highest value and most recently active. Give early access to new ranges and priority fulfilment; do NOT spend discount here - they already buy at the best margins.,Relative label: top recency and value quintiles within this 795-customer panel.,4,5,4,13,9,1234,Matt Collins,0,2011,20110815
MATT_COLLISTER,Corporate,LATAM,United States,2011-04-27,2014-11-10,28,11672.90168,1907.18878,416.8893457142857,16.33860056636749,2011-04,1,47.888888888888886,2,25,Lost Customers,Reactivate cheaply or release. Longest dormancy in the panel. Use low-cost channels only; do not fund deep discounts to chase them.,"Relative label, and the most easily misread. Dormancy runs 36-428 days with a median near 49 - only 1 customer in the whole panel exceeds 180 days. These customers are not lost in any real sense; they are simply the least recent quintile.",1,2,2,5,51,1344,Matt Collister,0,2011,20110427
MATT_CONNELL,Corporate,LATAM,United States,2011-03-19,2014-11-12,28,13227.6119,1366.9685,472.4147107142857,10.334204770552724,2011-03,1,49.407407407407405,1,26,Lost Customers,Reactivate cheaply or release. Longest dormancy in the panel. Use low-cost channels only; do not fund deep discounts to chase them.,"Relative label, and the most easily misread. Dormancy runs 36-428 days with a median near 49 - only 1 customer in the whole panel exceeds 180 days. These customers are not lost in any real sense; they are simply the least recent quintile.",1,2,2,5,49,1383,Matt Connell,0,2011,20110319
MATT_HAGELSTEIN,Corporate,EU,United States,2011-02-16,2014-12-08,27,12217.97978,274.89098000000035,452.5177696296296,2.249888974689401,2011-02,1,53.5,2,20,At Risk,"Reactivate now. Previously valuable, engagement slipping. Time-boxed win-back offer plus a service check - review whether returns or late shipments preceded the drop-off.","Relative label. Median dormancy is only ~28 days; this is the second-lowest recency quintile of a highly active panel, NOT evidence of churn.",2,1,2,5,23,1414,Matt Hagelstein,0,2011,20110216
MAUREEN_FRITZLER,Corporate,EU,France,2011-03-11,2014-11-13,32,13528.44134,1420.8858399999997,422.763791875,10.502953032725348,2011-03,1,43.32258064516129,4,29,Lost Customers,Reactivate cheaply or release. Longest dormancy in the panel. Use low-cost channels only; do not fund deep discounts to chase them.,"Relative label, and the most easily misread. Dormancy runs 36-428 days with a median near 49 - only 1 customer in the whole panel exceeds 180 days. These customers are not lost in any real sense; they are simply the least recent quintile.",1,3,2,6,48,1391,Maureen Fritzler,0,2011,20110311
MAUREEN_GASTINEAU,Home Office,APAC,Australia,2011-07-18,2014-11-25,37,20360.1221,741.1926999999998,550.2735702702703,3.640413826398418,2011-07,1,34.05555555555556,1,28,At Risk,"Reactivate now. Previously valuable, engagement slipping. Time-boxed win-back offer plus a service check - review whether returns or late shipments preceded the drop-off.","Relative label. Median dormancy is only ~28 days; this is the second-lowest recency quintile of a highly active panel, NOT evidence of churn.",2,4,5,11,36,1262,Maureen Gastineau,0,2011,20110718
MAUREEN_GNADE,Consumer,APAC,Australia,2011-03-07,2014-12-31,32,18326.2228,845.6976,572.6944625,4.614685793299424,2011-03,1,45.0,1,25,Loyal Customers,Grow basket size. Consistent buyers with room to move up. Cross-sell adjacent sub-categories and bundle the low-margin items they already buy.,Relative label: upper-middle recency and value within this panel.,5,3,4,12,0,1395,Maureen Gnade,0,2011,20110307
MAURICE_SATTY,Consumer,APAC,United States,2011-03-08,2014-12-02,34,10030.09026,1152.7430599999998,295.0026547058824,11.492848320589289,2011-03,1,41.36363636363637,0,26,At Risk,"Reactivate now. Previously valuable, engagement slipping. Time-boxed win-back offer plus a service check - review whether returns or late shipments preceded the drop-off.","Relative label. Median dormancy is only ~28 days; this is the second-lowest recency quintile of a highly active panel, NOT evidence of churn.",2,4,1,7,29,1394,Maurice Satty,0,2011,20110308
MAXWELL_SCHWARTZ,Consumer,EU,United States,2011-05-18,2014-11-27,42,17921.49504,2851.78544,426.7022628571429,15.912653680035834,2011-05,1,31.4390243902439,1,36,At Risk,"Reactivate now. Previously valuable, engagement slipping. Time-boxed win-back offer plus a service check - review whether returns or late shipments preceded the drop-off.","Relative label. Median dormancy is only ~28 days; this is the second-lowest recency quintile of a highly active panel, NOT evidence of churn.",2,5,4,11,34,1323,Maxwell Schwartz,0,2011,20110518
MAX_ENGLE,Consumer,APAC,United States,2011-04-06,2014-12-20,39,9923.7616,673.2611999999999,254.45542564102564,6.784334682122956,2011-04,1,35.63157894736842,0,28,Loyal Customers,Grow basket size. Consistent buyers with room to move up. Cross-sell adjacent sub-categories and bundle the low-margin items they already buy.,Relative label: upper-middle recency and value within this panel.,4,5,1,10,11,1365,Max Engle,0,2011,20110406
MAX_JONES,Consumer,APAC,United States,2011-04-27,2014-12-10,30,16484.553,2437.6298999999995,549.4851,14.78735820134158,2011-04,1,45.62068965517241,0,26,Loyal Customers,Grow basket size. Consistent buyers with room to move up. Cross-sell adjacent sub-categories and bundle the low-margin items they already buy.,Relative label: upper-middle recency and value within this panel.,3,2,4,9,21,1344,Max Jones,0,2011,20110427
MAX_LUDWIG,Home Office,APAC,United States,2011-02-03,2014-12-30,35,15533.6044,1837.7616,443.8172685714286,11.830876805385875,2011-02,1,41.94117647058823,2,28,Loyal Customers,Grow basket size. Consistent buyers with room to move up. Cross-sell adjacent sub-categories and bundle the low-margin items they already buy.,Relative label: upper-middle recency and value within this panel.,5,4,3,12,1,1427,Max Ludwig,0,2011,20110203
MAYA_HERMAN,Corporate,APAC,United States,2011-01-04,2014-12-31,35,13590.96604,1470.52944,388.3133154285714,10.819903718926518,2011-01,1,42.85294117647059,1,26,Loyal Customers,Grow basket size. Consistent buyers with room to move up. Cross-sell adjacent sub-categories and bundle the low-margin items they already buy.,Relative label: upper-middle recency and value within this panel.,5,4,2,11,0,1457,Maya Herman,0,2011,20110104
MEG_O_CONNEL,Home Office,US,United States,2011-02-10,2014-12-25,34,18003.3888,3104.0855,529.5114352941176,17.2416734120634,2011-02,1,42.84848484848485,1,25,Champions,Protect. Highest value and most recently active. Give early access to new ranges and priority fulfilment; do NOT spend discount here - they already buy at the best margins.,Relative label: top recency and value quintiles within this 795-customer panel.,4,4,4,12,6,1420,Meg O'Connel,0,2011,20110210
MEG_TILLMAN,Consumer,APAC,United States,2011-03-29,2014-11-12,33,15346.1068,793.4146000000002,465.0335393939394,5.170136050402049,2011-03,1,41.375,3,27,Lost Customers,Reactivate cheaply or release. Longest dormancy in the panel. Use low-cost channels only; do not fund deep discounts to chase them.,"Relative label, and the most easily misread. Dormancy runs 36-428 days with a median near 49 - only 1 customer in the whole panel exceeds 180 days. These customers are not lost in any real sense; they are simply the least recent quintile.",1,3,3,7,49,1373,Meg Tillman,0,2011,20110329
MELANIE_SEITE,Consumer,LATAM,United States,2011-01-10,2014-12-27,34,16106.3013,2060.2845,473.7147441176471,12.791791620090953,2011-01,1,43.84848484848485,2,26,Loyal Customers,Grow basket size. Consistent buyers with room to move up. Cross-sell adjacent sub-categories and bundle the low-margin items they already buy.,Relative label: upper-middle recency and value within this panel.,5,4,3,12,4,1451,Melanie Seite,0,2011,20110110
MICHAEL_CHEN,Consumer,APAC,United States,2011-07-05,2014-12-30,35,15939.61202,1213.0054199999995,455.41748628571423,7.610005930370191,2011-07,1,37.47058823529412,3,31,Loyal Customers,Grow basket size. Consistent buyers with room to move up. Cross-sell adjacent sub-categories and bundle the low-margin items they already buy.,Relative label: upper-middle recency and value within this panel.,5,4,3,12,1,1275,Michael Chen,0,2011,20110705
MICHAEL_DOMINGUEZ,Corporate,APAC,United States,2011-01-18,2014-11-25,33,22429.16074,3772.40044,679.6715375757576,16.81917787174412,2011-01,1,43.96875,4,28,Lost Customers,Reactivate cheaply or release. Longest dormancy in the panel. Use low-cost channels only; do not fund deep discounts to chase them.,"Relative label, and the most easily misread. Dormancy runs 36-428 days with a median near 49 - only 1 customer in the whole panel exceeds 180 days. These customers are not lost in any real sense; they are simply the least recent quintile.",1,3,5,9,36,1443,Michael Dominguez,0,2011,20110118
MICHAEL_GRACE,Home Office,EU,Australia,2011-02-24,2014-12-26,34,14533.01062,-117.61078000000047,427.4414888235294,-0.809266456037314,2011-02,1,42.45454545454545,3,33,Loyal Customers,Grow basket size. Consistent buyers with room to move up. Cross-sell adjacent sub-categories and bundle the low-margin items they already buy.,Relative label: upper-middle recency and value within this panel.,4,4,3,11,5,1406,Michael Grace,1,2011,20110224
MICHAEL_GRANLUND,Home Office,EU,United States,2011-01-05,2014-12-26,30,13181.3769,-999.7798999999994,439.37923,-7.584791085064865,2011-01,1,50.03448275862069,0,29,Potential Loyalists,Convert to loyal. Recently active but spending below their cohort. Targeted category offers and a second-order incentive are justified here.,Relative label: recent but below-panel-average value. Not 'new' - see New Customers.,4,2,2,8,5,1456,Michael Granlund,1,2011,20110105
MICHAEL_KENNEDY,Corporate,LATAM,United States,2011-01-19,2014-12-10,42,14447.4039,-210.63999999999956,343.98580714285714,-1.457978204651699,2011-01,1,34.65853658536585,0,31,Loyal Customers,Grow basket size. Consistent buyers with room to move up. Cross-sell adjacent sub-categories and bundle the low-margin items they already buy.,Relative label: upper-middle recency and value within this panel.,3,5,3,11,21,1442,Michael Kennedy,1,2011,20110119
MICHAEL_MOORE,Consumer,US,United States,2011-01-14,2014-12-24,39,21733.684,2058.908999999999,557.2739487179488,9.473354816422283,2011-01,1,37.89473684210526,3,33,Champions,Protect. Highest value and most recently active. Give early access to new ranges and priority fulfilment; do NOT spend discount here - they already buy at the best margins.,Relative label: top recency and value quintiles within this 795-customer panel.,4,5,5,14,7,1447,Michael Moore,0,2011,20110114
MICHAEL_NGUYEN,Consumer,LATAM,United States,2011-02-17,2014-12-23,27,15046.26412,1392.17082,557.2690414814815,9.252601236405786,2011-02,1,54.03846153846154,3,21,Potential Loyalists,Convert to loyal. Recently active but spending below their cohort. Targeted category offers and a second-order incentive are justified here.,Relative label: recent but below-panel-average value. Not 'new' - see New Customers.,4,1,3,8,8,1413,Michael Nguyen,0,2011,20110217
MICHAEL_OAKMAN,Consumer,EU,Germany,2011-08-17,2014-12-25,17,5460.584,286.2586,321.2108235294117,5.242270790083991,2011-08,1,76.625,3,14,Potential Loyalists,Convert to loyal. Recently active but spending below their cohort. Targeted category offers and a second-order incentive are justified here.,Relative label: recent but below-panel-average value. Not 'new' - see New Customers.,4,1,1,6,6,1232,Michael Oakman,0,2011,20110817
MICHAEL_PAIGE,Corporate,EU,United States,2011-01-22,2014-12-04,47,17795.5907,1632.695,378.6295893617021,9.174716521211066,2011-01,1,30.695652173913043,1,39,At Risk,"Reactivate now. Previously valuable, engagement slipping. Time-boxed win-back offer plus a service check - review whether returns or late shipments preceded the drop-off.","Relative label. Median dormancy is only ~28 days; this is the second-lowest recency quintile of a highly active panel, NOT evidence of churn.",2,5,4,11,27,1439,Michael Paige,0,2011,20110122
MICHAEL_STEWART,Corporate,LATAM,United States,2011-03-21,2014-12-25,32,17865.2162,1247.3462000000004,558.28800625,6.981982115615263,2011-03,1,44.354838709677416,1,27,Loyal Customers,Grow basket size. Consistent buyers with room to move up. Cross-sell adjacent sub-categories and bundle the low-margin items they already buy.,Relative label: upper-middle recency and value within this panel.,4,3,4,11,6,1381,Michael Stewart,0,2011,20110321
MICHELLE_ARNETT,Home Office,Africa,United States,2011-01-20,2014-12-15,33,11934.45734,1102.6755399999995,361.6502224242424,9.239427554902129,2011-01,1,44.53125,0,22,Potential Loyalists,Convert to loyal. Recently active but spending below their cohort. Targeted category offers and a second-order incentive are justified here.,Relative label: recent but below-panel-average value. Not 'new' - see New Customers.,3,3,2,8,16,1441,Michelle Arnett,0,2011,20110120
MICHELLE_ELLISON,Corporate,EU,United States,2011-02-10,2014-11-19,28,10708.131920000002,655.2183199999998,382.4332828571429,6.1188853937839776,2011-02,1,51.03703703703704,0,27,Lost Customers,Reactivate cheaply or release. Longest dormancy in the panel. Use low-cost channels only; do not fund deep discounts to chase them.,"Relative label, and the most easily misread. Dormancy runs 36-428 days with a median near 49 - only 1 customer in the whole panel exceeds 180 days. These customers are not lost in any real sense; they are simply the least recent quintile.",1,2,1,4,42,1420,Michelle Ellison,0,2011,20110210
MICHELLE_HUTHWAITE,Consumer,EU,United States,2011-05-13,2014-12-17,28,12849.1285,861.1837,458.8974464285714,6.702273231993905,2011-05,1,48.66666666666666,2,19,Potential Loyalists,Convert to loyal. Recently active but spending below their cohort. Targeted category offers and a second-order incentive are justified here.,Relative label: recent but below-panel-average value. Not 'new' - see New Customers.,3,2,2,7,14,1328,Michelle Huthwaite,0,2011,20110513
MICHELLE_LONSDALE,Corporate,EU,Brazil,2011-02-18,2014-12-24,26,10368.495,1962.8392000000003,398.7882692307692,18.93080143260908,2011-02,1,56.2,0,19,Potential Loyalists,Convert to loyal. Recently active but spending below their cohort. Targeted category offers and a second-order incentive are justified here.,Relative label: recent but below-panel-average value. Not 'new' - see New Customers.,4,1,1,6,7,1412,Michelle Lonsdale,0,2011,20110218
MICHELLE_MORAY,Consumer,EU,United States,2011-03-11,2014-12-16,33,13088.498,1262.7827,396.6211515151515,9.648033716321,2011-03,1,43.0,1,25,Potential Loyalists,Convert to loyal. Recently active but spending below their cohort. Targeted category offers and a second-order incentive are justified here.,Relative label: recent but below-panel-average value. Not 'new' - see New Customers.,3,3,2,8,15,1391,Michelle Moray,0,2011,20110311
MICHELLE_TRAN,Home Office,APAC,United States,2011-06-07,2014-08-26,31,17772.3219,-1788.0441999999996,573.3007064516129,-10.060836226469652,2011-06,1,39.2,2,24,Lost Customers,Reactivate cheaply or release. Longest dormancy in the panel. Use low-cost channels only; do not fund deep discounts to chase them.,"Relative label, and the most easily misread. Dormancy runs 36-428 days with a median near 49 - only 1 customer in the whole panel exceeds 180 days. These customers are not lost in any real sense; they are simply the least recent quintile.",1,3,4,8,127,1303,Michelle Tran,1,2011,20110607
MICK_BROWN,Consumer,LATAM,United States,2011-01-06,2014-12-20,38,16447.73888,2595.96358,432.83523368421055,15.783103069301646,2011-01,1,39.02702702702703,1,30,Champions,Protect. Highest value and most recently active. Give early access to new ranges and priority fulfilment; do NOT spend discount here - they already buy at the best margins.,Relative label: top recency and value quintiles within this 795-customer panel.,4,5,4,13,11,1455,Mick Brown,0,2011,20110106
MICK_CREBAGGA,Consumer,US,United States,2011-01-15,2014-11-20,36,12013.0866,336.1498000000002,333.69685,2.7981967598568733,2011-01,1,40.142857142857146,0,33,Lost Customers,Reactivate cheaply or release. Longest dormancy in the panel. Use low-cost channels only; do not fund deep discounts to chase them.,"Relative label, and the most easily misread. Dormancy runs 36-428 days with a median near 49 - only 1 customer in the whole panel exceeds 180 days. These customers are not lost in any real sense; they are simply the least recent quintile.",1,4,2,7,41,1446,Mick Crebagga,0,2011,20110115
MICK_HERNANDEZ,Home Office,APAC,United States,2011-08-06,2014-12-26,33,13277.807,1488.1886,402.3577878787879,11.208090311901657,2011-08,1,38.6875,0,26,Potential Loyalists,Convert to loyal. Recently active but spending below their cohort. Targeted category offers and a second-order incentive are justified here.,Relative label: recent but below-panel-average value. Not 'new' - see New Customers.,4,3,2,9,5,1243,Mick Hernandez,0,2011,20110806
MIKE_CAUDLE,Corporate,LATAM,United States,2011-06-01,2014-11-10,28,9359.053,796.6314999999998,334.2518928571429,8.511881490573884,2011-06,1,46.5925925925926,2,23,Lost Customers,Reactivate cheaply or release. Longest dormancy in the panel. Use low-cost channels only; do not fund deep discounts to chase them.,"Relative label, and the most easily misread. Dormancy runs 36-428 days with a median near 49 - only 1 customer in the whole panel exceeds 180 days. These customers are not lost in any real sense; they are simply the least recent quintile.",1,2,1,4,51,1309,Mike Caudle,0,2011,20110601
MIKE_GOCKENBACH,Consumer,LATAM,United States,2011-03-29,2014-12-29,27,23377.0722,6458.6762,865.817488888889,27.62825106901111,2011-03,1,52.73076923076923,1,24,Loyal Customers,Grow basket size. Consistent buyers with room to move up. Cross-sell adjacent sub-categories and bundle the low-margin items they already buy.,Relative label: upper-middle recency and value within this panel.,5,1,5,11,2,1373,Mike Gockenbach,0,2011,20110329
MIKE_KENNEDY,Consumer,APAC,United States,2011-02-25,2014-12-09,30,12740.3848,758.5966000000001,424.6794933333333,5.954267566549483,2011-02,1,47.689655172413794,4,20,At Risk,"Reactivate now. Previously valuable, engagement slipping. Time-boxed win-back offer plus a service check - review whether returns or late shipments preceded the drop-off.","Relative label. Median dormancy is only ~28 days; this is the second-lowest recency quintile of a highly active panel, NOT evidence of churn.",2,2,2,6,22,1405,Mike Kennedy,0,2011,20110225
MIKE_PELLETIER,Home Office,APAC,United States,2011-03-28,2014-12-15,42,24214.4268,532.5997000000004,576.5339714285715,2.199513969085572,2011-03,1,33.1219512195122,3,36,Loyal Customers,Grow basket size. Consistent buyers with room to move up. Cross-sell adjacent sub-categories and bundle the low-margin items they already buy.,Relative label: upper-middle recency and value within this panel.,3,5,5,13,16,1374,Mike Pelletier,0,2011,20110328
MIKE_VITTORINI,Consumer,EU,United States,2011-01-31,2014-12-24,38,19572.0756,1360.0398,515.0546210526315,6.948878738236633,2011-01,1,38.45945945945946,1,30,Champions,Protect. Highest value and most recently active. Give early access to new ranges and priority fulfilment; do NOT spend discount here - they already buy at the best margins.,Relative label: top recency and value quintiles within this 795-customer panel.,4,5,4,13,7,1430,Mike Vittorini,0,2011,20110131
MITCH_GASTINEAU,Corporate,EU,Brazil,2011-02-23,2014-12-30,36,18011.8396,1822.4353000000003,500.3288777777777,10.117985394451328,2011-02,1,40.17142857142857,0,29,Champions,Protect. Highest value and most recently active. Give early access to new ranges and priority fulfilment; do NOT spend discount here - they already buy at the best margins.,Relative label: top recency and value quintiles within this 795-customer panel.,5,4,4,13,1,1407,Mitch Gastineau,0,2011,20110223
MITCH_WEBBER,Consumer,LATAM,United States,2011-01-24,2014-12-14,36,23068.5783,4086.5403,640.7938416666667,17.714747076546107,2011-01,1,40.57142857142857,2,28,Loyal Customers,Grow basket size. Consistent buyers with room to move up. Cross-sell adjacent sub-categories and bundle the low-margin items they already buy.,Relative label: upper-middle recency and value within this panel.,3,4,5,12,17,1437,Mitch Webber,0,2011,20110124
MITCH_WILLINGHAM,Corporate,APAC,Australia,2011-03-03,2014-12-31,30,19003.8329,145.51289999999975,633.4610966666667,0.7657029019656333,2011-03,1,48.241379310344826,3,24,Loyal Customers,Grow basket size. Consistent buyers with room to move up. Cross-sell adjacent sub-categories and bundle the low-margin items they already buy.,Relative label: upper-middle recency and value within this panel.,5,2,4,11,0,1399,Mitch Willingham,0,2011,20110303
MONICA_FEDERLE,Corporate,EU,France,2011-06-01,2014-12-24,38,21942.8496,2573.3404,577.4434105263158,11.727466791733375,2011-06,1,35.189189189189186,2,32,Champions,Protect. Highest value and most recently active. Give early access to new ranges and priority fulfilment; do NOT spend discount here - they already buy at the best margins.,Relative label: top recency and value quintiles within this 795-customer panel.,4,5,5,14,7,1309,Monica Federle,0,2011,20110601
MUHAMMED_LEE,Consumer,APAC,Germany,2011-06-06,2014-12-23,35,15844.72116,2314.36396,452.7063188571428,14.60653006531041,2011-06,1,38.11764705882353,1,26,Loyal Customers,Grow basket size. Consistent buyers with room to move up. Cross-sell adjacent sub-categories and bundle the low-margin items they already buy.,Relative label: upper-middle recency and value within this panel.,4,4,3,11,8,1304,Muhammed Lee,0,2011,20110606
MUHAMMED_MACINTYRE,Corporate,US,United States,2011-01-21,2014-12-19,35,10720.999,2166.4666,306.3142571428571,20.2076933315636,2011-01,1,42.0,2,25,Potential Loyalists,Convert to loyal. Recently active but spending below their cohort. Targeted category offers and a second-order incentive are justified here.,Relative label: recent but below-panel-average value. Not 'new' - see New Customers.,4,4,1,9,12,1440,Muhammed MacIntyre,0,2011,20110121
MUHAMMED_YEDWAB,Corporate,US,United States,2011-01-14,2014-12-31,39,29642.66118,2642.65408,760.0682353846154,8.915036554757801,2011-01,1,38.078947368421055,2,29,Champions,Protect. Highest value and most recently active. Give early access to new ranges and priority fulfilment; do NOT spend discount here - they already buy at the best margins.,Relative label: top recency and value quintiles within this 795-customer panel.,5,5,5,15,0,1447,Muhammed Yedwab,0,2011,20110114
NANCY_LOMONACO,Home Office,APAC,United States,2011-04-18,2014-12-06,27,10838.6528,-566.9291000000001,401.4315851851852,-5.230623311413759,2011-04,1,51.07692307692308,1,25,At Risk,"Reactivate now. Previously valuable, engagement slipping. Time-boxed win-back offer plus a service check - review whether returns or late shipments preceded the drop-off.","Relative label. Median dormancy is only ~28 days; this is the second-lowest recency quintile of a highly active panel, NOT evidence of churn.",2,1,1,4,25,1353,Nancy Lomonaco,1,2011,20110418
NARESJ_PATEL,Consumer,EU,United States,2011-03-07,2014-12-30,33,13115.177,1804.326,397.429606060606,13.757542120857384,2011-03,1,43.5625,2,25,Potential Loyalists,Convert to loyal. Recently active but spending below their cohort. Targeted category offers and a second-order incentive are justified here.,Relative label: recent but below-panel-average value. Not 'new' - see New Customers.,5,3,2,10,1,1395,Naresj Patel,0,2011,20110307
NATALIE_DECHERNEY,Consumer,US,United States,2011-01-14,2014-12-19,29,13703.38482,2620.28132,472.53051103448274,19.12141674789514,2011-01,1,51.25,1,23,Potential Loyalists,Convert to loyal. Recently active but spending below their cohort. Targeted category offers and a second-order incentive are justified here.,Relative label: recent but below-panel-average value. Not 'new' - see New Customers.,4,2,2,8,12,1447,Natalie DeCherney,0,2011,20110114
NATALIE_FRITZLER,Consumer,EU,United States,2011-02-12,2014-12-30,43,31781.2585,1542.8211,739.099034883721,4.854499704597916,2011-02,1,33.73809523809524,1,32,Champions,Protect. Highest value and most recently active. Give early access to new ranges and priority fulfilment; do NOT spend discount here - they already buy at the best margins.,Relative label: top recency and value quintiles within this 795-customer panel.,5,5,5,15,1,1418,Natalie Fritzler,0,2011,20110212
NATALIE_WEBBER,Consumer,APAC,United States,2011-02-07,2014-09-05,33,22373.56906,3821.53806,677.9869412121212,17.08059205820781,2011-02,1,40.8125,5,26,Lost Customers,Reactivate cheaply or release. Longest dormancy in the panel. Use low-cost channels only; do not fund deep discounts to chase them.,"Relative label, and the most easily misread. Dormancy runs 36-428 days with a median near 49 - only 1 customer in the whole panel exceeds 180 days. These customers are not lost in any real sense; they are simply the least recent quintile.",1,3,5,9,117,1423,Natalie Webber,0,2011,20110207
NATHAN_CANO,Consumer,US,United States,2011-05-03,2014-11-22,24,10759.22,-724.9872,448.3008333333333,-6.738287719741766,2011-05,1,56.47826086956522,2,19,Lost Customers,Reactivate cheaply or release. Longest dormancy in the panel. Use low-cost channels only; do not fund deep discounts to chase them.,"Relative label, and the most easily misread. Dormancy runs 36-428 days with a median near 49 - only 1 customer in the whole panel exceeds 180 days. These customers are not lost in any real sense; they are simply the least recent quintile.",1,1,1,3,39,1338,Nathan Cano,1,2011,20110503
NATHAN_GELDER,Consumer,APAC,United States,2011-03-31,2014-12-13,36,22720.24354,4211.22484,631.1178761111111,18.53512191709544,2011-03,1,38.65714285714286,2,28,Loyal Customers,Grow basket size. Consistent buyers with room to move up. Cross-sell adjacent sub-categories and bundle the low-margin items they already buy.,Relative label: upper-middle recency and value within this panel.,3,4,5,12,18,1371,Nathan Gelder,0,2011,20110331
NATHAN_MAUTZ,Home Office,APAC,United States,2011-01-26,2014-12-01,41,24276.9559,5789.1168,592.1208756097561,23.846139622472187,2011-01,1,35.125,3,32,At Risk,"Reactivate now. Previously valuable, engagement slipping. Time-boxed win-back offer plus a service check - review whether returns or late shipments preceded the drop-off.","Relative label. Median dormancy is only ~28 days; this is the second-lowest recency quintile of a highly active panel, NOT evidence of churn.",2,5,5,12,30,1435,Nathan Mautz,0,2011,20110126
NAT_CARROLL,Consumer,APAC,United States,2011-01-26,2014-12-26,31,16613.309119999998,-460.8773800000011,535.9131974193548,-2.774145576122291,2011-01,1,47.66666666666666,1,22,Loyal Customers,Grow basket size. Consistent buyers with room to move up. Cross-sell adjacent sub-categories and bundle the low-margin items they already buy.,Relative label: upper-middle recency and value within this panel.,4,3,4,11,5,1435,Nat Carroll,1,2011,20110126
NAT_GILPIN,Corporate,LATAM,Mexico,2011-01-03,2014-11-13,28,12009.19936,2806.44286,428.8999771428572,23.369108762967524,2011-01,1,52.22222222222222,5,21,Lost Customers,Reactivate cheaply or release. Longest dormancy in the panel. Use low-cost channels only; do not fund deep discounts to chase them.,"Relative label, and the most easily misread. Dormancy runs 36-428 days with a median near 49 - only 1 customer in the whole panel exceeds 180 days. These customers are not lost in any real sense; they are simply the least recent quintile.",1,2,2,5,48,1458,Nat Gilpin,0,2011,20110103
NEIL_DUCICH,Corporate,EU,United States,2011-02-07,2014-12-26,32,14784.42172,3168.85352,462.01317875,21.433733290448917,2011-02,1,45.74193548387097,1,22,Loyal Customers,Grow basket size. Consistent buyers with room to move up. Cross-sell adjacent sub-categories and bundle the low-margin items they already buy.,Relative label: upper-middle recency and value within this panel.,4,3,3,10,5,1423,Neil Ducich,0,2011,20110207
NEIL_FRANZ_SISCH,Home Office,EU,United States,2011-03-14,2014-12-25,29,12649.9209,2920.0567,436.2041689655173,23.083596514820893,2011-03,1,49.35714285714285,2,22,Potential Loyalists,Convert to loyal. Recently active but spending below their cohort. Targeted category offers and a second-order incentive are justified here.,Relative label: recent but below-panel-average value. Not 'new' - see New Customers.,4,2,2,8,6,1388,Neil Französisch,0,2011,20110314
NEIL_KNUDSON,Home Office,US,United States,2011-06-07,2014-12-05,28,13878.543,3040.5327,495.66225,21.90815491222673,2011-06,1,47.2962962962963,2,24,At Risk,"Reactivate now. Previously valuable, engagement slipping. Time-boxed win-back offer plus a service check - review whether returns or late shipments preceded the drop-off.","Relative label. Median dormancy is only ~28 days; this is the second-lowest recency quintile of a highly active panel, NOT evidence of churn.",2,2,2,6,26,1303,Neil Knudson,0,2011,20110607
NEOLA_SCHNEIDER,Consumer,LATAM,Mexico,2011-01-27,2014-12-25,30,15797.14274,-687.4442600000002,526.5714246666666,-4.351699996096891,2011-01,1,49.241379310344826,0,25,Potential Loyalists,Convert to loyal. Recently active but spending below their cohort. Targeted category offers and a second-order incentive are justified here.,Relative label: recent but below-panel-average value. Not 'new' - see New Customers.,4,2,3,9,6,1434,Neola Schneider,1,2011,20110127
NEOMA_MURRAY,Consumer,US,United States,2011-03-11,2014-12-12,28,13869.136,3142.6995,495.32628571428575,22.659663154215227,2011-03,1,50.81481481481482,4,27,Potential Loyalists,Convert to loyal. Recently active but spending below their cohort. Targeted category offers and a second-order incentive are justified here.,Relative label: recent but below-panel-average value. Not 'new' - see New Customers.,3,2,2,7,19,1391,Neoma Murray,0,2011,20110311
NICK_CREBASSA,Corporate,EU,United States,2011-04-05,2014-12-25,29,12305.249,1335.3779999999997,424.3189310344828,10.85210059544508,2011-04,1,48.57142857142857,2,22,Potential Loyalists,Convert to loyal. Recently active but spending below their cohort. Targeted category offers and a second-order incentive are justified here.,Relative label: recent but below-panel-average value. Not 'new' - see New Customers.,4,2,2,8,6,1366,Nick Crebassa,0,2011,20110405
NICK_RADFORD,Consumer,APAC,United States,2011-06-07,2014-12-29,34,12891.90158,1669.96578,379.1735758823529,12.953603234069988,2011-06,1,39.42424242424242,2,26,Loyal Customers,Grow basket size. Consistent buyers with room to move up. Cross-sell adjacent sub-categories and bundle the low-margin items they already buy.,Relative label: upper-middle recency and value within this panel.,5,4,2,11,2,1303,Nick Radford,0,2011,20110607
NICK_ZANDUSKY,Home Office,US,United States,2011-06-01,2014-10-07,30,20270.28212,2091.27572,675.6760706666666,10.316954187512808,2011-06,1,42.206896551724135,2,26,Lost Customers,Reactivate cheaply or release. Longest dormancy in the panel. Use low-cost channels only; do not fund deep discounts to chase them.,"Relative label, and the most easily misread. Dormancy runs 36-428 days with a median near 49 - only 1 customer in the whole panel exceeds 180 days. These customers are not lost in any real sense; they are simply the least recent quintile.",1,2,5,8,85,1309,Nick Zandusky,0,2011,20110601
NICOLE_BRENNAN,Corporate,Africa,United States,2011-06-27,2013-10-29,17,5935.0754,-691.4277999999999,349.1220823529412,-11.6498570515212,2011-06,1,53.4375,0,10,Lost Customers,Reactivate cheaply or release. Longest dormancy in the panel. Use low-cost channels only; do not fund deep discounts to chase them.,"Relative label, and the most easily misread. Dormancy runs 36-428 days with a median near 49 - only 1 customer in the whole panel exceeds 180 days. These customers are not lost in any real sense; they are simply the least recent quintile.",1,1,1,3,428,1283,Nicole Brennan,1,2011,20110627
NICOLE_FJELD,Home Office,LATAM,United States,2011-01-08,2014-12-20,27,12267.237520000002,1371.5486199999998,454.34213037037046,11.180582570149824,2011-01,1,55.46153846153846,1,22,Potential Loyalists,Convert to loyal. Recently active but spending below their cohort. Targeted category offers and a second-order incentive are justified here.,Relative label: recent but below-panel-average value. Not 'new' - see New Customers.,4,1,2,7,11,1453,Nicole Fjeld,0,2011,20110108
NICOLE_HANSEN,Corporate,APAC,United States,2011-03-02,2014-12-26,28,21303.4483,4075.4649,760.8374392857143,19.13054094627488,2011-03,1,51.66666666666666,2,22,Loyal Customers,Grow basket size. Consistent buyers with room to move up. Cross-sell adjacent sub-categories and bundle the low-margin items they already buy.,Relative label: upper-middle recency and value within this panel.,4,2,5,11,5,1400,Nicole Hansen,0,2011,20110302
NOAH_CHILDS,Corporate,APAC,Australia,2011-04-27,2014-12-11,31,17343.83758,2262.91458,559.4786316129032,13.04736953146675,2011-04,1,44.13333333333333,1,29,Loyal Customers,Grow basket size. Consistent buyers with room to move up. Cross-sell adjacent sub-categories and bundle the low-margin items they already buy.,Relative label: upper-middle recency and value within this panel.,3,3,4,10,20,1344,Noah Childs,0,2011,20110427
NOEL_STAAVOS,Corporate,US,United States,2011-06-25,2014-11-25,45,16637.524,818.7195999999999,369.7227555555556,4.920922127595427,2011-06,1,28.38636363636364,2,37,Lost Customers,Reactivate cheaply or release. Longest dormancy in the panel. Use low-cost channels only; do not fund deep discounts to chase them.,"Relative label, and the most easily misread. Dormancy runs 36-428 days with a median near 49 - only 1 customer in the whole panel exceeds 180 days. These customers are not lost in any real sense; they are simply the least recent quintile.",1,5,4,10,36,1285,Noel Staavos,0,2011,20110625
NONA_BALK,Corporate,US,United States,2011-01-29,2014-12-12,27,10081.8206,1453.4045,373.4007629629629,14.416091672966289,2011-01,1,54.34615384615385,1,22,Potential Loyalists,Convert to loyal. Recently active but spending below their cohort. Targeted category offers and a second-order incentive are justified here.,Relative label: recent but below-panel-average value. Not 'new' - see New Customers.,3,1,1,5,19,1432,Nona Balk,0,2011,20110129
NORA_PAIGE,Consumer,EU,United States,2011-10-28,2014-11-03,25,15710.88426,3035.66246,628.4353704,19.322034391971265,2011-10,1,45.91666666666666,0,19,Lost Customers,Reactivate cheaply or release. Longest dormancy in the panel. Use low-cost channels only; do not fund deep discounts to chase them.,"Relative label, and the most easily misread. Dormancy runs 36-428 days with a median near 49 - only 1 customer in the whole panel exceeds 180 days. These customers are not lost in any real sense; they are simply the least recent quintile.",1,1,3,5,58,1160,Nora Paige,0,2011,20111028
NORA_PELLETIER,Home Office,LATAM,United States,2011-03-07,2014-12-17,34,16358.2832,1559.0268999999998,481.1259764705882,9.530504399141346,2011-03,1,41.84848484848485,0,30,Loyal Customers,Grow basket size. Consistent buyers with room to move up. Cross-sell adjacent sub-categories and bundle the low-margin items they already buy.,Relative label: upper-middle recency and value within this panel.,3,4,3,10,14,1395,Nora Pelletier,0,2011,20110307
NORA_PREIS,Consumer,EU,United States,2011-09-05,2014-12-03,33,15917.0555,375.5512000000001,482.3350151515152,2.3594263398780013,2011-09,1,37.03125,1,27,At Risk,"Reactivate now. Previously valuable, engagement slipping. Time-boxed win-back offer plus a service check - review whether returns or late shipments preceded the drop-off.","Relative label. Median dormancy is only ~28 days; this is the second-lowest recency quintile of a highly active panel, NOT evidence of churn.",2,3,3,8,28,1213,Nora Preis,0,2011,20110905
ODELLA_NELSON,Corporate,EU,United States,2011-02-16,2014-11-14,38,19271.70624,2783.30724,507.1501642105263,14.442453643378077,2011-02,1,36.94594594594594,1,33,Lost Customers,Reactivate cheaply or release. Longest dormancy in the panel. Use low-cost channels only; do not fund deep discounts to chase them.,"Relative label, and the most easily misread. Dormancy runs 36-428 days with a median near 49 - only 1 customer in the whole panel exceeds 180 days. These customers are not lost in any real sense; they are simply the least recent quintile.",1,5,4,10,47,1414,Odella Nelson,0,2011,20110216
OLVERA_TOCH,Consumer,APAC,United States,2011-09-22,2014-11-28,36,19758.81566,1831.0013599999995,548.8559905555555,9.266756629076216,2011-09,1,33.22857142857143,2,32,At Risk,"Reactivate now. Previously valuable, engagement slipping. Time-boxed win-back offer plus a service check - review whether returns or late shipments preceded the drop-off.","Relative label. Median dormancy is only ~28 days; this is the second-lowest recency quintile of a highly active panel, NOT evidence of churn.",2,4,4,10,33,1196,Olvera Toch,0,2011,20110922
PAMELA_COAKLEY,Corporate,APAC,United States,2011-04-02,2014-12-29,26,11940.05644,-420.1025600000001,459.23294,-3.518430269664622,2011-04,1,54.68,2,21,Potential Loyalists,Convert to loyal. Recently active but spending below their cohort. Targeted category offers and a second-order incentive are justified here.,Relative label: recent but below-panel-average value. Not 'new' - see New Customers.,5,1,2,8,2,1369,Pamela Coakley,1,2011,20110402
PAMELA_STOBB,Consumer,APAC,Mexico,2011-05-10,2014-12-02,33,17632.7514,1293.1114000000002,534.3258000000001,7.333576993548495,2011-05,1,40.6875,1,28,At Risk,"Reactivate now. Previously valuable, engagement slipping. Time-boxed win-back offer plus a service check - review whether returns or late shipments preceded the drop-off.","Relative label. Median dormancy is only ~28 days; this is the second-lowest recency quintile of a highly active panel, NOT evidence of churn.",2,3,4,9,29,1331,Pamela Stobb,0,2011,20110510
PARHENA_NORRIS,Home Office,EU,United States,2011-08-09,2014-12-16,38,12892.57522,2205.46282,339.278295263158,17.106456874331116,2011-08,1,33.108108108108105,2,33,Loyal Customers,Grow basket size. Consistent buyers with room to move up. Cross-sell adjacent sub-categories and bundle the low-margin items they already buy.,Relative label: upper-middle recency and value within this panel.,3,5,2,10,15,1240,Parhena Norris,0,2011,20110809
PATRICIA_HIRASAKI,Home Office,APAC,Australia,2011-02-22,2014-11-04,27,11182.4063,2743.6261000000004,414.1631962962963,24.535203125287985,2011-02,1,51.96153846153846,1,19,Lost Customers,Reactivate cheaply or release. Longest dormancy in the panel. Use low-cost channels only; do not fund deep discounts to chase them.,"Relative label, and the most easily misread. Dormancy runs 36-428 days with a median near 49 - only 1 customer in the whole panel exceeds 180 days. These customers are not lost in any real sense; they are simply the least recent quintile.",1,1,1,3,57,1408,Patricia Hirasaki,0,2011,20110222
PATRICK_BZOSTEK,Home Office,EU,United States,2011-07-19,2014-12-23,28,14863.06974,1743.07944,530.8239192857143,11.727587036135375,2011-07,1,46.407407407407405,2,19,Potential Loyalists,Convert to loyal. Recently active but spending below their cohort. Targeted category offers and a second-order incentive are justified here.,Relative label: recent but below-panel-average value. Not 'new' - see New Customers.,4,2,3,9,8,1261,Patrick Bzostek,0,2011,20110719
PATRICK_GARDNER,Consumer,US,United States,2011-01-19,2014-12-11,41,16482.5046,1975.1889,402.0123073170732,11.983548301269698,2011-01,1,35.55,1,35,Loyal Customers,Grow basket size. Consistent buyers with room to move up. Cross-sell adjacent sub-categories and bundle the low-margin items they already buy.,Relative label: upper-middle recency and value within this panel.,3,5,4,12,20,1442,Patrick Gardner,0,2011,20110119
PATRICK_JONES,Corporate,US,United States,2011-05-05,2014-11-22,25,14440.907,4019.1325,577.6362799999999,27.83157941533728,2011-05,1,54.04166666666666,1,19,Lost Customers,Reactivate cheaply or release. Longest dormancy in the panel. Use low-cost channels only; do not fund deep discounts to chase them.,"Relative label, and the most easily misread. Dormancy runs 36-428 days with a median near 49 - only 1 customer in the whole panel exceeds 180 days. These customers are not lost in any real sense; they are simply the least recent quintile.",1,1,3,5,39,1336,Patrick Jones,0,2011,20110505
PATRICK_O_BRILL,Consumer,EU,United States,2011-01-26,2014-12-27,45,26707.4562,3778.3637,593.4990266666666,14.147224174798048,2011-01,1,32.52272727272727,1,41,Champions,Protect. Highest value and most recently active. Give early access to new ranges and priority fulfilment; do NOT spend discount here - they already buy at the best margins.,Relative label: top recency and value quintiles within this 795-customer panel.,5,5,5,15,4,1435,Patrick O'Brill,0,2011,20110126
PATRICK_O_DONNELL,Consumer,EU,United States,2011-01-10,2014-12-31,41,24024.2098,4618.1191,585.9563365853659,19.22277210549501,2011-01,1,36.275,2,35,Champions,Protect. Highest value and most recently active. Give early access to new ranges and priority fulfilment; do NOT spend discount here - they already buy at the best margins.,Relative label: top recency and value quintiles within this 795-customer panel.,5,5,5,15,0,1451,Patrick O'Donnell,0,2011,20110110
PATRICK_RYAN,Consumer,EU,United States,2011-04-15,2014-12-06,34,14329.26082,409.12542,421.4488476470588,2.855174632797284,2011-04,1,40.333333333333336,2,29,At Risk,"Reactivate now. Previously valuable, engagement slipping. Time-boxed win-back offer plus a service check - review whether returns or late shipments preceded the drop-off.","Relative label. Median dormancy is only ~28 days; this is the second-lowest recency quintile of a highly active panel, NOT evidence of churn.",2,4,3,9,25,1356,Patrick Ryan,0,2011,20110415
PAULINE_CHAND,Home Office,APAC,Australia,2011-04-06,2014-12-10,22,10634.4953,833.3309,483.38615,7.836111413768738,2011-04,1,64.0,0,18,Potential Loyalists,Convert to loyal. Recently active but spending below their cohort. Targeted category offers and a second-order incentive are justified here.,Relative label: recent but below-panel-average value. Not 'new' - see New Customers.,3,1,1,5,21,1365,Pauline Chand,0,2011,20110406
PAULINE_JOHNSON,Consumer,US,United States,2011-04-07,2014-12-12,30,15843.53916,2102.49306,528.117972,13.270349754353749,2011-04,1,46.37931034482759,2,22,Potential Loyalists,Convert to loyal. Recently active but spending below their cohort. Targeted category offers and a second-order incentive are justified here.,Relative label: recent but below-panel-average value. Not 'new' - see New Customers.,3,2,3,8,19,1364,Pauline Johnson,0,2011,20110407
PAULINE_WEBBER,Corporate,US,United States,2011-01-19,2014-12-24,38,13891.06046,1944.80136,365.55422263157897,14.000380788782484,2011-01,1,38.78378378378378,0,31,Loyal Customers,Grow basket size. Consistent buyers with room to move up. Cross-sell adjacent sub-categories and bundle the low-margin items they already buy.,Relative label: upper-middle recency and value within this panel.,4,5,2,11,7,1442,Pauline Webber,0,2011,20110119
PAUL_GONZALEZ,Consumer,US,United States,2011-02-22,2014-12-29,34,15922.9882,1620.1805,468.3231823529412,10.175103313836532,2011-02,1,42.60606060606061,1,28,Loyal Customers,Grow basket size. Consistent buyers with room to move up. Cross-sell adjacent sub-categories and bundle the low-margin items they already buy.,Relative label: upper-middle recency and value within this panel.,5,4,3,12,2,1408,Paul Gonzalez,0,2011,20110222
PAUL_KNUTSON,Home Office,LATAM,Mexico,2011-04-04,2014-09-24,20,8231.03756,-308.4894400000001,411.551878,-3.74788035835424,2011-04,1,66.78947368421052,1,16,Lost Customers,Reactivate cheaply or release. Longest dormancy in the panel. Use low-cost channels only; do not fund deep discounts to chase them.,"Relative label, and the most easily misread. Dormancy runs 36-428 days with a median near 49 - only 1 customer in the whole panel exceeds 180 days. These customers are not lost in any real sense; they are simply the least recent quintile.",1,1,1,3,98,1367,Paul Knutson,1,2011,20110404
PAUL_LUCAS,Home Office,APAC,China,2011-02-10,2014-12-16,23,15015.9286,2006.5049,652.8664608695652,13.362509595310677,2011-02,1,63.86363636363637,0,20,Potential Loyalists,Convert to loyal. Recently active but spending below their cohort. Targeted category offers and a second-order incentive are justified here.,Relative label: recent but below-panel-average value. Not 'new' - see New Customers.,3,1,3,7,15,1420,Paul Lucas,0,2011,20110210
PAUL_MACINTYRE,Consumer,LATAM,France,2011-01-10,2014-12-10,32,14342.4504,1178.3951999999997,448.201575,8.21613578667143,2011-01,1,46.12903225806452,1,23,Loyal Customers,Grow basket size. Consistent buyers with room to move up. Cross-sell adjacent sub-categories and bundle the low-margin items they already buy.,Relative label: upper-middle recency and value within this panel.,3,3,3,9,21,1451,Paul MacIntyre,0,2011,20110110
PAUL_PROST,Home Office,US,United States,2011-06-03,2014-12-17,33,22243.2456,2687.733,674.0377454545454,12.083367006476788,2011-06,1,40.40625,1,30,Loyal Customers,Grow basket size. Consistent buyers with room to move up. Cross-sell adjacent sub-categories and bundle the low-margin items they already buy.,Relative label: upper-middle recency and value within this panel.,3,3,5,11,14,1307,Paul Prost,0,2011,20110603
PAUL_STEVENSON,Home Office,EU,United States,2011-01-22,2014-12-04,37,19618.35282,1834.19372,530.225751891892,9.349376763833735,2011-01,1,39.22222222222222,2,33,At Risk,"Reactivate now. Previously valuable, engagement slipping. Time-boxed win-back offer plus a service check - review whether returns or late shipments preceded the drop-off.","Relative label. Median dormancy is only ~28 days; this is the second-lowest recency quintile of a highly active panel, NOT evidence of churn.",2,5,4,11,27,1439,Paul Stevenson,0,2011,20110122
PAUL_VAN_HUGH,Home Office,APAC,United States,2011-07-12,2014-12-23,34,18931.297,4055.5694,556.8028529411765,21.422564972701025,2011-07,1,38.18181818181818,0,28,Champions,Protect. Highest value and most recently active. Give early access to new ranges and priority fulfilment; do NOT spend discount here - they already buy at the best margins.,Relative label: top recency and value quintiles within this 795-customer panel.,4,4,4,12,8,1268,Paul Van Hugh,0,2011,20110712
PENELOPE_SEWALL,Home Office,LATAM,United States,2011-04-16,2014-12-11,33,30081.6754,4338.8111,911.5659212121212,14.4234356707406,2011-04,1,41.71875,2,26,Loyal Customers,Grow basket size. Consistent buyers with room to move up. Cross-sell adjacent sub-categories and bundle the low-margin items they already buy.,Relative label: upper-middle recency and value within this panel.,3,3,5,11,20,1355,Penelope Sewall,0,2011,20110416
PETER_B_HLER,Consumer,EU,United States,2011-01-12,2014-12-31,20,9895.989,1936.1847,494.79945,19.56534814256564,2011-01,1,76.26315789473684,0,16,Potential Loyalists,Convert to loyal. Recently active but spending below their cohort. Targeted category offers and a second-order incentive are justified here.,Relative label: recent but below-panel-average value. Not 'new' - see New Customers.,5,1,1,7,0,1449,Peter Bühler,0,2011,20110112
PETER_FULLER,Consumer,APAC,United States,2011-03-16,2014-10-09,38,29875.99966,1063.2913599999993,786.210517368421,3.5590151697036108,2011-03,1,35.21621621621622,0,28,Lost Customers,Reactivate cheaply or release. Longest dormancy in the panel. Use low-cost channels only; do not fund deep discounts to chase them.,"Relative label, and the most easily misread. Dormancy runs 36-428 days with a median near 49 - only 1 customer in the whole panel exceeds 180 days. These customers are not lost in any real sense; they are simply the least recent quintile.",1,5,5,11,83,1386,Peter Fuller,0,2011,20110316
PETER_MCVEE,Home Office,EU,United States,2011-03-11,2014-12-19,28,11286.9559,1018.6376,403.1055678571429,9.024909896210367,2011-03,1,51.07407407407408,0,22,Potential Loyalists,Convert to loyal. Recently active but spending below their cohort. Targeted category offers and a second-order incentive are justified here.,Relative label: recent but below-panel-average value. Not 'new' - see New Customers.,3,2,1,6,12,1391,Peter McVee,0,2011,20110311
PETE_ARMSTRONG,Home Office,LATAM,United States,2011-02-15,2014-12-08,27,10393.81376,1555.3545599999998,384.95606518518514,14.964233494212618,2011-02,1,53.53846153846154,1,21,At Risk,"Reactivate now. Previously valuable, engagement slipping. Time-boxed win-back offer plus a service check - review whether returns or late shipments preceded the drop-off.","Relative label. Median dormancy is only ~28 days; this is the second-lowest recency quintile of a highly active panel, NOT evidence of churn.",2,1,1,4,23,1415,Pete Armstrong,0,2011,20110215
PETE_KRIZ,Consumer,US,United States,2011-06-25,2014-12-23,32,18661.6945,1664.5780999999995,583.177953125,8.9197585996277,2011-06,1,41.193548387096776,2,29,Loyal Customers,Grow basket size. Consistent buyers with room to move up. Cross-sell adjacent sub-categories and bundle the low-margin items they already buy.,Relative label: upper-middle recency and value within this panel.,4,3,4,11,8,1285,Pete Kriz,0,2011,20110625
PETE_TAKAHITO,Consumer,LATAM,Mexico,2011-09-12,2014-12-29,30,13056.813,609.7001999999998,435.2271,4.669594333624903,2011-09,1,41.51724137931034,2,25,Potential Loyalists,Convert to loyal. Recently active but spending below their cohort. Targeted category offers and a second-order incentive are justified here.,Relative label: recent but below-panel-average value. Not 'new' - see New Customers.,5,2,2,9,2,1206,Pete Takahito,0,2011,20110912
PHILIP_BROWN,Consumer,LATAM,United States,2011-06-24,2014-12-26,43,11385.69856,1271.8491599999998,264.7836874418605,11.170585215282564,2011-06,1,30.5,2,33,Loyal Customers,Grow basket size. Consistent buyers with room to move up. Cross-sell adjacent sub-categories and bundle the low-margin items they already buy.,Relative label: upper-middle recency and value within this panel.,4,5,1,10,5,1286,Philip Brown,0,2011,20110624
PHILIP_FOX,Consumer,APAC,United States,2011-01-11,2014-11-27,43,18026.4847,1908.8786,419.2205744186047,10.589300308783995,2011-01,1,33.714285714285715,1,36,At Risk,"Reactivate now. Previously valuable, engagement slipping. Time-boxed win-back offer plus a service check - review whether returns or late shipments preceded the drop-off.","Relative label. Median dormancy is only ~28 days; this is the second-lowest recency quintile of a highly active panel, NOT evidence of churn.",2,5,4,11,34,1450,Philip Fox,0,2011,20110111
PHILISSE_OVERCASH,Home Office,US,United States,2011-02-10,2014-12-02,33,17984.2395,2175.7896,544.9769545454545,12.09831308129543,2011-02,1,43.46875,5,24,At Risk,"Reactivate now. Previously valuable, engagement slipping. Time-boxed win-back offer plus a service check - review whether returns or late shipments preceded the drop-off.","Relative label. Median dormancy is only ~28 days; this is the second-lowest recency quintile of a highly active panel, NOT evidence of churn.",2,3,4,9,29,1420,Philisse Overcash,0,2011,20110210
PHILLINA_OBER,Home Office,APAC,United States,2011-01-05,2014-11-28,29,19099.36688,-1026.1020200000007,658.5988579310346,-5.372439968544134,2011-01,1,50.82142857142857,2,21,At Risk,"Reactivate now. Previously valuable, engagement slipping. Time-boxed win-back offer plus a service check - review whether returns or late shipments preceded the drop-off.","Relative label. Median dormancy is only ~28 days; this is the second-lowest recency quintile of a highly active panel, NOT evidence of churn.",2,2,4,8,33,1456,Phillina Ober,1,2011,20110105
PHILLIP_BREYER,Corporate,EU,France,2011-04-26,2014-12-23,34,24269.859,1403.958,713.8193823529411,5.7847802082410125,2011-04,1,40.51515151515152,0,27,Champions,Protect. Highest value and most recently active. Give early access to new ranges and priority fulfilment; do NOT spend discount here - they already buy at the best margins.,Relative label: top recency and value quintiles within this 795-customer panel.,4,4,5,13,8,1345,Phillip Breyer,0,2011,20110426
PHILLIP_FLATHMANN,Consumer,EU,Germany,2011-08-05,2014-12-29,37,13389.4717,940.8555,361.8776135135135,7.0268306403754535,2011-08,1,34.5,1,30,Loyal Customers,Grow basket size. Consistent buyers with room to move up. Cross-sell adjacent sub-categories and bundle the low-margin items they already buy.,Relative label: upper-middle recency and value within this panel.,5,5,2,12,2,1244,Phillip Flathmann,0,2011,20110805
PIERRE_WENER,Consumer,LATAM,United States,2011-03-04,2014-12-30,31,8423.6698,1942.2988,271.73128387096773,23.05763219731144,2011-03,1,46.56666666666667,0,24,Potential Loyalists,Convert to loyal. Recently active but spending below their cohort. Targeted category offers and a second-order incentive are justified here.,Relative label: recent but below-panel-average value. Not 'new' - see New Customers.,5,3,1,9,1,1398,Pierre Wener,0,2011,20110304
QUINCY_JONES,Corporate,US,United States,2011-02-10,2014-12-06,28,18579.9741,2243.1929,663.5705035714285,12.073175602542957,2011-02,1,51.66666666666666,0,23,At Risk,"Reactivate now. Previously valuable, engagement slipping. Time-boxed win-back offer plus a service check - review whether returns or late shipments preceded the drop-off.","Relative label. Median dormancy is only ~28 days; this is the second-lowest recency quintile of a highly active panel, NOT evidence of churn.",2,2,4,8,25,1420,Quincy Jones,0,2011,20110210
RACHEL_PAYNE,Corporate,APAC,United States,2011-03-31,2014-12-24,32,14999.9289,1902.7221,468.747778125,12.684874126303356,2011-03,1,44.0,3,26,Loyal Customers,Grow basket size. Consistent buyers with room to move up. Cross-sell adjacent sub-categories and bundle the low-margin items they already buy.,Relative label: upper-middle recency and value within this panel.,4,3,3,10,7,1371,Rachel Payne,0,2011,20110331
RALPH_ARNETT,Consumer,US,United States,2011-03-28,2014-12-26,38,23043.113,2613.0752,606.3977105263158,11.33994005063465,2011-03,1,37.0,2,24,Champions,Protect. Highest value and most recently active. Give early access to new ranges and priority fulfilment; do NOT spend discount here - they already buy at the best margins.,Relative label: top recency and value quintiles within this 795-customer panel.,4,5,5,14,5,1374,Ralph Arnett,0,2011,20110328
RALPH_KENNEDY,Consumer,LATAM,Brazil,2011-03-21,2014-12-03,30,14000.04458,-1555.7894199999998,466.6681526666667,-11.112746185269646,2011-03,1,46.6551724137931,2,26,At Risk,"Reactivate now. Previously valuable, engagement slipping. Time-boxed win-back offer plus a service check - review whether returns or late shipments preceded the drop-off.","Relative label. Median dormancy is only ~28 days; this is the second-lowest recency quintile of a highly active panel, NOT evidence of churn.",2,2,3,7,28,1381,Ralph Kennedy,1,2011,20110321
RALPH_RITTER,Consumer,APAC,Australia,2011-02-01,2014-12-12,25,13585.89038,2838.98338,543.4356152,20.89655738853385,2011-02,1,58.75,2,21,Potential Loyalists,Convert to loyal. Recently active but spending below their cohort. Targeted category offers and a second-order incentive are justified here.,Relative label: recent but below-panel-average value. Not 'new' - see New Customers.,3,1,2,6,19,1429,Ralph Ritter,0,2011,20110201
RANDY_BRADLEY,Consumer,EU,Mexico,2011-01-20,2014-12-16,40,22898.02462,4151.35242,572.4506155,18.12974039854098,2011-01,1,36.56410256410256,2,32,Loyal Customers,Grow basket size. Consistent buyers with room to move up. Cross-sell adjacent sub-categories and bundle the low-margin items they already buy.,Relative label: upper-middle recency and value within this panel.,3,5,5,13,15,1441,Randy Bradley,0,2011,20110120
RANDY_FERGUSON,Corporate,APAC,United States,2011-03-01,2014-12-25,32,16599.2978,3093.955,518.72805625,18.63907158771499,2011-03,1,45.0,2,27,Loyal Customers,Grow basket size. Consistent buyers with room to move up. Cross-sell adjacent sub-categories and bundle the low-margin items they already buy.,Relative label: upper-middle recency and value within this panel.,4,3,4,11,6,1401,Randy Ferguson,0,2011,20110301
RAYMOND_BUCH,Consumer,APAC,United States,2011-06-04,2014-12-11,29,29602.1426,8453.0495,1020.7635379310344,28.555532666071272,2011-06,1,45.92857142857143,4,25,Loyal Customers,Grow basket size. Consistent buyers with room to move up. Cross-sell adjacent sub-categories and bundle the low-margin items they already buy.,Relative label: upper-middle recency and value within this panel.,3,2,5,10,20,1306,Raymond Buch,0,2011,20110604
RAYMOND_MESSE,Consumer,APAC,United States,2011-04-25,2014-12-22,32,18317.12712,1855.40302,572.4102225,10.129334190044096,2011-04,1,43.12903225806452,0,25,Loyal Customers,Grow basket size. Consistent buyers with room to move up. Cross-sell adjacent sub-categories and bundle the low-margin items they already buy.,Relative label: upper-middle recency and value within this panel.,4,3,4,11,9,1346,Raymond Messe,0,2011,20110425
RESI_P_LKING,Consumer,US,United States,2011-01-29,2014-12-16,41,22050.8875,1068.3838000000003,537.8265243902439,4.84508299269134,2011-01,1,35.425,2,34,Loyal Customers,Grow basket size. Consistent buyers with room to move up. Cross-sell adjacent sub-categories and bundle the low-margin items they already buy.,Relative label: upper-middle recency and value within this panel.,3,5,5,13,15,1432,Resi Pölking,0,2011,20110129
RICARDO_EMERSON,Consumer,APAC,Australia,2011-03-15,2014-12-03,27,14040.49518,2643.68018,520.01834,18.82896682850469,2011-03,1,52.26923076923077,1,21,At Risk,"Reactivate now. Previously valuable, engagement slipping. Time-boxed win-back offer plus a service check - review whether returns or late shipments preceded the drop-off.","Relative label. Median dormancy is only ~28 days; this is the second-lowest recency quintile of a highly active panel, NOT evidence of churn.",2,1,3,6,28,1387,Ricardo Emerson,0,2011,20110315
RICARDO_SPERREN,Corporate,EU,United States,2011-01-10,2014-11-28,35,14432.58948,1823.65088,412.35969942857145,12.63564575523422,2011-01,1,41.70588235294117,0,28,At Risk,"Reactivate now. Previously valuable, engagement slipping. Time-boxed win-back offer plus a service check - review whether returns or late shipments preceded the drop-off.","Relative label. Median dormancy is only ~28 days; this is the second-lowest recency quintile of a highly active panel, NOT evidence of churn.",2,4,3,9,33,1451,Ricardo Sperren,0,2011,20110110
RICHARD_BIERNER,Consumer,LATAM,United States,2011-01-18,2014-12-12,34,14797.22952,-1125.6565799999998,435.2126329411764,-7.607211731618797,2011-01,1,43.15151515151515,1,28,Loyal Customers,Grow basket size. Consistent buyers with room to move up. Cross-sell adjacent sub-categories and bundle the low-margin items they already buy.,Relative label: upper-middle recency and value within this panel.,3,4,3,10,19,1443,Richard Bierner,1,2011,20110118
RICHARD_EICHHORN,Consumer,APAC,United States,2011-06-03,2014-12-16,30,16339.18824,2391.41164,544.6396080000001,14.636049263118103,2011-06,1,44.55172413793103,1,18,Potential Loyalists,Convert to loyal. Recently active but spending below their cohort. Targeted category offers and a second-order incentive are justified here.,Relative label: recent but below-panel-average value. Not 'new' - see New Customers.,3,2,3,8,15,1307,Richard Eichhorn,0,2011,20110603
RICK_BENSLEY,Home Office,US,United States,2011-03-14,2014-12-31,39,20853.6794,4066.46,534.7097282051283,19.499964116644083,2011-03,1,36.526315789473685,3,36,Champions,Protect. Highest value and most recently active. Give early access to new ranges and priority fulfilment; do NOT spend discount here - they already buy at the best margins.,Relative label: top recency and value quintiles within this 795-customer panel.,5,5,5,15,0,1388,Rick Bensley,0,2011,20110314
RICK_DUSTON,Consumer,LATAM,United States,2011-06-08,2014-12-31,33,17548.9209,3587.4449,531.7854818181819,20.44253843551144,2011-06,1,40.6875,2,27,Loyal Customers,Grow basket size. Consistent buyers with room to move up. Cross-sell adjacent sub-categories and bundle the low-margin items they already buy.,Relative label: upper-middle recency and value within this panel.,5,3,4,12,0,1302,Rick Duston,0,2011,20110608
RICK_HANSEN,Consumer,LATAM,United States,2011-05-02,2014-12-07,31,16352.9586,1850.8903,527.514793548387,11.318381861493858,2011-05,1,43.833333333333336,3,28,At Risk,"Reactivate now. Previously valuable, engagement slipping. Time-boxed win-back offer plus a service check - review whether returns or late shipments preceded the drop-off.","Relative label. Median dormancy is only ~28 days; this is the second-lowest recency quintile of a highly active panel, NOT evidence of churn.",2,3,3,8,24,1339,Rick Hansen,0,2011,20110502
RICK_HUTHWAITE,Home Office,APAC,United States,2011-02-22,2014-12-11,32,13437.18096,1664.6644599999995,419.911905,12.388494766539184,2011-02,1,44.774193548387096,2,25,Potential Loyalists,Convert to loyal. Recently active but spending below their cohort. Targeted category offers and a second-order incentive are justified here.,Relative label: recent but below-panel-average value. Not 'new' - see New Customers.,3,3,2,8,20,1408,Rick Huthwaite,0,2011,20110222
RICK_REED,Corporate,LATAM,United States,2011-03-12,2014-12-31,34,16386.1966,-47.98280000000026,481.94695882352937,-0.2928245106005884,2011-03,1,42.121212121212125,3,27,Champions,Protect. Highest value and most recently active. Give early access to new ranges and priority fulfilment; do NOT spend discount here - they already buy at the best margins.,Relative label: top recency and value quintiles within this 795-customer panel.,5,4,4,13,0,1390,Rick Reed,1,2011,20110312
RICK_WILSON,Corporate,APAC,United States,2011-02-22,2014-12-05,32,25122.1225,5177.4288,785.066328125,20.609042090293126,2011-02,1,44.58064516129032,1,25,At Risk,"Reactivate now. Previously valuable, engagement slipping. Time-boxed win-back offer plus a service check - review whether returns or late shipments preceded the drop-off.","Relative label. Median dormancy is only ~28 days; this is the second-lowest recency quintile of a highly active panel, NOT evidence of churn.",2,3,5,10,26,1408,Rick Wilson,0,2011,20110222
RITSA_HIGHTOWER,Consumer,EU,France,2011-07-19,2014-12-24,29,17697.78,2002.8037,610.2682758620689,11.31669452326789,2011-07,1,44.785714285714285,2,21,Loyal Customers,Grow basket size. Consistent buyers with room to move up. Cross-sell adjacent sub-categories and bundle the low-margin items they already buy.,Relative label: upper-middle recency and value within this panel.,4,2,4,10,7,1261,Ritsa Hightower,0,2011,20110719
ROBERT_BARROSO,Corporate,LATAM,United States,2011-08-23,2014-08-03,25,6256.1884,640.1234,250.247536,10.231843401646918,2011-08,1,44.833333333333336,0,22,Lost Customers,Reactivate cheaply or release. Longest dormancy in the panel. Use low-cost channels only; do not fund deep discounts to chase them.,"Relative label, and the most easily misread. Dormancy runs 36-428 days with a median near 49 - only 1 customer in the whole panel exceeds 180 days. These customers are not lost in any real sense; they are simply the least recent quintile.",1,1,1,3,150,1226,Robert Barroso,0,2011,20110823
ROBERT_DILBECK,Home Office,APAC,United States,2011-01-06,2014-12-04,30,16339.7531,3965.8731,544.6584366666667,24.27131594785236,2011-01,1,49.241379310344826,1,21,At Risk,"Reactivate now. Previously valuable, engagement slipping. Time-boxed win-back offer plus a service check - review whether returns or late shipments preceded the drop-off.","Relative label. Median dormancy is only ~28 days; this is the second-lowest recency quintile of a highly active panel, NOT evidence of churn.",2,2,3,7,27,1455,Robert Dilbeck,0,2011,20110106
ROBERT_MARLEY,Home Office,EU,United States,2011-11-02,2014-12-27,27,12867.0545,2542.2423,476.55757407407407,19.75776429640521,2011-11,1,44.26923076923077,0,19,Potential Loyalists,Convert to loyal. Recently active but spending below their cohort. Targeted category offers and a second-order incentive are justified here.,Relative label: recent but below-panel-average value. Not 'new' - see New Customers.,5,1,2,8,4,1155,Robert Marley,0,2011,20111102
ROBERT_WALDORF,Consumer,APAC,United States,2011-06-03,2014-12-16,33,12599.138,2137.0023,381.7920606060606,16.961496096002758,2011-06,1,40.375,1,25,Potential Loyalists,Convert to loyal. Recently active but spending below their cohort. Targeted category offers and a second-order incentive are justified here.,Relative label: recent but below-panel-average value. Not 'new' - see New Customers.,3,3,2,8,15,1307,Robert Waldorf,0,2011,20110603
ROB_BEEGHLY,Consumer,EU,United States,2011-10-12,2014-12-11,30,11548.392,1495.9239000000005,384.9464,12.95352547783276,2011-10,1,39.86206896551724,1,25,Potential Loyalists,Convert to loyal. Recently active but spending below their cohort. Targeted category offers and a second-order incentive are justified here.,Relative label: recent but below-panel-average value. Not 'new' - see New Customers.,3,2,2,7,20,1176,Rob Beeghly,0,2011,20111012
ROB_DOWD,Consumer,US,United States,2011-04-02,2014-12-06,38,21483.5079,3919.9697,565.3554710526316,18.246413566380376,2011-04,1,36.32432432432432,1,31,At Risk,"Reactivate now. Previously valuable, engagement slipping. Time-boxed win-back offer plus a service check - review whether returns or late shipments preceded the drop-off.","Relative label. Median dormancy is only ~28 days; this is the second-lowest recency quintile of a highly active panel, NOT evidence of churn.",2,5,5,12,25,1369,Rob Dowd,0,2011,20110402
ROB_HABERLIN,Consumer,EU,France,2011-06-02,2014-12-25,29,7970.165559999999,1222.3716599999998,274.8332951724138,15.33684150972643,2011-06,1,46.5,0,21,Potential Loyalists,Convert to loyal. Recently active but spending below their cohort. Targeted category offers and a second-order incentive are justified here.,Relative label: recent but below-panel-average value. Not 'new' - see New Customers.,4,2,1,7,6,1308,Rob Haberlin,0,2011,20110602
ROB_LUCAS,Consumer,US,United States,2011-02-26,2014-09-02,31,17287.05048,2703.9888799999994,557.6467896774194,15.641701764730422,2011-02,1,42.8,3,23,Lost Customers,Reactivate cheaply or release. Longest dormancy in the panel. Use low-cost channels only; do not fund deep discounts to chase them.,"Relative label, and the most easily misread. Dormancy runs 36-428 days with a median near 49 - only 1 customer in the whole panel exceeds 180 days. These customers are not lost in any real sense; they are simply the least recent quintile.",1,3,4,8,120,1404,Rob Lucas,0,2011,20110226
ROB_WILLIAMS,Corporate,US,United States,2011-02-16,2014-10-15,28,9985.9343,2252.2208,356.64051071428565,22.55393168368833,2011-02,1,49.51851851851852,1,26,Lost Customers,Reactivate cheaply or release. Longest dormancy in the panel. Use low-cost channels only; do not fund deep discounts to chase them.,"Relative label, and the most easily misread. Dormancy runs 36-428 days with a median near 49 - only 1 customer in the whole panel exceeds 180 days. These customers are not lost in any real sense; they are simply the least recent quintile.",1,2,1,4,77,1414,Rob Williams,0,2011,20110216
ROGER_BARCIO,Home Office,Africa,United States,2011-03-03,2014-12-15,28,15306.1556,2879.5410999999995,546.6484142857142,18.81296110696797,2011-03,1,51.22222222222222,3,16,Potential Loyalists,Convert to loyal. Recently active but spending below their cohort. Targeted category offers and a second-order incentive are justified here.,Relative label: recent but below-panel-average value. Not 'new' - see New Customers.,3,2,3,8,16,1399,Roger Barcio,0,2011,20110303
ROGER_DEMIR,Consumer,US,United States,2011-01-13,2014-12-10,38,14736.2375,3037.0109,387.79572368421054,20.609133776515208,2011-01,1,38.567567567567565,0,30,Loyal Customers,Grow basket size. Consistent buyers with room to move up. Cross-sell adjacent sub-categories and bundle the low-margin items they already buy.,Relative label: upper-middle recency and value within this panel.,3,5,3,11,21,1448,Roger Demir,0,2011,20110113
ROLAND_FJELD,Consumer,APAC,United States,2011-02-23,2014-12-30,26,13089.2177,1123.5285,503.43145,8.583618408302582,2011-02,1,56.24,1,23,Potential Loyalists,Convert to loyal. Recently active but spending below their cohort. Targeted category offers and a second-order incentive are justified here.,Relative label: recent but below-panel-average value. Not 'new' - see New Customers.,5,1,2,8,1,1407,Roland Fjeld,0,2011,20110223
ROLAND_MURRAY,Consumer,LATAM,Argentina,2011-03-31,2014-12-15,26,7404.18586,1250.33376,284.77637923076924,16.886850001358557,2011-03,1,54.2,1,19,Potential Loyalists,Convert to loyal. Recently active but spending below their cohort. Targeted category offers and a second-order incentive are justified here.,Relative label: recent but below-panel-average value. Not 'new' - see New Customers.,3,1,1,5,16,1371,Roland Murray,0,2011,20110331
ROLAND_SCHWARZ,Corporate,LATAM,United States,2011-04-07,2014-11-25,31,15106.27128,3472.16638,487.2990735483871,22.98493331439762,2011-04,1,44.266666666666666,2,25,Lost Customers,Reactivate cheaply or release. Longest dormancy in the panel. Use low-cost channels only; do not fund deep discounts to chase them.,"Relative label, and the most easily misread. Dormancy runs 36-428 days with a median near 49 - only 1 customer in the whole panel exceeds 180 days. These customers are not lost in any real sense; they are simply the least recent quintile.",1,3,3,7,36,1364,Roland Schwarz,0,2011,20110407
ROSE_O_BRIAN,Consumer,APAC,United States,2011-02-25,2014-12-27,38,21913.5415,868.8819000000002,576.6721447368421,3.9650455404481297,2011-02,1,37.86486486486486,0,29,Champions,Protect. Highest value and most recently active. Give early access to new ranges and priority fulfilment; do NOT spend discount here - they already buy at the best margins.,Relative label: top recency and value quintiles within this 795-customer panel.,5,5,5,15,4,1405,Rose O'Brian,0,2011,20110225
ROSS_BAIRD,Home Office,LATAM,United States,2011-01-15,2014-12-01,40,19312.16934,2350.53014,482.8042335,12.17123824163816,2011-01,1,36.30769230769231,0,35,At Risk,"Reactivate now. Previously valuable, engagement slipping. Time-boxed win-back offer plus a service check - review whether returns or late shipments preceded the drop-off.","Relative label. Median dormancy is only ~28 days; this is the second-lowest recency quintile of a highly active panel, NOT evidence of churn.",2,5,4,11,30,1446,Ross Baird,0,2011,20110115
ROSS_DEVINCENTIS,Home Office,APAC,United States,2011-06-09,2014-12-17,37,10305.88796,1939.89446,278.53751243243244,18.82316659689361,2011-06,1,35.75,1,30,Loyal Customers,Grow basket size. Consistent buyers with room to move up. Cross-sell adjacent sub-categories and bundle the low-margin items they already buy.,Relative label: upper-middle recency and value within this panel.,3,5,1,9,14,1301,Ross DeVincentis,0,2011,20110609
ROY_COLLINS,Consumer,LATAM,United States,2011-01-11,2014-09-04,26,7954.1133,737.7457,305.92743461538464,9.275021264783843,2011-01,1,53.28,0,25,Lost Customers,Reactivate cheaply or release. Longest dormancy in the panel. Use low-cost channels only; do not fund deep discounts to chase them.,"Relative label, and the most easily misread. Dormancy runs 36-428 days with a median near 49 - only 1 customer in the whole panel exceeds 180 days. These customers are not lost in any real sense; they are simply the least recent quintile.",1,1,1,3,118,1450,Roy Collins,0,2011,20110111
ROY_FRANZ_SISCH,Consumer,LATAM,United States,2011-04-27,2014-12-25,37,15649.19768,2841.73178,422.95128864864864,18.15896148868892,2011-04,1,37.16666666666666,0,31,Champions,Protect. Highest value and most recently active. Give early access to new ranges and priority fulfilment; do NOT spend discount here - they already buy at the best margins.,Relative label: top recency and value quintiles within this 795-customer panel.,4,5,3,12,6,1344,Roy Französisch,0,2011,20110427
ROY_PHAN,Corporate,EU,United States,2011-01-12,2014-12-10,33,14612.2234,138.8541999999999,442.7946484848485,0.9502605879951158,2011-01,1,44.625,2,27,Loyal Customers,Grow basket size. Consistent buyers with room to move up. Cross-sell adjacent sub-categories and bundle the low-margin items they already buy.,Relative label: upper-middle recency and value within this panel.,3,3,3,9,21,1449,Roy Phan,0,2011,20110112
ROY_SKARIA,Home Office,EU,France,2011-06-03,2014-12-12,28,8122.39278,1463.42858,290.08545642857143,18.017210194555503,2011-06,1,47.7037037037037,0,20,Potential Loyalists,Convert to loyal. Recently active but spending below their cohort. Targeted category offers and a second-order incentive are justified here.,Relative label: recent but below-panel-average value. Not 'new' - see New Customers.,3,2,1,6,19,1307,Roy Skaria,0,2011,20110603
RUBEN_AUSMAN,Corporate,EU,United States,2011-04-08,2014-11-18,31,15938.76708,3320.4686800000004,514.1537767741935,20.8326570263175,2011-04,1,44.0,1,23,Lost Customers,Reactivate cheaply or release. Longest dormancy in the panel. Use low-cost channels only; do not fund deep discounts to chase them.,"Relative label, and the most easily misread. Dormancy runs 36-428 days with a median near 49 - only 1 customer in the whole panel exceeds 180 days. These customers are not lost in any real sense; they are simply the least recent quintile.",1,3,3,7,43,1363,Ruben Ausman,0,2011,20110408
RUBEN_DARTT,Consumer,LATAM,United States,2011-01-20,2014-11-29,39,18322.969,3330.6742,469.819717948718,18.17759010562098,2011-01,1,37.078947368421055,3,29,At Risk,"Reactivate now. Previously valuable, engagement slipping. Time-boxed win-back offer plus a service check - review whether returns or late shipments preceded the drop-off.","Relative label. Median dormancy is only ~28 days; this is the second-lowest recency quintile of a highly active panel, NOT evidence of churn.",2,5,4,11,32,1441,Ruben Dartt,0,2011,20110120
RUSSELL_APPLEGATE,Consumer,US,United States,2011-01-04,2014-12-19,29,21395.85342,2164.19772,737.7880489655172,10.11503340164498,2011-01,1,51.60714285714285,1,27,Loyal Customers,Grow basket size. Consistent buyers with room to move up. Cross-sell adjacent sub-categories and bundle the low-margin items they already buy.,Relative label: upper-middle recency and value within this panel.,3,2,5,10,12,1457,Russell Applegate,0,2011,20110104
RUSSELL_D_ASCENZO,Consumer,LATAM,Guatemala,2011-03-06,2014-12-03,33,15816.98032,1230.3657199999998,479.302433939394,7.778764941903902,2011-03,1,42.75,0,22,At Risk,"Reactivate now. Previously valuable, engagement slipping. Time-boxed win-back offer plus a service check - review whether returns or late shipments preceded the drop-off.","Relative label. Median dormancy is only ~28 days; this is the second-lowest recency quintile of a highly active panel, NOT evidence of churn.",2,3,3,8,28,1396,Russell D'Ascenzo,0,2011,20110306
RYAN_AKIN,Consumer,EU,United States,2011-01-27,2014-12-30,32,13740.6153,896.7278000000003,429.394228125,6.526110952251172,2011-01,1,46.2258064516129,0,23,Potential Loyalists,Convert to loyal. Recently active but spending below their cohort. Targeted category offers and a second-order incentive are justified here.,Relative label: recent but below-panel-average value. Not 'new' - see New Customers.,5,3,2,10,1,1434,Ryan Akin,0,2011,20110127
RYAN_CROWE,Consumer,EU,United States,2011-01-21,2014-12-09,27,9537.8341,2124.0154,353.2531148148148,22.26936826254925,2011-01,1,54.53846153846154,0,22,At Risk,"Reactivate now. Previously valuable, engagement slipping. Time-boxed win-back offer plus a service check - review whether returns or late shipments preceded the drop-off.","Relative label. Median dormancy is only ~28 days; this is the second-lowest recency quintile of a highly active panel, NOT evidence of churn.",2,1,1,4,22,1440,Ryan Crowe,0,2011,20110121
SALLY_HUGHSBY,Corporate,US,United States,2011-01-21,2014-12-06,37,18951.65694,1795.3614400000004,512.2069443243244,9.473374521731923,2011-01,1,39.30555555555556,4,29,At Risk,"Reactivate now. Previously valuable, engagement slipping. Time-boxed win-back offer plus a service check - review whether returns or late shipments preceded the drop-off.","Relative label. Median dormancy is only ~28 days; this is the second-lowest recency quintile of a highly active panel, NOT evidence of churn.",2,5,4,11,25,1440,Sally Hughsby,0,2011,20110121
SALLY_KNUTSON,Consumer,LATAM,Mexico,2011-06-30,2014-12-23,26,13291.82952,2975.51382,511.22421230769226,22.38603659129688,2011-06,1,50.88,2,19,Potential Loyalists,Convert to loyal. Recently active but spending below their cohort. Targeted category offers and a second-order incentive are justified here.,Relative label: recent but below-panel-average value. Not 'new' - see New Customers.,4,1,2,7,8,1280,Sally Knutson,0,2011,20110630
SALLY_MATTHIAS,Consumer,EU,Australia,2011-06-13,2014-09-18,30,13063.9675,1528.3608,435.46558333333337,11.699055436260078,2011-06,1,41.13793103448276,0,22,Lost Customers,Reactivate cheaply or release. Longest dormancy in the panel. Use low-cost channels only; do not fund deep discounts to chase them.,"Relative label, and the most easily misread. Dormancy runs 36-428 days with a median near 49 - only 1 customer in the whole panel exceeds 180 days. These customers are not lost in any real sense; they are simply the least recent quintile.",1,2,2,5,104,1297,Sally Matthias,0,2011,20110613
SAMPLE_COMPANY_A,Home Office,APAC,United States,2011-01-09,2014-11-21,37,19125.07302,18.425319999999925,516.8938654054054,0.0963411746492768,2011-01,1,39.22222222222222,1,30,Lost Customers,Reactivate cheaply or release. Longest dormancy in the panel. Use low-cost channels only; do not fund deep discounts to chase them.,"Relative label, and the most easily misread. Dormancy runs 36-428 days with a median near 49 - only 1 customer in the whole panel exceeds 180 days. These customers are not lost in any real sense; they are simply the least recent quintile.",1,5,4,10,40,1452,Sample Company A,0,2011,20110109
SAM_CRAVEN,Consumer,APAC,India,2011-02-21,2014-12-23,38,11055.804,1116.0096,290.9422105263158,10.094332352491053,2011-02,1,37.86486486486486,0,34,Loyal Customers,Grow basket size. Consistent buyers with room to move up. Cross-sell adjacent sub-categories and bundle the low-margin items they already buy.,Relative label: upper-middle recency and value within this panel.,4,5,1,10,8,1409,Sam Craven,0,2011,20110221
SAM_ZELDIN,Home Office,LATAM,United States,2011-02-22,2014-12-18,41,16356.526,2915.8473,398.9396585365853,17.826812979724423,2011-02,1,34.875,2,37,Loyal Customers,Grow basket size. Consistent buyers with room to move up. Cross-sell adjacent sub-categories and bundle the low-margin items they already buy.,Relative label: upper-middle recency and value within this panel.,3,5,3,11,13,1408,Sam Zeldin,0,2011,20110222
SANDRA_FLANAGAN,Consumer,US,United States,2011-03-03,2014-11-03,29,11257.175,1865.6513,388.1784482758621,16.57299722177189,2011-03,1,47.892857142857146,0,21,Lost Customers,Reactivate cheaply or release. Longest dormancy in the panel. Use low-cost channels only; do not fund deep discounts to chase them.,"Relative label, and the most easily misread. Dormancy runs 36-428 days with a median near 49 - only 1 customer in the whole panel exceeds 180 days. These customers are not lost in any real sense; they are simply the least recent quintile.",1,2,1,4,58,1399,Sandra Flanagan,0,2011,20110303
SANDRA_GLASSCO,Consumer,APAC,United States,2011-05-14,2014-12-28,23,11853.2314,2883.7084,515.3578869565217,24.328457807716468,2011-05,1,60.18181818181818,1,17,Potential Loyalists,Convert to loyal. Recently active but spending below their cohort. Targeted category offers and a second-order incentive are justified here.,Relative label: recent but below-panel-average value. Not 'new' - see New Customers.,5,1,2,8,3,1327,Sandra Glassco,0,2011,20110514
SANJIT_CHAND,Consumer,EU,United States,2011-02-13,2014-10-17,35,26521.132,8205.3799,757.7466285714286,30.939025905832374,2011-02,1,39.47058823529412,2,28,Lost Customers,Reactivate cheaply or release. Longest dormancy in the panel. Use low-cost channels only; do not fund deep discounts to chase them.,"Relative label, and the most easily misread. Dormancy runs 36-428 days with a median near 49 - only 1 customer in the whole panel exceeds 180 days. These customers are not lost in any real sense; they are simply the least recent quintile.",1,4,5,10,75,1417,Sanjit Chand,0,2011,20110213
SANJIT_ENGLE,Consumer,EU,United States,2011-04-11,2014-12-22,39,30146.33502,6015.783919999999,772.9829492307692,19.9552745499874,2011-04,1,35.55263157894737,1,36,Champions,Protect. Highest value and most recently active. Give early access to new ranges and priority fulfilment; do NOT spend discount here - they already buy at the best margins.,Relative label: top recency and value quintiles within this 795-customer panel.,4,5,5,14,9,1360,Sanjit Engle,0,2011,20110411
SANJIT_JACOBS,Home Office,US,United States,2011-01-10,2014-11-29,39,13523.281,1828.0039,346.7507948717949,13.517458522084988,2011-01,1,37.3421052631579,2,30,At Risk,"Reactivate now. Previously valuable, engagement slipping. Time-boxed win-back offer plus a service check - review whether returns or late shipments preceded the drop-off.","Relative label. Median dormancy is only ~28 days; this is the second-lowest recency quintile of a highly active panel, NOT evidence of churn.",2,5,2,9,32,1451,Sanjit Jacobs,0,2011,20110110
SAPHHIRA_SHIFLEY,Corporate,APAC,United States,2011-03-09,2014-12-16,39,23630.23104,-612.3282600000006,605.90336,-2.5912918877664963,2011-03,1,36.26315789473684,3,32,Loyal Customers,Grow basket size. Consistent buyers with room to move up. Cross-sell adjacent sub-categories and bundle the low-margin items they already buy.,Relative label: upper-middle recency and value within this panel.,3,5,5,13,15,1393,Saphhira Shifley,1,2011,20110309
SARAH_BERN,Consumer,APAC,Australia,2011-06-06,2014-12-29,20,14598.174,2366.9598,729.9087000000001,16.21408129537297,2011-06,1,68.52631578947368,2,15,Potential Loyalists,Convert to loyal. Recently active but spending below their cohort. Targeted category offers and a second-order incentive are justified here.,Relative label: recent but below-panel-average value. Not 'new' - see New Customers.,5,1,3,9,2,1304,Sarah Bern,0,2011,20110606
SARAH_BROWN,Consumer,EU,United States,2011-02-28,2014-10-18,38,22302.89772,1668.6541199999992,586.9183610526316,7.481781699171955,2011-02,1,35.891891891891895,1,31,Lost Customers,Reactivate cheaply or release. Longest dormancy in the panel. Use low-cost channels only; do not fund deep discounts to chase them.,"Relative label, and the most easily misread. Dormancy runs 36-428 days with a median near 49 - only 1 customer in the whole panel exceeds 180 days. These customers are not lost in any real sense; they are simply the least recent quintile.",1,5,5,11,74,1402,Sarah Brown,0,2011,20110228
SARAH_FOSTER,Consumer,US,United States,2011-01-31,2014-12-26,36,15652.945400000002,829.7640000000005,434.80403888888895,5.301008716225384,2011-01,1,40.71428571428572,2,28,Loyal Customers,Grow basket size. Consistent buyers with room to move up. Cross-sell adjacent sub-categories and bundle the low-margin items they already buy.,Relative label: upper-middle recency and value within this panel.,4,4,3,11,5,1430,Sarah Foster,0,2011,20110131
SARAH_JORDON,Consumer,APAC,United States,2011-02-21,2014-12-03,41,16068.95068,2511.8609800000004,391.9256263414634,15.63176731338378,2011-02,1,34.525,3,32,At Risk,"Reactivate now. Previously valuable, engagement slipping. Time-boxed win-back offer plus a service check - review whether returns or late shipments preceded the drop-off.","Relative label. Median dormancy is only ~28 days; this is the second-lowest recency quintile of a highly active panel, NOT evidence of churn.",2,5,3,10,28,1409,Sarah Jordon,0,2011,20110221
SARA_LUXEMBURG,Home Office,LATAM,United States,2011-04-20,2014-12-02,46,16832.471,1899.9305,365.9232826086957,11.287294063955317,2011-04,1,29.377777777777776,2,32,At Risk,"Reactivate now. Previously valuable, engagement slipping. Time-boxed win-back offer plus a service check - review whether returns or late shipments preceded the drop-off.","Relative label. Median dormancy is only ~28 days; this is the second-lowest recency quintile of a highly active panel, NOT evidence of churn.",2,5,4,11,29,1351,Sara Luxemburg,0,2011,20110420
SCOTT_COHEN,Corporate,APAC,United States,2011-03-28,2014-12-31,33,12532.7104,1222.6708,379.779103030303,9.755837013516246,2011-03,1,42.9375,0,26,Potential Loyalists,Convert to loyal. Recently active but spending below their cohort. Targeted category offers and a second-order incentive are justified here.,Relative label: recent but below-panel-average value. Not 'new' - see New Customers.,5,3,2,10,0,1374,Scott Cohen,0,2011,20110328
SCOTT_WILLIAMSON,Consumer,APAC,United States,2011-02-07,2014-12-10,38,17045.5447,1044.1872,448.56696578947367,6.125865839887182,2011-02,1,37.891891891891895,1,33,Loyal Customers,Grow basket size. Consistent buyers with room to move up. Cross-sell adjacent sub-categories and bundle the low-margin items they already buy.,Relative label: upper-middle recency and value within this panel.,3,5,4,12,21,1423,Scott Williamson,0,2011,20110207
SCOT_CORAM,Corporate,APAC,United States,2011-03-03,2014-12-15,28,22127.775,3071.3679999999995,790.2776785714286,13.880148365572223,2011-03,1,51.22222222222222,2,25,Loyal Customers,Grow basket size. Consistent buyers with room to move up. Cross-sell adjacent sub-categories and bundle the low-margin items they already buy.,Relative label: upper-middle recency and value within this panel.,3,2,5,10,16,1399,Scot Coram,0,2011,20110303
SCOT_WOOTEN,Consumer,EU,United States,2011-04-14,2014-12-19,30,15478.59382,1948.35962,515.9531273333333,12.587445879499148,2011-04,1,46.37931034482759,0,26,Potential Loyalists,Convert to loyal. Recently active but spending below their cohort. Targeted category offers and a second-order incentive are justified here.,Relative label: recent but below-panel-average value. Not 'new' - see New Customers.,3,2,3,8,12,1357,Scot Wooten,0,2011,20110414
SEAN_BRAXTON,Corporate,LATAM,United States,2011-05-09,2014-11-20,27,20513.9368,-1896.9793000000004,759.775437037037,-9.247270860267058,2011-05,1,49.65384615384615,1,22,Lost Customers,Reactivate cheaply or release. Longest dormancy in the panel. Use low-cost channels only; do not fund deep discounts to chase them.,"Relative label, and the most easily misread. Dormancy runs 36-428 days with a median near 49 - only 1 customer in the whole panel exceeds 180 days. These customers are not lost in any real sense; they are simply the least recent quintile.",1,1,5,7,41,1332,Sean Braxton,1,2011,20110509
SEAN_CHRISTENSEN,Consumer,EU,United States,2011-10-18,2014-12-15,33,20903.902,462.2787000000002,633.4515757575757,2.2114469346440693,2011-10,1,36.0625,0,26,Loyal Customers,Grow basket size. Consistent buyers with room to move up. Cross-sell adjacent sub-categories and bundle the low-margin items they already buy.,Relative label: upper-middle recency and value within this panel.,3,3,5,11,16,1170,Sean Christensen,0,2011,20111018
SEAN_MILLER,Home Office,EU,United States,2011-03-18,2014-12-10,28,35170.93296,-409.7063400000019,1256.1047485714284,-1.1649004035973742,2011-03,1,50.48148148148148,1,21,Loyal Customers,Grow basket size. Consistent buyers with room to move up. Cross-sell adjacent sub-categories and bundle the low-margin items they already buy.,Relative label: upper-middle recency and value within this panel.,3,2,5,10,21,1384,Sean Miller,1,2011,20110318
SEAN_O_DONNELL,Consumer,LATAM,United States,2011-04-22,2014-12-02,31,16366.44492,2407.04362,527.9498361290323,14.707186757819118,2011-04,1,44.0,5,27,At Risk,"Reactivate now. Previously valuable, engagement slipping. Time-boxed win-back offer plus a service check - review whether returns or late shipments preceded the drop-off.","Relative label. Median dormancy is only ~28 days; this is the second-lowest recency quintile of a highly active panel, NOT evidence of churn.",2,3,3,8,29,1349,Sean O'Donnell,0,2011,20110422
SEAN_WENDT,Home Office,EU,United Kingdom,2011-03-29,2014-12-19,30,8167.70344,1031.5477399999995,272.2567813333333,12.629593466238775,2011-03,1,46.93103448275862,0,21,Potential Loyalists,Convert to loyal. Recently active but spending below their cohort. Targeted category offers and a second-order incentive are justified here.,Relative label: recent but below-panel-average value. Not 'new' - see New Customers.,3,2,1,6,12,1373,Sean Wendt,0,2011,20110329
SETH_VERNON,Consumer,APAC,United States,2011-01-12,2014-10-05,36,23632.91948,2222.7536800000003,656.4699855555556,9.405328367834816,2011-01,1,38.91428571428571,1,31,Lost Customers,Reactivate cheaply or release. Longest dormancy in the panel. Use low-cost channels only; do not fund deep discounts to chase them.,"Relative label, and the most easily misread. Dormancy runs 36-428 days with a median near 49 - only 1 customer in the whole panel exceeds 180 days. These customers are not lost in any real sense; they are simply the least recent quintile.",1,4,5,10,87,1449,Seth Vernon,0,2011,20110112
SHAHID_COLLISTER,Consumer,APAC,United States,2011-03-01,2014-12-01,41,17678.88424,1692.37974,431.1922985365853,9.572887728801598,2011-03,1,34.275,3,37,At Risk,"Reactivate now. Previously valuable, engagement slipping. Time-boxed win-back offer plus a service check - review whether returns or late shipments preceded the drop-off.","Relative label. Median dormancy is only ~28 days; this is the second-lowest recency quintile of a highly active panel, NOT evidence of churn.",2,5,4,11,30,1401,Shahid Collister,0,2011,20110301
SHAHID_HOPKINS,Consumer,APAC,United States,2011-01-06,2014-12-08,37,12978.20384,1059.2329399999996,350.762265945946,8.161629706688284,2011-01,1,39.77777777777778,3,33,At Risk,"Reactivate now. Previously valuable, engagement slipping. Time-boxed win-back offer plus a service check - review whether returns or late shipments preceded the drop-off.","Relative label. Median dormancy is only ~28 days; this is the second-lowest recency quintile of a highly active panel, NOT evidence of churn.",2,5,2,9,23,1455,Shahid Hopkins,0,2011,20110106
SHAHID_SHARIARI,Consumer,LATAM,United States,2011-05-30,2014-12-05,37,18107.94198,131.5111799999995,489.4038372972973,0.7262624330542476,2011-05,1,35.69444444444444,2,27,At Risk,"Reactivate now. Previously valuable, engagement slipping. Time-boxed win-back offer plus a service check - review whether returns or late shipments preceded the drop-off.","Relative label. Median dormancy is only ~28 days; this is the second-lowest recency quintile of a highly active panel, NOT evidence of churn.",2,5,4,11,26,1311,Shahid Shariari,0,2011,20110530
SHARELLE_ROACH,Home Office,EU,United States,2011-01-14,2014-12-23,24,13002.45694,-2551.188460000001,541.7690391666666,-19.62081837127008,2011-01,1,62.56521739130435,0,19,Potential Loyalists,Convert to loyal. Recently active but spending below their cohort. Targeted category offers and a second-order incentive are justified here.,Relative label: recent but below-panel-average value. Not 'new' - see New Customers.,4,1,2,7,8,1447,Sharelle Roach,1,2011,20110114
SHAUN_CHANCE,Corporate,LATAM,United States,2011-01-12,2014-12-22,29,9606.51626,357.01936000000006,331.25918137931035,3.716429039802615,2011-01,1,51.42857142857143,1,25,Potential Loyalists,Convert to loyal. Recently active but spending below their cohort. Targeted category offers and a second-order incentive are justified here.,Relative label: recent but below-panel-average value. Not 'new' - see New Customers.,4,2,1,7,9,1449,Shaun Chance,0,2011,20110112
SHAUN_WEIEN,Consumer,EU,United States,2011-01-05,2014-12-24,31,8243.2682,1163.569,265.9118774193549,14.115384478209748,2011-01,1,48.3,0,22,Potential Loyalists,Convert to loyal. Recently active but spending below their cohort. Targeted category offers and a second-order incentive are justified here.,Relative label: recent but below-panel-average value. Not 'new' - see New Customers.,4,3,1,8,7,1456,Shaun Weien,0,2011,20110105
SHERI_GORDON,Consumer,LATAM,United States,2011-03-12,2014-10-02,31,13816.9473,2338.9888,445.7079774193549,16.928405017510634,2011-03,1,43.333333333333336,2,28,Lost Customers,Reactivate cheaply or release. Longest dormancy in the panel. Use low-cost channels only; do not fund deep discounts to chase them.,"Relative label, and the most easily misread. Dormancy runs 36-428 days with a median near 49 - only 1 customer in the whole panel exceeds 180 days. These customers are not lost in any real sense; they are simply the least recent quintile.",1,3,2,6,90,1390,Sheri Gordon,0,2011,20110312
SHIRLEY_DANIELS,Home Office,EU,United States,2011-01-17,2014-12-16,40,17959.4079,3647.2211,448.9851975,20.30813666189964,2011-01,1,36.64102564102564,3,32,Loyal Customers,Grow basket size. Consistent buyers with room to move up. Cross-sell adjacent sub-categories and bundle the low-margin items they already buy.,Relative label: upper-middle recency and value within this panel.,3,5,4,12,15,1444,Shirley Daniels,0,2011,20110117
SHIRLEY_JACKSON,Consumer,APAC,United States,2011-01-24,2014-07-09,29,13384.859,1581.8093000000003,461.5468620689656,11.817900360399763,2011-01,1,45.07142857142857,0,26,Lost Customers,Reactivate cheaply or release. Longest dormancy in the panel. Use low-cost channels only; do not fund deep discounts to chase them.,"Relative label, and the most easily misread. Dormancy runs 36-428 days with a median near 49 - only 1 customer in the whole panel exceeds 180 days. These customers are not lost in any real sense; they are simply the least recent quintile.",1,2,2,5,175,1437,Shirley Jackson,0,2011,20110124
SHIRLEY_SCHMIDT,Home Office,EU,United States,2011-07-14,2014-12-31,22,7905.151620000001,416.3461199999999,359.32507363636364,5.266769570195794,2011-07,1,60.285714285714285,0,19,Potential Loyalists,Convert to loyal. Recently active but spending below their cohort. Targeted category offers and a second-order incentive are justified here.,Relative label: recent but below-panel-average value. Not 'new' - see New Customers.,5,1,1,7,0,1266,Shirley Schmidt,0,2011,20110714
SHUI_TOM,Consumer,EU,United States,2011-02-09,2014-12-25,38,15007.27106,2234.10296,394.9281857894737,14.886803543881614,2011-02,1,38.24324324324324,3,32,Champions,Protect. Highest value and most recently active. Give early access to new ranges and priority fulfilment; do NOT spend discount here - they already buy at the best margins.,Relative label: top recency and value quintiles within this 795-customer panel.,4,5,3,12,6,1421,Shui Tom,0,2011,20110209
SIBELLA_PARKS,Corporate,APAC,United States,2011-08-17,2014-12-15,24,7219.5187,749.227,300.8132791666667,10.37779706838352,2011-08,1,52.869565217391305,1,20,Potential Loyalists,Convert to loyal. Recently active but spending below their cohort. Targeted category offers and a second-order incentive are justified here.,Relative label: recent but below-panel-average value. Not 'new' - see New Customers.,3,1,1,5,16,1232,Sibella Parks,0,2011,20110817
SKYE_NORLING,Home Office,LATAM,United States,2011-02-18,2014-12-18,31,14218.814,-2637.9805,458.6714193548388,-18.552746382363537,2011-02,1,46.63333333333333,1,25,Loyal Customers,Grow basket size. Consistent buyers with room to move up. Cross-sell adjacent sub-categories and bundle the low-margin items they already buy.,Relative label: upper-middle recency and value within this panel.,3,3,3,9,13,1412,Skye Norling,1,2011,20110218
SONIA_COOLEY,Consumer,LATAM,Mexico,2011-05-21,2014-12-04,35,10013.4443,938.0016,286.0984085714286,9.367422156629962,2011-05,1,38.02941176470589,1,33,At Risk,"Reactivate now. Previously valuable, engagement slipping. Time-boxed win-back offer plus a service check - review whether returns or late shipments preceded the drop-off.","Relative label. Median dormancy is only ~28 days; this is the second-lowest recency quintile of a highly active panel, NOT evidence of churn.",2,4,1,7,27,1320,Sonia Cooley,0,2011,20110521
SONIA_SUNLEY,Consumer,APAC,United States,2011-08-05,2014-12-26,29,13121.8064,2370.1265,452.4760827586207,18.062501668977525,2011-08,1,44.25,1,26,Potential Loyalists,Convert to loyal. Recently active but spending below their cohort. Targeted category offers and a second-order incentive are justified here.,Relative label: recent but below-panel-average value. Not 'new' - see New Customers.,4,2,2,8,5,1244,Sonia Sunley,0,2011,20110805
SPEROS_GORANITIS,Consumer,APAC,United States,2011-01-24,2014-10-17,38,12944.60556,1541.10256,340.6475147368421,11.905365156603503,2011-01,1,36.810810810810814,2,32,Lost Customers,Reactivate cheaply or release. Longest dormancy in the panel. Use low-cost channels only; do not fund deep discounts to chase them.,"Relative label, and the most easily misread. Dormancy runs 36-428 days with a median near 49 - only 1 customer in the whole panel exceeds 180 days. These customers are not lost in any real sense; they are simply the least recent quintile.",1,5,2,8,75,1437,Speros Goranitis,0,2011,20110124
STEFANIA_PERRINO,Corporate,US,United States,2011-06-20,2014-12-26,36,19413.2387,17.041500000000962,539.2566305555556,0.0877828798344758,2011-06,1,36.71428571428572,3,31,Champions,Protect. Highest value and most recently active. Give early access to new ranges and priority fulfilment; do NOT spend discount here - they already buy at the best margins.,Relative label: top recency and value quintiles within this 795-customer panel.,4,4,4,12,5,1290,Stefania Perrino,0,2011,20110620
STEFANIE_HOLLOMAN,Corporate,LATAM,China,2011-04-20,2014-12-01,29,14205.7258,1978.1796,489.8526137931034,13.925227248860455,2011-04,1,47.17857142857143,0,25,At Risk,"Reactivate now. Previously valuable, engagement slipping. Time-boxed win-back offer plus a service check - review whether returns or late shipments preceded the drop-off.","Relative label. Median dormancy is only ~28 days; this is the second-lowest recency quintile of a highly active panel, NOT evidence of churn.",2,2,3,7,30,1351,Stefanie Holloman,0,2011,20110420
STEPHANIE_PHELPS,Corporate,US,United States,2011-02-01,2014-12-11,30,11148.76344,1682.80564,371.625448,15.094101234244144,2011-02,1,48.58620689655172,3,24,Potential Loyalists,Convert to loyal. Recently active but spending below their cohort. Targeted category offers and a second-order incentive are justified here.,Relative label: recent but below-panel-average value. Not 'new' - see New Customers.,3,2,1,6,20,1429,Stephanie Phelps,0,2011,20110201
STEPHANIE_ULPRIGHT,Home Office,US,United States,2011-06-07,2014-12-27,29,10773.594,510.2519000000002,371.5032413793104,4.736134478429391,2011-06,1,46.392857142857146,0,23,Potential Loyalists,Convert to loyal. Recently active but spending below their cohort. Targeted category offers and a second-order incentive are justified here.,Relative label: recent but below-panel-average value. Not 'new' - see New Customers.,5,2,1,8,4,1303,Stephanie Ulpright,0,2011,20110607
STEVEN_CARTWRIGHT,Consumer,US,United States,2011-06-03,2014-12-24,37,16919.91808,2066.03938,457.29508324324325,12.210693752956988,2011-06,1,36.11111111111112,2,30,Champions,Protect. Highest value and most recently active. Give early access to new ranges and priority fulfilment; do NOT spend discount here - they already buy at the best margins.,Relative label: top recency and value quintiles within this 795-customer panel.,4,5,4,13,7,1307,Steven Cartwright,0,2011,20110603
STEVEN_ROELLE,Home Office,APAC,United States,2011-02-21,2014-12-10,37,19374.3,4387.3584,523.6297297297297,22.64524860253016,2011-02,1,38.55555555555556,1,33,Loyal Customers,Grow basket size. Consistent buyers with room to move up. Cross-sell adjacent sub-categories and bundle the low-margin items they already buy.,Relative label: upper-middle recency and value within this panel.,3,5,4,12,21,1409,Steven Roelle,0,2011,20110221
STEVEN_WARD,Corporate,LATAM,Mexico,2011-06-02,2014-12-16,38,25668.486,2794.7316,675.4864736842105,10.887792914626909,2011-06,1,34.945945945945944,5,31,Loyal Customers,Grow basket size. Consistent buyers with room to move up. Cross-sell adjacent sub-categories and bundle the low-margin items they already buy.,Relative label: upper-middle recency and value within this panel.,3,5,5,13,15,1308,Steven Ward,0,2011,20110602
STEVE_CARROLL,Home Office,APAC,United States,2011-01-11,2014-12-10,35,19821.84528,1708.79308,566.3384365714286,8.620756825925543,2011-01,1,42.02941176470589,2,31,Loyal Customers,Grow basket size. Consistent buyers with room to move up. Cross-sell adjacent sub-categories and bundle the low-margin items they already buy.,Relative label: upper-middle recency and value within this panel.,3,4,4,11,21,1450,Steve Carroll,0,2011,20110111
STEVE_CHAPMAN,Corporate,APAC,United States,2011-05-05,2014-12-22,39,23399.9425,2165.6836,599.9985256410257,9.255080861843997,2011-05,1,34.921052631578945,1,35,Champions,Protect. Highest value and most recently active. Give early access to new ranges and priority fulfilment; do NOT spend discount here - they already buy at the best margins.,Relative label: top recency and value quintiles within this 795-customer panel.,4,5,5,14,9,1336,Steve Chapman,0,2011,20110505
STEVE_NGUYEN,Home Office,LATAM,United States,2011-01-14,2014-11-17,28,13406.18056,2384.85126,478.7921628571429,17.789192449903865,2011-01,1,51.96296296296296,1,24,Lost Customers,Reactivate cheaply or release. Longest dormancy in the panel. Use low-cost channels only; do not fund deep discounts to chase them.,"Relative label, and the most easily misread. Dormancy runs 36-428 days with a median near 49 - only 1 customer in the whole panel exceeds 180 days. These customers are not lost in any real sense; they are simply the least recent quintile.",1,2,2,5,44,1447,Steve Nguyen,0,2011,20110114
STEWART_CARMICHAEL,Corporate,APAC,United States,2011-03-11,2014-11-21,39,16528.322079999998,318.0876800000003,423.8031302564102,1.9245007355277797,2011-03,1,35.55263157894737,2,32,Lost Customers,Reactivate cheaply or release. Longest dormancy in the panel. Use low-cost channels only; do not fund deep discounts to chase them.,"Relative label, and the most easily misread. Dormancy runs 36-428 days with a median near 49 - only 1 customer in the whole panel exceeds 180 days. These customers are not lost in any real sense; they are simply the least recent quintile.",1,5,4,10,40,1391,Stewart Carmichael,0,2011,20110311
STEWART_VISINSKY,Consumer,US,United States,2011-01-03,2014-12-10,34,17232.3651,2182.7872999999995,506.8342676470588,12.6667888437438,2011-01,1,43.54545454545455,0,27,Loyal Customers,Grow basket size. Consistent buyers with room to move up. Cross-sell adjacent sub-categories and bundle the low-margin items they already buy.,Relative label: upper-middle recency and value within this panel.,3,4,4,11,21,1458,Stewart Visinsky,0,2011,20110103
STUART_CALHOUN,Consumer,EU,Germany,2011-01-13,2014-12-01,26,11410.5646,1276.3538,438.8678692307692,11.185719942376908,2011-01,1,56.72,2,24,At Risk,"Reactivate now. Previously valuable, engagement slipping. Time-boxed win-back offer plus a service check - review whether returns or late shipments preceded the drop-off.","Relative label. Median dormancy is only ~28 days; this is the second-lowest recency quintile of a highly active panel, NOT evidence of churn.",2,1,1,4,30,1448,Stuart Calhoun,0,2011,20110113
STUART_VAN,Corporate,LATAM,Mexico,2011-06-22,2014-12-23,33,22304.41318,978.6733800000004,675.8913084848484,4.387801517582901,2011-06,1,40.0,0,24,Champions,Protect. Highest value and most recently active. Give early access to new ranges and priority fulfilment; do NOT spend discount here - they already buy at the best margins.,Relative label: top recency and value quintiles within this 795-customer panel.,4,3,5,12,8,1288,Stuart Van,0,2011,20110622
SUE_ANN_REED,Consumer,US,United States,2011-01-25,2014-12-21,40,16495.05466,1354.70276,412.3763665,8.212781272468968,2011-01,1,36.56410256410256,2,30,Champions,Protect. Highest value and most recently active. Give early access to new ranges and priority fulfilment; do NOT spend discount here - they already buy at the best margins.,Relative label: top recency and value quintiles within this 795-customer panel.,4,5,4,13,10,1436,Sue Ann Reed,0,2011,20110125
SUNG_CHUNG,Consumer,LATAM,Mexico,2011-06-07,2014-12-23,28,11266.74502,1696.69872,402.3837507142857,15.059351365351128,2011-06,1,47.96296296296296,1,24,Potential Loyalists,Convert to loyal. Recently active but spending below their cohort. Targeted category offers and a second-order incentive are justified here.,Relative label: recent but below-panel-average value. Not 'new' - see New Customers.,4,2,1,7,8,1303,Sung Chung,0,2011,20110607
SUNG_PAK,Corporate,US,United States,2011-02-11,2014-11-07,28,13498.08846,1750.68106,482.0745878571428,12.9698443241644,2011-02,1,50.55555555555556,2,26,Lost Customers,Reactivate cheaply or release. Longest dormancy in the panel. Use low-cost channels only; do not fund deep discounts to chase them.,"Relative label, and the most easily misread. Dormancy runs 36-428 days with a median near 49 - only 1 customer in the whole panel exceeds 180 days. These customers are not lost in any real sense; they are simply the least recent quintile.",1,2,2,5,54,1419,Sung Pak,0,2011,20110211
SUNG_SHARIARI,Consumer,APAC,United States,2011-01-22,2014-12-17,25,5328.4648,-559.9772000000002,213.138592,-10.509165791993224,2011-01,1,59.375,0,21,Potential Loyalists,Convert to loyal. Recently active but spending below their cohort. Targeted category offers and a second-order incentive are justified here.,Relative label: recent but below-panel-average value. Not 'new' - see New Customers.,3,1,1,5,14,1439,Sung Shariari,1,2011,20110122
SUSAN_GILCREST,Corporate,APAC,United Kingdom,2011-03-30,2014-12-15,28,12685.08186,541.3085600000002,453.0386378571429,4.267284720541804,2011-03,1,50.22222222222222,1,22,Potential Loyalists,Convert to loyal. Recently active but spending below their cohort. Targeted category offers and a second-order incentive are justified here.,Relative label: recent but below-panel-average value. Not 'new' - see New Customers.,3,2,2,7,16,1372,Susan Gilcrest,0,2011,20110330
SUSAN_MACKENDRICK,Consumer,APAC,France,2011-02-07,2014-11-24,22,8630.4744,1528.2749,392.2942909090909,17.70788984670414,2011-02,1,66.0,1,17,Lost Customers,Reactivate cheaply or release. Longest dormancy in the panel. Use low-cost channels only; do not fund deep discounts to chase them.,"Relative label, and the most easily misread. Dormancy runs 36-428 days with a median near 49 - only 1 customer in the whole panel exceeds 180 days. These customers are not lost in any real sense; they are simply the least recent quintile.",1,1,1,3,37,1423,Susan MacKendrick,0,2011,20110207
SUSAN_PISTEK,Consumer,EU,United States,2011-09-08,2014-12-25,32,29020.603860000003,6484.40726,906.893870625,22.344150009013628,2011-09,1,38.83870967741935,5,28,Champions,Protect. Highest value and most recently active. Give early access to new ranges and priority fulfilment; do NOT spend discount here - they already buy at the best margins.,Relative label: top recency and value quintiles within this 795-customer panel.,4,3,5,12,6,1210,Susan Pistek,0,2011,20110908
SUSAN_VITTORINI,Consumer,APAC,United States,2011-03-16,2014-12-31,31,15685.4387,668.4789000000001,505.9818935483871,4.261780067394609,2011-03,1,46.2,1,29,Loyal Customers,Grow basket size. Consistent buyers with room to move up. Cross-sell adjacent sub-categories and bundle the low-margin items they already buy.,Relative label: upper-middle recency and value within this panel.,5,3,3,11,0,1386,Susan Vittorini,0,2011,20110316
SUZANNE_MCNAIR,Corporate,US,United States,2011-01-20,2014-12-06,38,12889.08614,1170.85834,339.18647736842104,9.084106718523335,2011-01,1,38.270270270270274,4,29,At Risk,"Reactivate now. Previously valuable, engagement slipping. Time-boxed win-back offer plus a service check - review whether returns or late shipments preceded the drop-off.","Relative label. Median dormancy is only ~28 days; this is the second-lowest recency quintile of a highly active panel, NOT evidence of churn.",2,5,2,9,25,1441,Suzanne McNair,0,2011,20110120
SYLVIA_FOULSTON,Corporate,US,United States,2011-08-17,2014-11-13,23,9253.9828,1895.183,402.3470782608696,20.479646882421264,2011-08,1,53.81818181818182,0,17,Lost Customers,Reactivate cheaply or release. Longest dormancy in the panel. Use low-cost channels only; do not fund deep discounts to chase them.,"Relative label, and the most easily misread. Dormancy runs 36-428 days with a median near 49 - only 1 customer in the whole panel exceeds 180 days. These customers are not lost in any real sense; they are simply the least recent quintile.",1,1,1,3,48,1232,Sylvia Foulston,0,2011,20110817
TAMARA_CHAND,Corporate,LATAM,United States,2011-05-06,2014-12-04,36,37457.333,8672.898899999998,1040.4814722222222,23.15407479758369,2011-05,1,37.371428571428574,1,28,At Risk,"Reactivate now. Previously valuable, engagement slipping. Time-boxed win-back offer plus a service check - review whether returns or late shipments preceded the drop-off.","Relative label. Median dormancy is only ~28 days; this is the second-lowest recency quintile of a highly active panel, NOT evidence of churn.",2,4,5,11,27,1335,Tamara Chand,0,2011,20110506
TAMARA_DAHLEN,Consumer,US,United States,2011-05-19,2014-12-31,28,7704.5655,-948.1228,275.1630535714286,-12.305986625722111,2011-05,1,48.96296296296296,2,25,Potential Loyalists,Convert to loyal. Recently active but spending below their cohort. Targeted category offers and a second-order incentive are justified here.,Relative label: recent but below-panel-average value. Not 'new' - see New Customers.,5,2,1,8,0,1322,Tamara Dahlen,1,2011,20110519
TAMARA_MANNING,Consumer,EU,United States,2011-02-22,2014-10-28,30,14459.6286,1928.1339,481.98762,13.33460183064453,2011-02,1,46.3448275862069,1,27,Lost Customers,Reactivate cheaply or release. Longest dormancy in the panel. Use low-cost channels only; do not fund deep discounts to chase them.,"Relative label, and the most easily misread. Dormancy runs 36-428 days with a median near 49 - only 1 customer in the whole panel exceeds 180 days. These customers are not lost in any real sense; they are simply the least recent quintile.",1,2,3,6,64,1408,Tamara Manning,0,2011,20110222
TAMARA_WILLINGHAM,Home Office,EU,United States,2011-01-17,2014-12-12,35,14255.0056,3275.0801,407.2858742857143,22.97494783165851,2011-01,1,41.91176470588236,4,27,Loyal Customers,Grow basket size. Consistent buyers with room to move up. Cross-sell adjacent sub-categories and bundle the low-margin items they already buy.,Relative label: upper-middle recency and value within this panel.,3,4,3,10,19,1444,Tamara Willingham,0,2011,20110117
TANJA_NORVELL,Home Office,LATAM,United States,2011-01-11,2014-12-09,31,9597.61404,-706.18216,309.6004529032258,-7.357892878968072,2011-01,1,47.6,1,29,At Risk,"Reactivate now. Previously valuable, engagement slipping. Time-boxed win-back offer plus a service check - review whether returns or late shipments preceded the drop-off.","Relative label. Median dormancy is only ~28 days; this is the second-lowest recency quintile of a highly active panel, NOT evidence of churn.",2,3,1,6,22,1450,Tanja Norvell,1,2011,20110111
TED_BUTTERFIELD,Consumer,LATAM,United States,2011-01-14,2014-11-26,32,16026.84872,1559.2690199999995,500.8390225,9.729105498164332,2011-01,1,45.54838709677419,5,29,At Risk,"Reactivate now. Previously valuable, engagement slipping. Time-boxed win-back offer plus a service check - review whether returns or late shipments preceded the drop-off.","Relative label. Median dormancy is only ~28 days; this is the second-lowest recency quintile of a highly active panel, NOT evidence of churn.",2,3,3,8,35,1447,Ted Butterfield,0,2011,20110114
TED_TREVINO,Consumer,APAC,United States,2011-04-26,2014-12-17,33,17245.3939,2320.3586,522.587693939394,13.454946946732251,2011-04,1,41.59375,1,31,Loyal Customers,Grow basket size. Consistent buyers with room to move up. Cross-sell adjacent sub-categories and bundle the low-margin items they already buy.,Relative label: upper-middle recency and value within this panel.,3,3,4,10,14,1345,Ted Trevino,0,2011,20110426
THAIS_SISSMAN,Consumer,LATAM,Brazil,2011-03-03,2014-11-20,27,6785.8894,1109.5608000000002,251.32923703703705,16.3510003567108,2011-03,1,52.23076923076923,1,19,Lost Customers,Reactivate cheaply or release. Longest dormancy in the panel. Use low-cost channels only; do not fund deep discounts to chase them.,"Relative label, and the most easily misread. Dormancy runs 36-428 days with a median near 49 - only 1 customer in the whole panel exceeds 180 days. These customers are not lost in any real sense; they are simply the least recent quintile.",1,1,1,3,41,1399,Thais Sissman,0,2011,20110303
THEA_HENDRICKS,Consumer,APAC,United States,2011-03-26,2014-12-25,31,15541.0626,1952.4961,501.3246,12.563465898400024,2011-03,1,45.66666666666666,1,27,Loyal Customers,Grow basket size. Consistent buyers with room to move up. Cross-sell adjacent sub-categories and bundle the low-margin items they already buy.,Relative label: upper-middle recency and value within this panel.,4,3,3,10,6,1376,Thea Hendricks,0,2011,20110326
THEA_HUDGINGS,Corporate,LATAM,Mexico,2011-04-05,2014-11-18,31,15353.79368,2265.68778,495.2836670967742,14.756533969525115,2011-04,1,44.1,0,25,Lost Customers,Reactivate cheaply or release. Longest dormancy in the panel. Use low-cost channels only; do not fund deep discounts to chase them.,"Relative label, and the most easily misread. Dormancy runs 36-428 days with a median near 49 - only 1 customer in the whole panel exceeds 180 days. These customers are not lost in any real sense; they are simply the least recent quintile.",1,3,3,7,43,1366,Thea Hudgings,0,2011,20110405
THEONE_PIPPENGER,Consumer,LATAM,United States,2011-10-15,2014-12-29,43,23959.02628,2073.88638,557.1866576744186,8.655971055598341,2011-10,1,27.88095238095238,2,37,Champions,Protect. Highest value and most recently active. Give early access to new ranges and priority fulfilment; do NOT spend discount here - they already buy at the best margins.,Relative label: top recency and value quintiles within this 795-customer panel.,5,5,5,15,2,1173,Theone Pippenger,0,2011,20111015
THERESA_COYNE,Corporate,APAC,Mexico,2011-09-27,2014-12-20,35,22219.86906,3359.81226,634.8534017142857,15.120756341666755,2011-09,1,34.705882352941174,0,25,Champions,Protect. Highest value and most recently active. Give early access to new ranges and priority fulfilment; do NOT spend discount here - they already buy at the best margins.,Relative label: top recency and value quintiles within this 795-customer panel.,4,4,5,13,11,1191,Theresa Coyne,0,2011,20110927
THERESA_SWINT,Corporate,EU,United States,2011-02-03,2014-12-23,27,7936.012000000001,1134.0223999999998,293.9263703703704,14.289575166973032,2011-02,1,54.57692307692308,3,22,Potential Loyalists,Convert to loyal. Recently active but spending below their cohort. Targeted category offers and a second-order incentive are justified here.,Relative label: recent but below-panel-average value. Not 'new' - see New Customers.,4,1,1,6,8,1427,Theresa Swint,0,2011,20110203
THOMAS_BOLAND,Corporate,LATAM,United States,2011-08-12,2014-11-22,31,17423.9244,2286.4019000000003,562.0620774193549,13.12219823451484,2011-08,1,39.93333333333333,0,27,Lost Customers,Reactivate cheaply or release. Longest dormancy in the panel. Use low-cost channels only; do not fund deep discounts to chase them.,"Relative label, and the most easily misread. Dormancy runs 36-428 days with a median near 49 - only 1 customer in the whole panel exceeds 180 days. These customers are not lost in any real sense; they are simply the least recent quintile.",1,3,4,8,39,1237,Thomas Boland,0,2011,20110812
THOMAS_BRUMLEY,Home Office,APAC,United States,2011-03-25,2014-11-12,21,11801.84152,2052.31132,561.9924533333333,17.389754950717215,2011-03,1,66.4,1,17,Lost Customers,Reactivate cheaply or release. Longest dormancy in the panel. Use low-cost channels only; do not fund deep discounts to chase them.,"Relative label, and the most easily misread. Dormancy runs 36-428 days with a median near 49 - only 1 customer in the whole panel exceeds 180 days. These customers are not lost in any real sense; they are simply the least recent quintile.",1,1,2,4,49,1377,Thomas Brumley,0,2011,20110325
THOMAS_SEIO,Corporate,APAC,United States,2011-01-12,2014-12-05,35,14530.27092,2349.54862,415.15059771428577,16.170026236510115,2011-01,1,41.85294117647059,2,32,At Risk,"Reactivate now. Previously valuable, engagement slipping. Time-boxed win-back offer plus a service check - review whether returns or late shipments preceded the drop-off.","Relative label. Median dormancy is only ~28 days; this is the second-lowest recency quintile of a highly active panel, NOT evidence of churn.",2,4,3,9,26,1449,Thomas Seio,0,2011,20110112
THOMAS_THORNTON,Consumer,US,United States,2011-06-20,2014-12-26,31,15050.96416,1661.20726,485.5149729032258,11.037214907566426,2011-06,1,42.833333333333336,1,22,Loyal Customers,Grow basket size. Consistent buyers with room to move up. Cross-sell adjacent sub-categories and bundle the low-margin items they already buy.,Relative label: upper-middle recency and value within this panel.,4,3,3,10,5,1290,Thomas Thornton,0,2011,20110620
TIFFANY_HOUSE,Corporate,EU,United States,2011-01-10,2014-12-23,36,16797.599,1656.2869999999998,466.59997222222216,9.860260386023024,2011-01,1,41.22857142857143,1,26,Champions,Protect. Highest value and most recently active. Give early access to new ranges and priority fulfilment; do NOT spend discount here - they already buy at the best margins.,Relative label: top recency and value quintiles within this 795-customer panel.,4,4,4,12,8,1451,Tiffany House,0,2011,20110110
TIM_BROCKMAN,Consumer,EMEA,United States,2011-08-25,2014-12-30,43,19100.9267,3065.7062,444.2075976744186,16.050039080041074,2011-08,1,29.11904761904762,1,28,Champions,Protect. Highest value and most recently active. Give early access to new ranges and priority fulfilment; do NOT spend discount here - they already buy at the best margins.,Relative label: top recency and value quintiles within this 795-customer panel.,5,5,4,14,1,1224,Tim Brockman,0,2011,20110825
TIM_TASLIMI,Corporate,LATAM,South Africa,2011-05-09,2014-12-30,29,9779.68,1284.8362,337.23034482758624,13.137814325213093,2011-05,1,47.535714285714285,1,20,Potential Loyalists,Convert to loyal. Recently active but spending below their cohort. Targeted category offers and a second-order incentive are justified here.,Relative label: recent but below-panel-average value. Not 'new' - see New Customers.,5,2,1,8,1,1332,Tim Taslimi,0,2011,20110509
TOBY_BRAUNHARDT,Consumer,LATAM,United States,2011-01-01,2014-11-04,35,11701.33466,1247.4613599999998,334.32384742857147,10.66084678583152,2011-01,1,41.26470588235294,2,26,Lost Customers,Reactivate cheaply or release. Longest dormancy in the panel. Use low-cost channels only; do not fund deep discounts to chase them.,"Relative label, and the most easily misread. Dormancy runs 36-428 days with a median near 49 - only 1 customer in the whole panel exceeds 180 days. These customers are not lost in any real sense; they are simply the least recent quintile.",1,4,2,7,57,1460,Toby Braunhardt,0,2011,20110101
TOBY_CARLISLE,Consumer,EU,United States,2011-02-14,2014-12-19,34,20122.8061,1497.4768,591.8472382352941,7.441689755187773,2011-02,1,42.54545454545455,3,29,Loyal Customers,Grow basket size. Consistent buyers with room to move up. Cross-sell adjacent sub-categories and bundle the low-margin items they already buy.,Relative label: upper-middle recency and value within this panel.,3,4,5,12,12,1416,Toby Carlisle,0,2011,20110214
TOBY_GNADE,Consumer,EU,France,2011-02-14,2014-12-17,35,13019.6486,2986.457,371.98996,22.938076838725124,2011-02,1,41.23529411764706,2,32,Loyal Customers,Grow basket size. Consistent buyers with room to move up. Cross-sell adjacent sub-categories and bundle the low-margin items they already buy.,Relative label: upper-middle recency and value within this panel.,3,4,2,9,14,1416,Toby Gnade,0,2011,20110214
TOBY_RITTER,Consumer,APAC,United States,2011-01-20,2014-12-30,26,12428.90306,2436.90546,478.0347330769231,19.60676214333592,2011-01,1,57.6,1,22,Potential Loyalists,Convert to loyal. Recently active but spending below their cohort. Targeted category offers and a second-order incentive are justified here.,Relative label: recent but below-panel-average value. Not 'new' - see New Customers.,5,1,2,8,1,1441,Toby Ritter,0,2011,20110120
TOBY_SWINDELL,Consumer,LATAM,United States,2011-01-20,2014-12-23,36,18628.34548,2602.96458,517.4540411111111,13.973138853338464,2011-01,1,40.94285714285714,0,31,Champions,Protect. Highest value and most recently active. Give early access to new ranges and priority fulfilment; do NOT spend discount here - they already buy at the best margins.,Relative label: top recency and value quintiles within this 795-customer panel.,4,4,4,12,8,1441,Toby Swindell,0,2011,20110120
TODD_BOYES,Corporate,LATAM,United States,2011-06-07,2014-12-17,28,9643.275,772.014,344.40267857142857,8.005724196395935,2011-06,1,47.74074074074074,1,20,Potential Loyalists,Convert to loyal. Recently active but spending below their cohort. Targeted category offers and a second-order incentive are justified here.,Relative label: recent but below-panel-average value. Not 'new' - see New Customers.,3,2,1,6,14,1303,Todd Boyes,0,2011,20110607
TODD_SUMRALL,Corporate,EU,United States,2011-01-27,2014-12-13,37,27775.262,5093.9654,750.6827567567567,18.33993645136453,2011-01,1,39.333333333333336,1,27,Loyal Customers,Grow basket size. Consistent buyers with room to move up. Cross-sell adjacent sub-categories and bundle the low-margin items they already buy.,Relative label: upper-middle recency and value within this panel.,3,5,5,13,18,1434,Todd Sumrall,0,2011,20110127
TOM_ASHBROOK,Home Office,EU,France,2011-06-28,2014-12-23,30,40488.0708,6311.979099999999,1349.60236,15.589725505024552,2011-06,1,43.93103448275862,0,25,Loyal Customers,Grow basket size. Consistent buyers with room to move up. Cross-sell adjacent sub-categories and bundle the low-margin items they already buy.,Relative label: upper-middle recency and value within this panel.,4,2,5,11,8,1282,Tom Ashbrook,0,2011,20110628
TOM_BOECKENHAUER,Consumer,LATAM,United States,2011-01-22,2014-12-06,35,24479.311,4196.3499,699.4088857142857,17.142434686989354,2011-01,1,41.588235294117645,1,26,At Risk,"Reactivate now. Previously valuable, engagement slipping. Time-boxed win-back offer plus a service check - review whether returns or late shipments preceded the drop-off.","Relative label. Median dormancy is only ~28 days; this is the second-lowest recency quintile of a highly active panel, NOT evidence of churn.",2,4,5,11,25,1439,Tom Boeckenhauer,0,2011,20110122
TOM_PRESCOTT,Consumer,APAC,United States,2011-02-09,2014-11-13,26,12877.67182,346.18721999999974,495.29507,2.688274905890557,2011-02,1,54.92,1,22,Lost Customers,Reactivate cheaply or release. Longest dormancy in the panel. Use low-cost channels only; do not fund deep discounts to chase them.,"Relative label, and the most easily misread. Dormancy runs 36-428 days with a median near 49 - only 1 customer in the whole panel exceeds 180 days. These customers are not lost in any real sense; they are simply the least recent quintile.",1,1,2,4,48,1421,Tom Prescott,0,2011,20110209
TOM_STIVERS,Corporate,APAC,United States,2011-02-04,2014-12-12,29,15344.9966,2364.9883,529.1378137931034,15.41211354846439,2011-02,1,50.25,2,22,Potential Loyalists,Convert to loyal. Recently active but spending below their cohort. Targeted category offers and a second-order incentive are justified here.,Relative label: recent but below-panel-average value. Not 'new' - see New Customers.,3,2,3,8,19,1426,Tom Stivers,0,2011,20110204
TOM_ZANDUSKY,Corporate,LATAM,Australia,2011-03-12,2014-12-23,35,15346.8114,367.4914000000002,438.48032571428575,2.394578198830281,2011-03,1,40.64705882352941,3,28,Loyal Customers,Grow basket size. Consistent buyers with room to move up. Cross-sell adjacent sub-categories and bundle the low-margin items they already buy.,Relative label: upper-middle recency and value within this panel.,4,4,3,11,8,1390,Tom Zandusky,0,2011,20110312
TONJA_TURNELL,Home Office,LATAM,United States,2011-03-10,2014-12-19,40,20081.79746,2230.78936,502.04493650000006,11.108514386938744,2011-03,1,35.38461538461539,0,32,Loyal Customers,Grow basket size. Consistent buyers with room to move up. Cross-sell adjacent sub-categories and bundle the low-margin items they already buy.,Relative label: upper-middle recency and value within this panel.,3,5,5,13,12,1392,Tonja Turnell,0,2011,20110310
TONY_CHAPMAN,Home Office,APAC,United States,2011-05-06,2014-12-30,38,12630.28056,1401.12856,332.3758042105263,11.093408046986408,2011-05,1,36.054054054054056,0,29,Loyal Customers,Grow basket size. Consistent buyers with room to move up. Cross-sell adjacent sub-categories and bundle the low-margin items they already buy.,Relative label: upper-middle recency and value within this panel.,5,5,2,12,1,1335,Tony Chapman,0,2011,20110506
TONY_MOLINARI,Consumer,APAC,France,2011-04-02,2014-11-21,35,15971.8783,1500.9712999999997,456.33938,9.397587884200192,2011-04,1,39.088235294117645,2,27,Lost Customers,Reactivate cheaply or release. Longest dormancy in the panel. Use low-cost channels only; do not fund deep discounts to chase them.,"Relative label, and the most easily misread. Dormancy runs 36-428 days with a median near 49 - only 1 customer in the whole panel exceeds 180 days. These customers are not lost in any real sense; they are simply the least recent quintile.",1,4,3,8,40,1369,Tony Molinari,0,2011,20110402
TONY_SAYRE,Consumer,APAC,United States,2011-03-23,2014-12-20,31,19737.3623,2149.3461999999995,636.6891064516128,10.889733731036593,2011-03,1,45.6,1,27,Loyal Customers,Grow basket size. Consistent buyers with room to move up. Cross-sell adjacent sub-categories and bundle the low-margin items they already buy.,Relative label: upper-middle recency and value within this panel.,4,3,4,11,11,1379,Tony Sayre,0,2011,20110323
TRACY_BLUMSTEIN,Consumer,APAC,United States,2011-05-07,2014-12-13,45,20708.28272,257.3616199999996,460.1840604444444,1.2427955687095216,2011-05,1,29.90909090909091,2,34,Loyal Customers,Grow basket size. Consistent buyers with room to move up. Cross-sell adjacent sub-categories and bundle the low-margin items they already buy.,Relative label: upper-middle recency and value within this panel.,3,5,5,13,18,1334,Tracy Blumstein,0,2011,20110507
TRACY_COLLINS,Home Office,LATAM,United States,2011-09-08,2014-12-31,34,11103.0321,382.9971000000005,326.55976764705883,3.449482056347477,2011-09,1,36.66666666666666,4,30,Potential Loyalists,Convert to loyal. Recently active but spending below their cohort. Targeted category offers and a second-order incentive are justified here.,Relative label: recent but below-panel-average value. Not 'new' - see New Customers.,5,4,1,10,0,1210,Tracy Collins,0,2011,20110908
TRACY_HOPKINS,Home Office,LATAM,United States,2011-02-25,2014-12-26,31,13092.7363,-733.7475000000005,422.3463322580645,-5.604233394664799,2011-02,1,46.66666666666666,1,26,Potential Loyalists,Convert to loyal. Recently active but spending below their cohort. Targeted category offers and a second-order incentive are justified here.,Relative label: recent but below-panel-average value. Not 'new' - see New Customers.,4,3,2,9,5,1405,Tracy Hopkins,1,2011,20110225
TRACY_PODDAR,Corporate,EU,France,2011-02-15,2014-12-17,35,13287.1713,1795.66,379.6334657142857,13.514238354103252,2011-02,1,41.20588235294117,2,30,Loyal Customers,Grow basket size. Consistent buyers with room to move up. Cross-sell adjacent sub-categories and bundle the low-margin items they already buy.,Relative label: upper-middle recency and value within this panel.,3,4,2,9,14,1415,Tracy Poddar,0,2011,20110215
TRACY_ZIC,Consumer,LATAM,Germany,2011-02-16,2014-11-26,24,10858.5418,-80.11549999999991,452.4392416666667,-0.7378108541240768,2011-02,1,59.95652173913044,0,19,At Risk,"Reactivate now. Previously valuable, engagement slipping. Time-boxed win-back offer plus a service check - review whether returns or late shipments preceded the drop-off.","Relative label. Median dormancy is only ~28 days; this is the second-lowest recency quintile of a highly active panel, NOT evidence of churn.",2,1,1,4,35,1414,Tracy Zic,1,2011,20110216
TROY_BLACKWELL,Consumer,APAC,United States,2011-02-19,2014-12-03,30,9190.059,1438.6509,306.3353,15.654425069523494,2011-02,1,47.689655172413794,2,26,At Risk,"Reactivate now. Previously valuable, engagement slipping. Time-boxed win-back offer plus a service check - review whether returns or late shipments preceded the drop-off.","Relative label. Median dormancy is only ~28 days; this is the second-lowest recency quintile of a highly active panel, NOT evidence of churn.",2,2,1,5,28,1411,Troy Blackwell,0,2011,20110219
TROY_STAEBEL,Consumer,LATAM,United States,2011-01-31,2014-12-11,35,22577.09,1719.5679,645.0597142857143,7.616428423680819,2011-01,1,41.47058823529412,1,30,Loyal Customers,Grow basket size. Consistent buyers with room to move up. Cross-sell adjacent sub-categories and bundle the low-margin items they already buy.,Relative label: upper-middle recency and value within this panel.,3,4,5,12,20,1430,Troy Staebel,0,2011,20110131
TRUDY_BROWN,Consumer,APAC,United States,2011-02-15,2014-12-01,36,15076.9491,1500.6631000000002,418.8041416666667,9.95336052437824,2011-02,1,39.57142857142857,1,31,At Risk,"Reactivate now. Previously valuable, engagement slipping. Time-boxed win-back offer plus a service check - review whether returns or late shipments preceded the drop-off.","Relative label. Median dormancy is only ~28 days; this is the second-lowest recency quintile of a highly active panel, NOT evidence of churn.",2,4,3,9,30,1415,Trudy Brown,0,2011,20110215
TRUDY_GLOCKE,Consumer,EU,Brazil,2011-03-31,2014-12-26,42,18880.3103,3096.2398000000003,449.5311976190477,16.399305683021534,2011-03,1,33.31707317073171,2,33,Champions,Protect. Highest value and most recently active. Give early access to new ranges and priority fulfilment; do NOT spend discount here - they already buy at the best margins.,Relative label: top recency and value quintiles within this 795-customer panel.,4,5,4,13,5,1371,Trudy Glocke,0,2011,20110331
TRUDY_SCHMIDT,Consumer,EU,United States,2011-08-25,2014-10-08,30,9978.3372,1025.6195,332.61124,10.27846102454826,2011-08,1,39.310344827586206,2,24,Lost Customers,Reactivate cheaply or release. Longest dormancy in the panel. Use low-cost channels only; do not fund deep discounts to chase them.,"Relative label, and the most easily misread. Dormancy runs 36-428 days with a median near 49 - only 1 customer in the whole panel exceeds 180 days. These customers are not lost in any real sense; they are simply the least recent quintile.",1,2,1,4,84,1224,Trudy Schmidt,0,2011,20110825
VALERIE_DOMINGUEZ,Consumer,EMEA,United States,2011-05-02,2014-12-31,30,15984.9224,2031.9158,532.8307466666666,12.711452387157038,2011-05,1,46.172413793103445,3,21,Potential Loyalists,Convert to loyal. Recently active but spending below their cohort. Targeted category offers and a second-order incentive are justified here.,Relative label: recent but below-panel-average value. Not 'new' - see New Customers.,5,2,3,10,0,1339,Valerie Dominguez,0,2011,20110502
VALERIE_MITCHUM,Home Office,APAC,United States,2011-03-25,2014-12-18,38,14567.10032,-1645.7987800000003,383.3447452631579,-11.298053448155292,2011-03,1,36.86486486486486,5,32,Loyal Customers,Grow basket size. Consistent buyers with room to move up. Cross-sell adjacent sub-categories and bundle the low-margin items they already buy.,Relative label: upper-middle recency and value within this panel.,3,5,3,11,13,1377,Valerie Mitchum,1,2011,20110325
VALERIE_TAKAHITO,Home Office,APAC,Indonesia,2011-06-06,2014-12-24,32,19370.7481,1090.7832,605.335878125,5.631084532042414,2011-06,1,41.83870967741935,4,25,Loyal Customers,Grow basket size. Consistent buyers with room to move up. Cross-sell adjacent sub-categories and bundle the low-margin items they already buy.,Relative label: upper-middle recency and value within this panel.,4,3,4,11,7,1304,Valerie Takahito,0,2011,20110606
VICKY_FREYMANN,Home Office,APAC,United States,2011-03-01,2014-12-18,28,12602.485,26.11299999999987,450.08875,0.2072051662826805,2011-03,1,51.407407407407405,2,24,Potential Loyalists,Convert to loyal. Recently active but spending below their cohort. Targeted category offers and a second-order incentive are justified here.,Relative label: recent but below-panel-average value. Not 'new' - see New Customers.,3,2,2,7,13,1401,Vicky Freymann,0,2011,20110301
VICTORIA_BRENNAN,Corporate,APAC,United States,2011-06-27,2014-12-27,25,10744.68,908.5637999999998,429.7872,8.455940986609185,2011-06,1,53.29166666666666,1,21,Potential Loyalists,Convert to loyal. Recently active but spending below their cohort. Targeted category offers and a second-order incentive are justified here.,Relative label: recent but below-panel-average value. Not 'new' - see New Customers.,5,1,1,7,4,1283,Victoria Brennan,0,2011,20110627
VICTORIA_PISTEKA,Corporate,APAC,United States,2011-04-01,2014-10-17,31,18551.2255,2390.8627,598.4266290322581,12.887896274022436,2011-04,1,43.16666666666666,0,28,Lost Customers,Reactivate cheaply or release. Longest dormancy in the panel. Use low-cost channels only; do not fund deep discounts to chase them.,"Relative label, and the most easily misread. Dormancy runs 36-428 days with a median near 49 - only 1 customer in the whole panel exceeds 180 days. These customers are not lost in any real sense; they are simply the least recent quintile.",1,3,4,8,75,1370,Victoria Pisteka,0,2011,20110401
VICTORIA_WILSON,Corporate,APAC,United States,2011-05-11,2014-12-25,35,17038.5434,294.38089999999977,486.8155257142857,1.7277351302224568,2011-05,1,38.94117647058823,2,30,Champions,Protect. Highest value and most recently active. Give early access to new ranges and priority fulfilment; do NOT spend discount here - they already buy at the best margins.,Relative label: top recency and value quintiles within this 795-customer panel.,4,4,4,12,6,1330,Victoria Wilson,0,2011,20110511
VICTOR_PREIS,Home Office,APAC,India,2011-06-09,2014-12-03,33,12061.269,2232.7958,365.493,18.51211344345276,2011-06,1,39.78125,0,29,At Risk,"Reactivate now. Previously valuable, engagement slipping. Time-boxed win-back offer plus a service check - review whether returns or late shipments preceded the drop-off.","Relative label. Median dormancy is only ~28 days; this is the second-lowest recency quintile of a highly active panel, NOT evidence of churn.",2,3,2,7,28,1301,Victor Preis,0,2011,20110609
VIVEK_GONZALEZ,Consumer,APAC,United States,2011-01-18,2014-09-12,31,10294.7785,-364.42469999999975,332.089629032258,-3.5398984057792,2011-01,1,44.43333333333333,0,27,Lost Customers,Reactivate cheaply or release. Longest dormancy in the panel. Use low-cost channels only; do not fund deep discounts to chase them.,"Relative label, and the most easily misread. Dormancy runs 36-428 days with a median near 49 - only 1 customer in the whole panel exceeds 180 days. These customers are not lost in any real sense; they are simply the least recent quintile.",1,3,1,5,110,1443,Vivek Gonzalez,1,2011,20110118
VIVEK_GRADY,Corporate,APAC,United States,2011-06-16,2014-12-29,27,23763.59116,4046.90616,880.1330059259259,17.02985938763306,2011-06,1,49.69230769230769,0,23,Loyal Customers,Grow basket size. Consistent buyers with room to move up. Cross-sell adjacent sub-categories and bundle the low-margin items they already buy.,Relative label: upper-middle recency and value within this panel.,5,1,5,11,2,1294,Vivek Grady,0,2011,20110616
VIVEK_SUNDARESAM,Consumer,EU,United States,2011-01-08,2014-12-09,22,11411.989,1586.6186999999998,518.7267727272728,13.90308648211981,2011-01,1,68.14285714285714,1,15,At Risk,"Reactivate now. Previously valuable, engagement slipping. Time-boxed win-back offer plus a service check - review whether returns or late shipments preceded the drop-off.","Relative label. Median dormancy is only ~28 days; this is the second-lowest recency quintile of a highly active panel, NOT evidence of churn.",2,1,1,4,22,1453,Vivek Sundaresam,0,2011,20110108
VIVIAN_MATHIS,Consumer,APAC,United States,2011-01-17,2014-12-23,23,3892.227,656.9143,169.2272608695652,16.877594754879404,2011-01,1,65.27272727272727,0,20,Potential Loyalists,Convert to loyal. Recently active but spending below their cohort. Targeted category offers and a second-order incentive are justified here.,Relative label: recent but below-panel-average value. Not 'new' - see New Customers.,4,1,1,6,8,1444,Vivian Mathis,0,2011,20110117
WILLIAM_BROWN,Consumer,US,United States,2011-05-16,2014-12-11,40,16887.1932,2547.9023,422.17983,15.087778471084226,2011-05,1,33.46153846153846,1,38,Loyal Customers,Grow basket size. Consistent buyers with room to move up. Cross-sell adjacent sub-categories and bundle the low-margin items they already buy.,Relative label: upper-middle recency and value within this panel.,3,5,4,12,20,1325,William Brown,0,2011,20110516
XYLONA_PREIS,Consumer,US,United States,2011-01-21,2014-11-18,30,12198.9506,1304.7225999999998,406.63168666666667,10.69536751792404,2011-01,1,48.172413793103445,4,27,Lost Customers,Reactivate cheaply or release. Longest dormancy in the panel. Use low-cost channels only; do not fund deep discounts to chase them.,"Relative label, and the most easily misread. Dormancy runs 36-428 days with a median near 49 - only 1 customer in the whole panel exceeds 180 days. These customers are not lost in any real sense; they are simply the least recent quintile.",1,2,2,5,43,1440,Xylona Preis,0,2011,20110121
YANA_SORENSEN,Corporate,LATAM,United States,2011-03-03,2014-12-27,32,20032.438,3450.4063,626.0136875,17.224095739120724,2011-03,1,45.0,2,26,Champions,Protect. Highest value and most recently active. Give early access to new ranges and priority fulfilment; do NOT spend discount here - they already buy at the best margins.,Relative label: top recency and value quintiles within this 795-customer panel.,5,3,5,13,4,1399,Yana Sorensen,0,2011,20110303
YOSEPH_CARROLL,Corporate,EU,France,2011-02-09,2014-12-27,31,20164.3776,4347.1766,650.4637935483871,21.558694675505382,2011-02,1,47.23333333333333,1,27,Champions,Protect. Highest value and most recently active. Give early access to new ranges and priority fulfilment; do NOT spend discount here - they already buy at the best margins.,Relative label: top recency and value quintiles within this 795-customer panel.,5,3,5,13,4,1421,Yoseph Carroll,0,2011,20110209
ZUSCHUSS_CARROLL,Consumer,US,United States,2011-09-23,2014-12-28,38,28479.99226,436.9362599999991,749.4734805263157,1.534186723125181,2011-09,1,32.21621621621622,2,37,Champions,Protect. Highest value and most recently active. Give early access to new ranges and priority fulfilment; do NOT spend discount here - they already buy at the best margins.,Relative label: top recency and value quintiles within this 795-customer panel.,5,5,5,15,3,1195,Zuschuss Carroll,0,2011,20110923
ZUSCHUSS_DONATELLI,Consumer,EU,United States,2011-02-21,2014-12-30,29,12430.5704,201.73710000000008,428.64035862068965,1.6229110451761737,2011-02,1,50.285714285714285,2,20,Potential Loyalists,Convert to loyal. Recently active but spending below their cohort. Targeted category offers and a second-order incentive are justified here.,Relative label: recent but below-panel-average value. Not 'new' - see New Customers.,5,2,2,9,1,1409,Zuschuss Donatelli,0,2011,20110221
